"","GlobalID","OBJECTID","Date","CreationDate","EditDate","Interviewer","Transect","Access","ScreenOne","ScreenTwo","Agreement","TotDaysInArea","BoatAccess","DaysOnBoat","DaysOnShore","DaysOnShore_Other","TimesInTwenty","TimesInNineteen","TimesInNineteen_Other","Covid","x","y","MetaComments","SurveyType","SurveyType_two","Shift"
"1","0013d533-1167-4438-83e7-008fddab2339",132,"10/01/20","10/01/20 07:23","10/01/20 07:23","Gabby","Bundegi","BunBR","Yes","No","Yes","8","Yes","8","8",NA,0,1,NA,"No",114.1706939,-21.83579855,NA,"Boat","Extractive","Afternoon"
"2","012ab2a2-6984-4613-970a-7108084d73fc",59,"9/26/2020 10:08:56 AM","9/26/2020 10:12:40 AM","9/26/2020 10:12:40 AM","Nicole","Exmouth","ExBR","Yes","No","Yes","10","Yes","10","3",NA,1,0,NA,"No",114.1385473,-21.95454764,NA,"Boat","Extractive","Afternoon"
"3","0193b1cb-3b58-44cb-979f-b79811755cdc",204,"9/30/2020 9:04:32 AM","9/30/2020 9:12:54 AM","9/30/2020 9:12:54 AM","Sam","Bundegi","Wobiri","Yes","Yes","Yes","5","No","0","5",NA,0,0,NA,"Yes",114.0300801,-21.84875447,NA,"Shore","Non-extractive","Afternoon"
"4","0193b1cb-3b58-44cb-979f-b79811755cdc",204,"9/30/2020 9:04:32 AM","9/30/2020 9:12:54 AM","9/30/2020 9:12:54 AM","Sam","Bundegi","Wobiri","Yes","Yes","Yes","5","No","0","5",NA,0,0,NA,"Yes",114.0300801,-21.84875447,NA,"Shore","Non-extractive","Afternoon"
"5","02fa6fce-fc92-425a-9850-a7c12aa0733f",200,"9/30/2020 8:13:17 AM","9/30/2020 8:17:37 AM","9/30/2020 8:17:37 AM","Sam","Bundegi","Janz","Yes","No","Yes","14","Yes","14","0",NA,0,2,NA,"No",114.07272,-21.82727495,NA,"Boat","Non-extractive","Afternoon"
"6","02fa6fce-fc92-425a-9850-a7c12aa0733f",200,"9/30/2020 8:13:17 AM","9/30/2020 8:17:37 AM","9/30/2020 8:17:37 AM","Sam","Bundegi","Janz","Yes","No","Yes","14","Yes","14","0",NA,0,2,NA,"No",114.07272,-21.82727495,NA,"Shore","Non-extractive","Afternoon"
"7","03685dcb-d73f-491c-958a-25cd92be36e3",141,"10/01/20","10/01/20 08:11","10/01/20 08:11","Gabby","Bundegi","BunBR","Yes","No","Yes","Resident",NA,NA,NA,NA,NA,NA,NA,NA,114.1708578,-21.83572568,NA,"Boat","Extractive","Afternoon"
"8","03c645cb-ebf5-4724-97d5-b2c89e6f631b",301,"10/04/20","10/04/20 06:45","10/04/20 06:45","Nicole","Tantabiddi","LakesideSnorkling","Yes","No","Yes","14","Yes","6","14",NA,0,0,NA,"No",113.9119468,-22.03691246,NA,"Shore","Non-extractive","Afternoon"
"9","04dd7274-991f-49e2-b7fd-4180d4562e4e",105,"9/28/2020 4:08:28 AM","9/28/2020 4:10:05 AM","9/28/2020 4:10:05 AM","Nicole","CoralBay","CBBR","Yes","No","Yes","5","Yes","2","3",NA,0,0,NA,"No",113.7679433,-23.1551894,NA,"Boat","Extractive","Morning"
"10","0599c3ce-2178-4784-b409-caa175e98cce",146,"10/01/20","10/01/20 09:12","10/01/20 09:12","Gabby","Bundegi","BunBR","Yes","No","No",NA,"Yes","All","All",NA,0,0,NA,"No",114.1708313,-21.83596011,"Change of mind","Boat","Refusal","Afternoon"
"11","0855bdb4-27dc-44c7-81b8-91931c17a498",112,"9/30/2020 4:19:18 AM","9/30/2020 4:21:18 AM","9/30/2020 4:21:18 AM","Gabby","Tantabiddi","TantBR","Yes","No","Yes","5","Yes","5","5",NA,0,1,NA,"No",113.978936,-21.91299456,NA,"Boat","Extractive","Morning"
"12","09f8d610-b9cb-4cb8-bfa2-fb8064a4397a",115,"9/30/2020 8:17:25 AM","9/30/2020 8:18:29 AM","9/30/2020 8:18:29 AM","Gabby","Bundegi","Janz","No",NA,NA,NA,NA,NA,NA,NA,NA,NA,NA,NA,114.0733101,-21.82720647,NA,"Shore","Refusal","Afternoon"
"13","0bbcc3cd-9cdb-4901-a8aa-98f429b6118b",259,"10/01/20","10/01/20 01:49","10/01/20 01:49","Nicole","Tantabiddi","Turquoise Bay 1","Yes","No","Yes","10","No","0","10",NA,0,0,NA,"No",113.8857852,-22.09924118,NA,"Shore","Non-extractive","Morning"
"14","0c014466-3795-448a-9bc6-f69ca281fa5a",193,"9/30/2020 3:34:58 AM","9/30/2020 3:36:44 AM","9/30/2020 3:36:44 AM","Sam","Tantabiddi","SandyBay","Yes","No","Yes","5","No","1","5",NA,0,0,NA,"No",113.8428878,-22.23223202,NA,"Shore","Non-extractive","Morning"
"15","0c014466-3795-448a-9bc6-f69ca281fa5a",193,"9/30/2020 3:34:58 AM","9/30/2020 3:36:44 AM","9/30/2020 3:36:44 AM","Sam","Tantabiddi","SandyBay","Yes","No","Yes","5","No","1","5",NA,0,0,NA,"No",113.8428878,-22.23223202,NA,"Shore","Non-extractive","Morning"
"16","0ca8a85e-af3c-4538-b2fb-8b1fb9d0cb90",119,"9/30/2020 8:58:44 AM","9/30/2020 9:00:25 AM","9/30/2020 9:00:25 AM","Gabby","Bundegi","Wobiri","Yes","No","Yes","12","No","0","12",NA,0,0,NA,"Yes",114.0682813,-21.82933036,NA,"Shore","Non-extractive","Afternoon"
"17","0d2a767f-1062-43a6-a216-18f97b745fbf",97,"9/28/2020 4:56:22 AM","9/28/2020 4:57:32 AM","9/28/2020 4:57:32 AM","Gabby","CoralBay","Bills Bay","Yes","No","Yes","10","No","0","10",NA,0,1,NA,"No",113.7681052,-23.14294778,NA,"Shore","Non-extractive","Morning"
"18","0d838906-3a3d-4487-a4bf-924225c719ae",140,"10/01/20","10/01/20 08:07","10/01/20 08:07","Gabby","Bundegi","BunBR","Yes","No","Yes","9","No","0","9",NA,0,0,NA,NA,114.1710761,-21.83543714,NA,"Boat","Non-extractive","Afternoon"
"19","0fa09e02-d6aa-4a8e-b8f3-5be3e198a1a1",242,"9/30/2020 7:22:49 AM","9/30/2020 7:24:39 AM","9/30/2020 8:43:51 AM","Nicole","Bundegi","BunBR","Yes","No","Yes","6","Yes","6","6",NA,0,0,NA,"Yes",114.1733144,-21.83074543,NA,"Boat","Extractive","Afternoon"
"20","0fa56d0d-7bdd-4721-a6b1-5c94ba8e6e28",176,"9/28/2020 3:14:25 AM","9/28/2020 3:17:57 AM","9/28/2020 3:17:57 AM","Sam","CoralBay","MaudsLanding","Yes","No","Yes","7","No","1","7",NA,0,0,NA,"No",113.7594662,-23.15743439,NA,"Shore","Extractive","Morning"
"21","0fe48002-c0aa-4c5d-868e-98cdaeffec65",276,"10/01/20","10/01/20 08:08","10/01/20 08:08","Nicole","Bundegi","BundegiBeach","Yes","No","Yes","Resident","No","0",NA,NA,NA,NA,NA,"Yes",114.1781392,-21.82629594,NA,"Shore","Non-extractive","Afternoon"
"22","1119ffab-cec7-4f5f-a104-c7ba5fa5dfa2",224,"10/03/20","10/03/20 04:35","10/03/20 04:35","Gabby","Exmouth","ExmouthYacht","Yes","No","Yes","12","Yes","6","12",NA,1,1,NA,"No",114.1390031,-21.94758574,NA,"Shore","Non-extractive","Morning"
"23","1133b472-ca3e-4911-b27c-d8ee3b9565cb",257,"9/30/2020 9:45:14 AM","9/30/2020 9:46:53 AM","9/30/2020 9:46:53 AM","Nicole","Bundegi","BunBR","Yes","Yes","Yes","14","Yes","7","14",NA,2,4,NA,"No",114.1732457,-21.83077452,NA,"Boat","Extractive","Afternoon"
"24","147c243d-e51f-4e1f-a006-40973c628e97",49,"9/26/2020 7:32:41 AM","9/26/2020 7:33:13 AM","9/26/2020 7:33:13 AM","Nicole","Exmouth","ExBR","Yes","No","No",NA,NA,NA,NA,NA,NA,NA,NA,NA,114.1379659,-21.95598731,"Language barrier","Boat","Refusal","Afternoon"
"25","14fce223-3414-4c27-ad6b-3f50f206d8f3",108,"9/30/2020 2:59:39 AM","9/30/2020 2:59:39 AM","9/30/2020 2:59:39 AM","Gabby","Tantabiddi","TantBR","Yes","No","Yes","90","No","0","90",NA,0,0,NA,"No",113.9783494,-21.91261931,NA,"Shore","Non-extractive","Morning"
"26","1a805ce7-b339-45e2-b3ee-5b5e2df82ef6",178,"9/28/2020 4:15:41 AM","9/28/2020 4:31:24 AM","9/28/2020 4:31:24 AM","Sam","CoralBay","Bills Bay","Yes","No","Yes","10","No","0","10",NA,0,1,NA,"No",113.7697868,-23.14207984,NA,"Shore","Non-extractive","Morning"
"27","1b0246c7-159a-4c39-9de4-0f31818d6994",240,"9/30/2020 7:02:03 AM","9/30/2020 7:04:38 AM","9/30/2020 8:43:08 AM","Nicole","Bundegi","BunBR","Yes","No","Yes","14","Yes","5","14",NA,3,2,NA,"No",114.1733446,-21.83075365,"Would of been somewhere else in July school h9idays","Boat","Extractive","Afternoon"
"28","1b0246c7-159a-4c39-9de4-0f31818d6994",240,"9/30/2020 7:02:03 AM","9/30/2020 7:04:38 AM","9/30/2020 8:43:08 AM","Nicole","Bundegi","BunBR","Yes","No","Yes","14","Yes","5","14",NA,3,2,NA,"No",114.1733446,-21.83075365,"Would of been somewhere else in July school h9idays","Shore","Non-extractive","Afternoon"
"29","1b0246c7-159a-4c39-9de4-0f31818d6994",240,"9/30/2020 7:02:03 AM","9/30/2020 7:04:38 AM","9/30/2020 8:43:08 AM","Nicole","Bundegi","BunBR","Yes","No","Yes","14","Yes","5","14",NA,3,2,NA,"No",114.1733446,-21.83075365,"Would of been somewhere else in July school h9idays","Boat","Extractive","Afternoon"
"30","1d31b805-b940-46b3-a64a-76df0a58467c",189,"9/29/2020 9:21:33 AM","9/29/2020 9:25:42 AM","9/29/2020 9:25:42 AM","Sam","Bundegi","BunBR","Yes","No","Yes","7","Yes","7","0",NA,0,0,NA,"No",114.1707599,-21.83589556,NA,"Shore","Non-extractive","Afternoon"
"31","1d31b805-b940-46b3-a64a-76df0a58467c",189,"9/29/2020 9:21:33 AM","9/29/2020 9:25:42 AM","9/29/2020 9:25:42 AM","Sam","Bundegi","BunBR","Yes","No","Yes","7","Yes","7","0",NA,0,0,NA,"No",114.1707599,-21.83589556,NA,"Boat","Non-extractive","Afternoon"
"32","1d489223-12ac-400b-a539-3e32615d476f",76,"9/27/2020 4:09:09 AM","9/27/2020 4:16:56 AM","9/27/2020 5:08:59 AM","Sam","ExmouthS","LearmonthJetty","Yes","No","Yes","10","No","1","10",NA,1,0,NA,"No",114.0991979,-22.21189274,NA,"Shore","Extractive","Morning"
"33","1e6c3ec6-31d9-46a7-951a-1a380821eb97",101,"9/28/2020 3:26:35 AM","9/28/2020 3:27:51 AM","9/28/2020 3:27:51 AM","Nicole","CoralBay","CBBR","Yes","No","No",NA,NA,NA,NA,NA,NA,NA,NA,NA,113.7678187,-23.15540391,NA,"Boat","Refusal","Morning"
"34","1e71f84f-32ec-41a1-8f05-38f2c1c55a7d",156,"10/02/20","10/02/20 09:37","10/02/20 09:37","Sam","Tantabiddi","SandyBay","Yes","No","Yes","10","Yes","1","10",NA,1,1,NA,"No",113.8423628,-22.23257863,NA,"Boat","Extractive","Afternoon"
"35","1e71f84f-32ec-41a1-8f05-38f2c1c55a7d",156,"10/02/20","10/02/20 09:37","10/02/20 09:37","Sam","Tantabiddi","SandyBay","Yes","No","Yes","10","Yes","1","10",NA,1,1,NA,"No",113.8423628,-22.23257863,NA,"Shore","Non-extractive","Afternoon"
"36","1e71f84f-32ec-41a1-8f05-38f2c1c55a7d",156,"10/02/20","10/02/20 09:37","10/02/20 09:37","Sam","Tantabiddi","SandyBay","Yes","No","Yes","10","Yes","1","10",NA,1,1,NA,"No",113.8423628,-22.23257863,NA,"Boat","Non-extractive","Afternoon"
"37","1e71f84f-32ec-41a1-8f05-38f2c1c55a7d",156,"10/02/20","10/02/20 09:37","10/02/20 09:37","Sam","Tantabiddi","SandyBay","Yes","No","Yes","10","Yes","1","10",NA,1,1,NA,"No",113.8423628,-22.23257863,NA,"Shore","Non-extractive","Afternoon"
"38","1ecd8c45-2971-4d47-b4b6-03a82cb8aa80",96,"9/28/2020 4:32:35 AM","9/28/2020 4:37:28 AM","9/28/2020 4:37:28 AM","Gabby","CoralBay","Bills Bay","Yes","No","Yes","11","No","0","11",NA,0,1,NA,"Yes",113.7692946,-23.1415735,NA,"Shore","Non-extractive","Morning"
"39","1f045bb1-f2ac-437c-9496-968024f37a9c",164,"10/04/20","10/04/20 03:09","10/04/20 03:09","Gabby","Bundegi","Hunters","Yes","Yes","No",NA,NA,NA,NA,NA,NA,NA,NA,NA,114.1083651,-21.80431156,"Family, we have interviewed before. 2 adults 2 kids","Shore","Refusal","Morning"
"40","213c9880-78e8-42c8-a336-6c80b1ddf561",50,"9/26/2020 7:37:45 AM","9/26/2020 7:39:53 AM","9/26/2020 7:39:53 AM","Nicole","Exmouth","ExBR","Yes","No","Yes","10","Yes","5","3",NA,1,1,NA,"No",114.1395932,-21.95592689,NA,"Boat","Extractive","Afternoon"
"41","213c9880-78e8-42c8-a336-6c80b1ddf561",50,"9/26/2020 7:37:45 AM","9/26/2020 7:39:53 AM","9/26/2020 7:39:53 AM","Nicole","Exmouth","ExBR","Yes","No","Yes","10","Yes","5","3",NA,1,1,NA,"No",114.1395932,-21.95592689,NA,"Boat","Extractive","Afternoon"
"42","247e9e11-cae7-4542-a4e5-dd4095e0ec08",180,"9/29/2020 7:52:02 AM","9/29/2020 7:52:02 AM","9/29/2020 7:52:02 AM","Sam","Bundegi","BunBR","Yes","No","Yes","10","Yes","5","5",NA,0,0,NA,"No",114.1700072,-21.83563536,NA,"Boat","Extractive","Afternoon"
"43","25e293be-2cd2-4b13-acd8-0d0bec83d3c7",74,"9/27/2020 2:15:28 AM","9/27/2020 2:15:28 AM","9/27/2020 2:15:28 AM","Nicole","ExmouthS","McLeodSt","Yes","No","Yes","Resident","Yes","28",NA,NA,NA,NA,NA,NA,114.1372019,-21.96000751,"28 times in a year, once a fortnight. Average 900km a year.","Shore","Extractive","Morning"
"44","25e3ff4e-b3d6-4eb1-bb8b-e34a2b2793ef",155,"10/02/20","10/02/20 07:46","10/02/20 07:46","Sam","Tantabiddi","SandyBay","Yes","No","Yes","10","No","0","10",NA,0,0,NA,"No",113.8426164,-22.2325573,NA,"Shore","Non-extractive","Afternoon"
"45","25e3ff4e-b3d6-4eb1-bb8b-e34a2b2793ef",155,"10/02/20","10/02/20 07:46","10/02/20 07:46","Sam","Tantabiddi","SandyBay","Yes","No","Yes","10","No","0","10",NA,0,0,NA,"No",113.8426164,-22.2325573,NA,"Shore","Non-extractive","Afternoon"
"46","27b311df-4f7b-4c4d-8d0e-3e480691abcd",283,"10/02/20","10/02/20 03:21","10/02/20 03:21","Nicole","Tantabiddi","TantBR","Yes","No","Yes","7","Yes","2","7",NA,0,0,NA,"No",113.9784115,-21.91236706,NA,"Boat","Extractive","Morning"
"47","27e5f630-50cf-42b5-b097-93a42cf8ec3f",138,"10/01/20","10/01/20 07:54","10/01/20 07:54","Gabby","Bundegi","BunBR","Yes","No","No",NA,NA,NA,NA,NA,NA,NA,NA,NA,114.1704376,-21.83612244,NA,"Boat","Refusal","Afternoon"
"48","2b4c33f2-f48d-4284-87e2-364d4ffe8e14",95,"9/28/2020 4:22:19 AM","9/28/2020 4:28:31 AM","9/28/2020 4:28:31 AM","Gabby","CoralBay","Bills Bay","Yes","No","Yes","7","No","0","7",NA,NA,1,NA,"No",113.7681464,-23.14175413,NA,"Shore","Non-extractive","Morning"
"49","2bf3eb4e-d010-4e77-8cc7-cb47dde78d54",145,"10/01/20","10/01/20 08:53","10/01/20 08:53","Gabby","Bundegi","BunBR","Yes","No","Yes","9","Yes","9","9",NA,0,1,NA,"No",114.170599,-21.83600581,NA,"Boat","Extractive","Afternoon"
"50","2c0d1679-8d24-4e23-9be4-8499a0086ac4",58,"9/26/2020 9:48:16 AM","9/26/2020 9:50:15 AM","9/26/2020 9:50:15 AM","Nicole","Exmouth","ExBR","Yes","No","Yes","Resident",NA,NA,NA,NA,NA,NA,NA,NA,114.1383881,-21.95491413,NA,"Boat","Non-extractive","Afternoon"
"51","2c7ff2e1-6eb2-4bd8-8cac-be9e17f4c427",237,"9/30/2020 3:52:07 AM","9/30/2020 3:55:28 AM","9/30/2020 3:55:28 AM","Nicole","Tantabiddi","SandyBay","Yes","No","Yes","20","Yes","18","20",NA,1,1,NA,"No",113.8422895,-22.23075378,NA,"Shore","Non-extractive","Morning"
"52","2c7ff2e1-6eb2-4bd8-8cac-be9e17f4c427",237,"9/30/2020 3:52:07 AM","9/30/2020 3:55:28 AM","9/30/2020 3:55:28 AM","Nicole","Tantabiddi","SandyBay","Yes","No","Yes","20","Yes","18","20",NA,1,1,NA,"No",113.8422895,-22.23075378,NA,"Boat","Extractive","Morning"
"53","2cd793b7-d7ad-42c9-9eb3-35147e371071",213,"10/02/20","10/02/20 04:16","10/02/20 04:16","Gabby","Tantabiddi","OysterStacks","Yes","No","Yes","12","No","0","12",NA,0,0,NA,"Yes",113.8793301,-22.12871047,NA,"Shore","Non-extractive","Morning"
"54","2d564f57-dab2-4176-a6f2-362d533288b1",154,"10/02/20","10/02/20 07:37","10/02/20 07:37","Sam","Tantabiddi","SandyBay","Yes","Yes","Yes","10","No","0","10",NA,0,0,NA,"No",113.8425374,-22.23242617,NA,"Shore","Non-extractive","Afternoon"
"55","2d564f57-dab2-4176-a6f2-362d533288b1",154,"10/02/20","10/02/20 07:37","10/02/20 07:37","Sam","Tantabiddi","SandyBay","Yes","Yes","Yes","10","No","0","10",NA,0,0,NA,"No",113.8425374,-22.23242617,NA,"Shore","Extractive","Afternoon"
"56","2d564f57-dab2-4176-a6f2-362d533288b1",154,"10/02/20","10/02/20 07:37","10/02/20 07:37","Sam","Tantabiddi","SandyBay","Yes","Yes","Yes","10","No","0","10",NA,0,0,NA,"No",113.8425374,-22.23242617,NA,"Shore","Non-extractive","Afternoon"
"57","2f8f265b-1c8c-4ed2-8e53-0666cf40f340",293,"10/04/20","10/04/20 01:47","10/04/20 01:47","Nicole","Bundegi","BundegiBeach","Yes","No","Yes","10","Yes","3","10",NA,3,5,NA,"No",114.1735184,-21.8309347,NA,"Shore","Non-extractive","Morning"
"58","31293709-fdf2-4e73-94df-1b1cb56c5740",78,"9/27/2020 7:46:45 AM","9/27/2020 7:53:06 AM","9/27/2020 7:53:06 AM","Sam","CoralBay","Bills Bay","Yes","No","Yes","14","No","2","10",NA,NA,1,NA,"No",113.7682277,-23.14260997,NA,"Shore","Non-extractive","Afternoon"
"59","31b5003b-8eea-405f-a7d4-1b6d06312f77",199,"9/30/2020 7:26:22 AM","9/30/2020 7:28:10 AM","9/30/2020 7:28:10 AM","Sam","Bundegi","DunesBeach","Yes","No","Yes","7","No","0","7",NA,0,0,NA,"Yes",114.1461153,-21.79650149,NA,"Shore","Non-extractive","Afternoon"
"60","31b5003b-8eea-405f-a7d4-1b6d06312f77",199,"9/30/2020 7:26:22 AM","9/30/2020 7:28:10 AM","9/30/2020 7:28:10 AM","Sam","Bundegi","DunesBeach","Yes","No","Yes","7","No","0","7",NA,0,0,NA,"Yes",114.1461153,-21.79650149,NA,"Shore","Non-extractive","Afternoon"
"61","338a5c74-2480-446b-95e0-ff109706626b",77,"9/27/2020 7:17:17 AM","9/27/2020 7:19:17 AM","9/27/2020 7:24:17 AM","Sam","ExmouthS","MaudsLanding","Yes","No","Yes","7","No","0","4",NA,0,1,NA,"No",113.78487,-23.11115388,NA,"Shore","Non-extractive","Afternoon"
"62","349fa612-10d4-4b01-a8b4-5425da6a8659",91,"9/27/2020 8:54:26 AM","9/27/2020 8:55:29 AM","9/27/2020 8:55:29 AM","Nicole","CoralBay","Bills Bay","Yes","No","No",NA,NA,NA,NA,NA,NA,NA,NA,NA,113.7705713,-23.14217993,NA,"Shore","Refusal","Afternoon"
"63","3520db46-8b0d-46bb-b28b-c82be756a5f2",207,"9/30/2020 9:53:30 AM","9/30/2020 9:55:53 AM","9/30/2020 9:55:53 AM","Sam","Bundegi","Wobiri","Yes","No","Yes","12","No","0","12",NA,0,1,NA,"No",114.0318601,-21.84896492,NA,"Shore","Non-extractive","Afternoon"
"64","3520db46-8b0d-46bb-b28b-c82be756a5f2",207,"9/30/2020 9:53:30 AM","9/30/2020 9:55:53 AM","9/30/2020 9:55:53 AM","Sam","Bundegi","Wobiri","Yes","No","Yes","12","No","0","12",NA,0,1,NA,"No",114.0318601,-21.84896492,NA,"Shore","Non-extractive","Afternoon"
"65","35b6ab6a-0051-4846-ac8e-19d68b90544c",183,"9/29/2020 8:21:13 AM","9/29/2020 8:31:13 AM","9/29/2020 8:31:13 AM","Sam","Bundegi","BunBR","Yes","No","Yes","14","Yes","14","0",NA,1,4,NA,"No",114.1703757,-21.83498167,NA,"Boat","Extractive","Afternoon"
"66","3681ede7-1379-482c-856a-a3b8c3972371",127,"10/01/20","10/01/20 03:06","10/01/20 03:06","Sam","Tantabiddi","TantBR","Yes","No","No",NA,NA,NA,NA,NA,NA,NA,NA,NA,113.9786938,-21.91240964,NA,"Boat","Refusal","Morning"
"67","385ccfd7-1cf9-44c6-9360-886c0611e653",63,"9/26/2020 9:04:34 AM","9/26/2020 9:08:22 AM","9/26/2020 9:33:31 AM","Sam","Exmouth","ExBR","Yes","No","Yes","4","Yes","4",NA,NA,1,NA,NA,NA,114.1384374,-21.95487564,NA,"Boat","Extractive","Afternoon"
"68","38bb9946-46d5-4884-8cd3-41792113578e",131,"10/01/20","10/01/20 07:10","10/01/20 07:10","Gabby","Bundegi","BunBR","Yes","No","Yes","9","Yes","9","9",NA,0,0,NA,"No",114.1708455,-21.83614682,NA,"Boat","Non-extractive","Afternoon"
"69","39579e1b-c37e-4ca5-85bf-797ea5cfc3b2",226,"10/03/20","10/03/20 09:06","10/03/20 09:06","Gabby","Tantabiddi","Turquoise Bay 2","Yes","No","Yes","10","No","0","10",NA,0,0,NA,"No",113.8894645,-22.09824249,NA,"Shore","Non-extractive","Afternoon"
"70","39985122-7bf9-49e4-9738-7a677821a9d1",137,"10/01/20","10/01/20 07:47","10/01/20 07:47","Gabby","Bundegi","BunBR","Yes","No","Yes","10","Yes","4","10",NA,0,0,NA,"No",114.1706816,-21.83565403,NA,"Boat","Extractive","Afternoon"
"71","39fde58c-3161-4844-a614-4866f04c2a6a",139,"10/01/20","10/01/20 07:58","10/01/20 07:58","Gabby","Bundegi","BunBR","Yes","No","Yes","10","Yes","7","10",NA,0,0,NA,"No",114.1709454,-21.83555681,NA,"Boat","Extractive","Afternoon"
"72","39fde58c-3161-4844-a614-4866f04c2a6a",139,"10/01/20","10/01/20 07:58","10/01/20 07:58","Gabby","Bundegi","BunBR","Yes","No","Yes","10","Yes","7","10",NA,0,0,NA,"No",114.1709454,-21.83555681,NA,"Boat","Extractive","Afternoon"
"73","3c41cbfa-a2ac-43dc-985f-214c6dcaa77f",214,"10/02/20","10/02/20 07:57","10/02/20 08:06","Gabby","Exmouth","ExBR","Yes","No","Yes","10","Yes","5","10",NA,0,0,NA,"No",114.1384827,-21.95566657,NA,"Boat","Extractive","Afternoon"
"74","3e1b977a-b042-447a-a7d6-74a67d1fac67",144,"10/01/20","10/01/20 08:38","10/01/20 08:38","Gabby","Bundegi","BunBR","Yes","No","Yes","14","Yes","9","14",NA,0,0,NA,"No",114.1708451,-21.83560501,NA,"Boat","Extractive","Afternoon"
"75","3e5e5314-e449-48ad-b3d4-280545b797ee",201,"9/30/2020 8:23:07 AM","9/30/2020 8:23:37 AM","9/30/2020 8:23:37 AM","Sam","Bundegi","Janz","Yes","No","No",NA,NA,NA,NA,NA,NA,NA,NA,NA,114.0727345,-21.82757828,NA,"Shore","Refusal","Afternoon"
"76","4082620c-5b0b-463c-a26b-9a3e64d2f215",133,"10/01/20","10/01/20 07:27","10/01/20 07:27","Gabby","Bundegi","BunBR","Yes","Yes","No",NA,NA,NA,NA,NA,NA,NA,NA,NA,114.1699905,-21.83595092,NA,"Boat","Refusal","Afternoon"
"77","40a7bf7a-7483-4ac5-973c-34d9cbea61a4",157,"10/02/20","10/02/20 09:48","10/02/20 09:48","Sam","Tantabiddi","SandyBay","No","Yes","Yes","10","No","0","10",NA,1,1,NA,"No",113.8433239,-22.23030516,NA,"Shore","Non-extractive","Afternoon"
"78","40a7bf7a-7483-4ac5-973c-34d9cbea61a4",157,"10/02/20","10/02/20 09:48","10/02/20 09:48","Sam","Tantabiddi","SandyBay","No","Yes","Yes","10","No","0","10",NA,1,1,NA,"No",113.8433239,-22.23030516,NA,"Shore","Non-extractive","Afternoon"
"79","40a7bf7a-7483-4ac5-973c-34d9cbea61a4",157,"10/02/20","10/02/20 09:48","10/02/20 09:48","Sam","Tantabiddi","SandyBay","No","Yes","Yes","10","No","0","10",NA,1,1,NA,"No",113.8433239,-22.23030516,NA,"Shore","Non-extractive","Afternoon"
"80","40e545c7-eb4e-4803-8203-0746229320fc",266,"10/01/20","10/01/20 02:51","10/01/20 02:51","Nicole","Tantabiddi","Turquoise Bay 2","Yes","No","Yes","4","No","0","4",NA,0,0,NA,"No",113.8871786,-22.09800409,NA,"Shore","Non-extractive","Afternoon"
"81","4112ea2d-6112-4f20-9572-6b7821dfbe5b",88,"9/27/2020 8:44:48 AM","9/27/2020 8:47:34 AM","9/27/2020 8:47:34 AM","Nicole","CoralBay","Bills Bay","Yes","No","No",NA,NA,NA,NA,NA,NA,NA,NA,NA,113.770282,-23.14227553,NA,"Shore","Refusal","Afternoon"
"82","4208a979-cc4d-4e76-b0cf-4a73b813a6bd",264,"10/01/20","10/01/20 02:24","10/01/20 02:24","Nicole","Tantabiddi","Turquoise Bay 1","Yes","No","Yes","14","No","0","14",NA,1,3,NA,"No",113.8859618,-22.0984762,NA,"Shore","Non-extractive","Morning"
"83","4208a979-cc4d-4e76-b0cf-4a73b813a6bd",264,"10/01/20","10/01/20 02:24","10/01/20 02:24","Nicole","Tantabiddi","Turquoise Bay 1","Yes","No","Yes","14","No","0","14",NA,1,3,NA,"No",113.8859618,-22.0984762,NA,"Shore","Non-extractive","Morning"
"84","4498ea11-0aa9-4cd5-9244-fb65f2b39ae1",171,"9/27/2020 7:19:19 AM","9/27/2020 7:22:54 AM","9/27/2020 7:26:24 AM","Gabby","CoralBay","CBBR","Yes","No","Yes","8","Yes","6","8",NA,1,0,NA,"Yes",113.7671386,-23.15569689,"Yes they would be overseas","Boat","Extractive","Afternoon"
"85","44a160bb-e78e-49fb-bd26-e383c9877d06",280,"10/02/20","10/02/20 03:05","10/02/20 03:05","Nicole","Tantabiddi","TantBR","Yes","No","No",NA,NA,NA,NA,NA,NA,NA,NA,NA,113.9791319,-21.91266969,NA,"Boat","Refusal","Morning"
"86","44d4d6c8-6e87-438a-a084-e3ef52febbca",113,"9/30/2020 7:19:02 AM","9/30/2020 7:21:52 AM","9/30/2020 7:21:52 AM","Gabby","Bundegi","DunesBeach","Yes","No","Yes","9","Yes","9","9",NA,1,1,NA,"No",114.1800029,-21.77610931,NA,"Boat","Extractive","Afternoon"
"87","45f28ab9-8e8e-46e0-82d7-a71ed226f5d3",52,"9/26/2020 8:50:35 AM","9/26/2020 8:14:33 AM","9/26/2020 8:51:13 AM","Nicole","Exmouth","ExBR","Yes","No","Yes","14","Yes","12","2",NA,2,0,NA,"No",114.1395567,-21.95580158,NA,"Boat","Extractive","Afternoon"
"88","45f28ab9-8e8e-46e0-82d7-a71ed226f5d3",52,"9/26/2020 8:50:35 AM","9/26/2020 8:14:33 AM","9/26/2020 8:51:13 AM","Nicole","Exmouth","ExBR","Yes","No","Yes","14","Yes","12","2",NA,2,0,NA,"No",114.1395567,-21.95580158,NA,"Boat","Extractive","Afternoon"
"89","45f28ab9-8e8e-46e0-82d7-a71ed226f5d3",52,"9/26/2020 8:50:35 AM","9/26/2020 8:14:33 AM","9/26/2020 8:51:13 AM","Nicole","Exmouth","ExBR","Yes","No","Yes","14","Yes","12","2",NA,2,0,NA,"No",114.1395567,-21.95580158,NA,"Boat","Extractive","Afternoon"
"90","470cdad4-cc32-4a73-868e-879fa80aa7e3",251,"9/30/2020 8:44:32 AM","9/30/2020 8:46:18 AM","9/30/2020 8:46:18 AM","Nicole","Bundegi","BunBR","Yes","No","Yes","7","Yes","3","2",NA,0,0,NA,"No",114.1732724,-21.83076199,NA,"Boat","Extractive","Afternoon"
"91","470cdad4-cc32-4a73-868e-879fa80aa7e3",251,"9/30/2020 8:44:32 AM","9/30/2020 8:46:18 AM","9/30/2020 8:46:18 AM","Nicole","Bundegi","BunBR","Yes","No","Yes","7","Yes","3","2",NA,0,0,NA,"No",114.1732724,-21.83076199,NA,"Shore","Non-extractive","Afternoon"
"92","48584fe1-127c-46e8-9e70-9b3a5e6d49bd",118,"9/30/2020 8:50:28 AM","9/30/2020 8:52:44 AM","9/30/2020 8:52:44 AM","Gabby","Bundegi","Wobiri","Yes","Yes","Yes","13","No","0","13",NA,0,0,NA,"Yes",114.0688307,-21.82974769,NA,"Shore","Non-extractive","Afternoon"
"93","4b05ece9-6cb8-43af-a38d-9a5a6b6664fd",172,"9/27/2020 7:37:27 AM","9/27/2020 7:39:39 AM","9/27/2020 7:39:39 AM","Gabby","CoralBay","CBBR","Yes","No","Yes","11","Yes","10","11",NA,0,1,NA,"No",113.769427,-23.15540535,NA,"Boat","Non-extractive","Afternoon"
"94","4eb2e66f-c20f-4409-a09d-8e16f61ea253",263,"10/01/20","10/01/20 02:17","10/01/20 02:17","Nicole","Tantabiddi","Turquoise Bay 1","Yes","No","Yes","5","No","0","5",NA,0,1,NA,"Yes",113.885812,-22.09896927,NA,"Shore","Non-extractive","Morning"
"95","4ecd3b48-0c35-494a-9a1a-4e9659df9bb1",212,"10/02/20","10/02/20 04:10","10/02/20 04:10","Gabby","Tantabiddi","OysterStacks","Yes","No","Yes","14","No","0","14",NA,0,0,NA,"Yes",113.8787748,-22.13074101,NA,"Shore","Non-extractive","Morning"
"96","4fb56c0f-551c-4926-8dfa-8a347d9aeaa2",54,"9/26/2020 9:26:04 AM","9/26/2020 9:21:06 AM","9/26/2020 9:26:57 AM","Nicole","Exmouth","ExBR","Yes","No","Yes","Resident",NA,NA,NA,NA,NA,NA,NA,NA,114.1396514,-21.95583214,NA,"Boat","Non-extractive","Afternoon"
"97","4fd3e742-481e-414a-b8f7-d206cc8de65b",167,"10/04/20","10/04/20 06:50","10/04/20 06:51","Gabby","Tantabiddi","LakesideSnorkling","Yes","No","No",NA,NA,NA,NA,NA,NA,NA,NA,NA,113.9140199,-22.03476605,NA,"Shore","Refusal","Afternoon"
"98","501be90a-b2a8-4879-8a73-a13bda2463cd",62,"9/26/2020 8:45:19 AM","9/26/2020 8:53:41 AM","9/26/2020 9:03:59 AM","Sam","Exmouth","ExBR","Yes","No","Yes","14","Yes",NA,NA,NA,NA,NA,NA,NA,114.1383716,-21.95493992,NA,"Boat","Extractive","Afternoon"
"99","512a5873-b784-40e5-b013-c4bf2bbb3d03",99,"9/28/2020 2:58:16 AM","9/28/2020 3:00:40 AM","9/28/2020 3:30:58 AM","Nicole","CoralBay","CBBR","Yes","No","Yes","14","No","0","14",NA,0,2,NA,"No",113.7667622,-23.15744321,NA,"Shore","Non-extractive","Morning"
"100","512a5873-b784-40e5-b013-c4bf2bbb3d03",99,"9/28/2020 2:58:16 AM","9/28/2020 3:00:40 AM","9/28/2020 3:30:58 AM","Nicole","CoralBay","CBBR","Yes","No","Yes","14","No","0","14",NA,0,2,NA,"No",113.7667622,-23.15744321,NA,"Shore","Extractive","Morning"
"101","51ca3926-d1fd-484a-9229-fe3097de7e4f",300,"10/04/20","10/04/20 06:39","10/04/20 06:39","Nicole","Tantabiddi","LakesideSnorkling","Yes","No","Yes","8","No","0","8",NA,1,0,NA,"Yes",113.9123124,-22.03592914,NA,"Shore","Non-extractive","Afternoon"
"102","51ce9a18-70e3-43d2-85b0-3e879ca1a0d1",165,"10/04/20","10/04/20 06:39","10/04/20 06:39","Gabby","Tantabiddi","LakesideSnorkling","Yes","No","Yes","7","Yes","7","7",NA,0,0,NA,"No",113.9158429,-22.0338675,NA,"Shore","Extractive","Afternoon"
"103","5294522a-7ed5-4ac8-82c7-4dd5ea437312",274,"10/01/20","10/01/20 07:49","10/01/20 07:49","Nicole","Bundegi","BundegiBeach","Yes","No","Yes","12","No","0","12",NA,0,0,NA,"No",114.1786329,-21.8259957,NA,"Shore","Non-extractive","Afternoon"
"104","5294522a-7ed5-4ac8-82c7-4dd5ea437312",274,"10/01/20","10/01/20 07:49","10/01/20 07:49","Nicole","Bundegi","BundegiBeach","Yes","No","Yes","12","No","0","12",NA,0,0,NA,"No",114.1786329,-21.8259957,NA,"Shore","Non-extractive","Afternoon"
"105","534996cc-4c3a-4d1c-87a2-afbb853da52b",64,"9/26/2020 9:15:56 AM","9/26/2020 9:19:05 AM","9/26/2020 9:19:05 AM","Sam","Exmouth","ExBR","Yes","No","Yes","7","Yes",NA,NA,NA,NA,NA,NA,"No",114.1386366,-21.95450382,NA,"Boat","Extractive","Afternoon"
"106","542118aa-6d1a-4cef-ae24-1b5a91cbf180",302,"10/04/20","10/04/20 06:50","10/04/20 06:50","Nicole","Tantabiddi","LakesideSnorkling","Yes","No","No",NA,NA,NA,NA,NA,NA,NA,NA,NA,113.9116886,-22.03738026,"Language barrier","Shore","Refusal","Afternoon"
"107","54a32672-1c2e-4bf8-b450-57ff0040c545",159,"10/03/20","10/03/20 08:53","10/03/20 08:56","Sam","Tantabiddi","Turquoise Bay 2","Yes","No","No",NA,NA,NA,NA,NA,NA,NA,NA,NA,113.9203682,-22.02511286,"Had dog in national park - told em to leave","Shore","Refusal","Afternoon"
"108","551796df-5a02-4267-b150-046404ecae5d",79,"9/27/2020 7:58:04 AM","9/27/2020 8:02:15 AM","9/27/2020 8:12:18 AM","Sam","ExmouthS","Bills Bay","Yes","Yes","Yes","7","Yes","4","6",NA,1,0,NA,"No",113.7689566,-23.14231012,NA,"Boat","Non-extractive","Afternoon"
"109","55824bc6-637d-411f-b0c8-459fe27aab56",272,"10/01/20","10/01/20 07:30","10/01/20 07:33","Nicole","Bundegi","BundegiBeach","Yes","No","Yes","5","No","0","5",NA,0,1,NA,"No",114.1792248,-21.82564785,NA,"Shore","Non-extractive","Afternoon"
"110","55824bc6-637d-411f-b0c8-459fe27aab56",272,"10/01/20","10/01/20 07:30","10/01/20 07:33","Nicole","Bundegi","BundegiBeach","Yes","No","Yes","5","No","0","5",NA,0,1,NA,"No",114.1792248,-21.82564785,NA,"Shore","Extractive","Afternoon"
"111","55824bc6-637d-411f-b0c8-459fe27aab56",272,"10/01/20","10/01/20 07:30","10/01/20 07:33","Nicole","Bundegi","BundegiBeach","Yes","No","Yes","5","No","0","5",NA,0,1,NA,"No",114.1792248,-21.82564785,NA,"Shore","Extractive","Afternoon"
"112","55e2922a-fad0-41f5-bfd7-07432f5ced6c",230,"10/04/20","10/04/20 02:32","10/04/20 02:32","Sam","Bundegi","LHeast","Yes","No","Yes","14","No","0","14",NA,0,1,NA,"No",114.1246033,-21.80646886,NA,"Shore","Non-extractive","Afternoon"
"113","566a0039-c44f-4c30-8965-26e11d7635e5",223,"10/03/20","10/03/20 03:53","10/03/20 03:53","Gabby","Exmouth","ExmouthYacht","Yes","No","Yes","11","Yes","1","11",NA,1,1,NA,"No",114.1392441,-21.94841406,NA,"Shore","Non-extractive","Morning"
"114","56add351-1a57-474f-b197-9e3fcdc9330d",216,"10/02/20","10/02/20 08:40","10/02/20 08:40","Gabby","Exmouth","ExBR","Yes","No","Yes","15","Yes","12","15",NA,0,1,NA,"No",114.1385591,-21.9548711,NA,"Boat","Extractive","Afternoon"
"115","56f778c7-19bd-4760-8dcb-76ff45456b48",249,"9/30/2020 8:32:23 AM","9/30/2020 8:33:43 AM","9/30/2020 8:33:43 AM","Nicole","Bundegi","BunBR","Yes","No","No",NA,NA,NA,NA,NA,NA,NA,NA,NA,114.1732527,-21.83075256,NA,"Boat","Refusal","Afternoon"
"116","57abd81d-55d9-466d-95f1-74194632b942",190,"9/29/2020 9:35:26 AM","9/29/2020 9:37:11 AM","9/29/2020 9:37:11 AM","Sam","Bundegi","BunBR","Yes","No","Yes","7","No","0","7",NA,NA,3,NA,"No",114.1708228,-21.8356138,NA,"Boat","Extractive","Afternoon"
"117","57f00e82-cb90-4c66-af86-86ff9190199f",290,"10/03/20","10/03/20 07:47","10/03/20 07:47","Nicole","Exmouth","ExBR","Yes","No","Yes","15","Yes","1","15",NA,0,0,NA,"No",113.9780989,-21.9125487,NA,"Boat","Extractive","Morning"
"118","58c68d7b-15d0-4aa3-aaa2-5211893e1de1",75,"9/27/2020 3:27:17 AM","9/27/2020 3:33:06 AM","9/27/2020 3:33:06 AM","Sam","ExmouthS","PebbleBeachRoad","No","No","Yes","5","No","0","5",NA,1,0,NA,"No",114.121629,-22.01785162,NA,"Shore","Non-extractive","Morning"
"119","598be3c6-1701-43d3-8700-822636d4df12",182,"9/29/2020 8:14:05 AM","9/29/2020 8:14:15 AM","9/29/2020 8:19:40 AM","Sam","Bundegi","BunBR","Yes","No","Yes","14","Yes","14","0",NA,0,0,NA,"No",114.1707088,-21.83527575,NA,"Boat","Extractive","Afternoon"
"120","59a628e1-b8eb-4c3d-90fc-66adac6b8499",241,"9/30/2020 7:17:07 AM","9/30/2020 7:18:19 AM","9/30/2020 7:18:19 AM","Nicole","Bundegi","BunBR","Yes","No","Yes","7","Yes","3","7",NA,0,0,NA,"Yes",114.1732904,-21.83080859,NA,"Boat","Non-extractive","Afternoon"
"121","59ca4696-15d7-4641-b614-d87c84518c3d",135,"10/01/20","10/01/20 07:30","10/01/20 07:30","Gabby","Bundegi","BunBR","Yes","No","Yes","Resident","Yes",NA,NA,NA,NA,NA,NA,NA,114.1704932,-21.83538394,NA,"Boat","Extractive","Afternoon"
"122","5a42dbff-99c0-4431-a020-b058852c0706",210,"10/02/20","10/02/20 03:57","10/02/20 03:57","Gabby","Tantabiddi","OysterStacks","Yes","No","Yes","8","No","0","8",NA,0,NA,NA,"No",113.879171,-22.13123039,"Cant remember # times in 2019","Shore","Non-extractive","Morning"
"123","5c008e02-fda3-495f-887a-9c97d085387f",177,"9/28/2020 3:23:32 AM","9/28/2020 3:24:44 AM","9/28/2020 3:24:44 AM","Sam","CoralBay","MaudsLanding","Yes","No","Yes","10","No","0","10",NA,0,0,NA,"No",113.769123,-23.14244268,NA,"Shore","Extractive","Morning"
"124","5cda63ef-f324-4473-82a5-fb32b39ba33a",185,"9/29/2020 8:54:05 AM","9/29/2020 8:55:47 AM","9/29/2020 8:55:47 AM","Sam","Bundegi","BunBR","Yes","No","Yes","14","Yes","14","0",NA,0,1,NA,"No",114.1701215,-21.83500061,NA,"Boat",NA,"Afternoon"
"125","5cda63ef-f324-4473-82a5-fb32b39ba33a",185,"9/29/2020 8:54:05 AM","9/29/2020 8:55:47 AM","9/29/2020 8:55:47 AM","Sam","Bundegi","BunBR","Yes","No","Yes","14","Yes","14","0",NA,0,1,NA,"No",114.1701215,-21.83500061,NA,"Boat","Extractive","Afternoon"
"126","5d824cd3-7eb4-4611-88b0-4c80fdc49bd1",65,"9/26/2020 9:34:04 AM","9/26/2020 9:40:45 AM","9/26/2020 9:40:45 AM","Sam","Exmouth","ExBR","Yes","No","Yes","Resident","Yes",NA,NA,NA,NA,NA,NA,NA,114.138543,-21.95471233,NA,"Boat","Non-extractive","Afternoon"
"127","5fc14bfd-8442-4487-85c0-1f4d577addcc",142,"10/01/20","10/01/20 08:15","10/01/20 08:15","Gabby","Bundegi","BunBR","Yes","No","No",NA,NA,NA,NA,NA,NA,NA,NA,NA,114.1708975,-21.8355016,NA,"Boat","Refusal","Afternoon"
"128","61c70704-67cb-41f9-81a3-649b5eaf81c0",297,"10/04/20","10/04/20 04:26","10/04/20 04:26","Nicole","Bundegi","Trisel","Yes","No","Yes","20","No","0","20",NA,0,1,NA,"No",114.0379273,-21.84649088,NA,"Shore","Non-extractive","Morning"
"129","623f8027-d77d-499c-b550-97535f8da840",86,"9/27/2020 8:04:23 AM","9/27/2020 8:05:58 AM","9/27/2020 8:05:58 AM","Nicole","CoralBay","Bills Bay","Yes","No","Yes","7","No","0","7",NA,0,1,NA,"No",113.7695981,-23.1422697,NA,"Shore","Non-extractive","Afternoon"
"130","628edc2d-2c59-495a-b444-b64b0bd6d090",123,"10/01/20","10/01/20 01:56","10/01/20 01:56","Sam","Tantabiddi","TantBR","Yes","No","Yes","9","Yes","6","3",NA,0,1,NA,"Yes",113.9789732,-21.91225154,NA,"Boat","Non-extractive","Morning"
"131","643b1c9a-b37c-4a5c-93dd-4bf41070e8b8",122,"10/01/20","10/01/20 01:54","10/01/20 01:54","Sam","Tantabiddi","TantBR","Yes","No","No",NA,NA,NA,NA,NA,NA,NA,NA,NA,113.9788179,-21.91273987,NA,"Boat","Refusal","Morning"
"132","64e11ff5-4fcb-415a-9258-d091be34d136",174,"9/27/2020 8:26:26 AM","9/27/2020 8:29:29 AM","9/27/2020 8:29:29 AM","Gabby","CoralBay","CBBR","Yes","No","Yes","9","Yes","7","9",NA,0,0,NA,"Yes",113.7691281,-23.15394018,NA,"Boat",NA,"Afternoon"
"133","67b70be5-caad-4954-81f8-d5e8b3c7b552",258,"10/01/20","10/01/20 01:32","10/01/20 01:32","Nicole","Tantabiddi","Turquoise Bay 1","Yes","No","Yes","4","No","0","4",NA,0,0,NA,"No",113.885778,-22.09921381,NA,"Shore","Non-extractive","Morning"
"134","67b70be5-caad-4954-81f8-d5e8b3c7b552",258,"10/01/20","10/01/20 01:32","10/01/20 01:32","Nicole","Tantabiddi","Turquoise Bay 1","Yes","No","Yes","4","No","0","4",NA,0,0,NA,"No",113.885778,-22.09921381,NA,"Shore","Non-extractive","Morning"
"135","67ea8bf8-5af1-44aa-a164-daf763c63e40",247,"9/30/2020 8:18:24 AM","9/30/2020 8:20:06 AM","9/30/2020 8:20:06 AM","Nicole","Bundegi","BunBR","Yes","No","Yes","10","Yes","8","2",NA,0,0,NA,"No",114.1732616,-21.83077963,NA,"Boat","Non-extractive","Afternoon"
"136","68cb181a-a351-4d30-a5cb-2f7c16821603",211,"10/02/20","10/02/20 04:03","10/02/20 04:03","Gabby","Tantabiddi","OysterStacks","Yes","No","Yes","9","No","0","9",NA,0,0,NA,"No",113.8779163,-22.13043515,NA,"Shore","Non-extractive","Morning"
"137","68f1990b-acd7-48d2-81cc-142b0d4801b7",278,"10/01/20","10/01/20 08:58","10/01/20 08:58","Nicole","Bundegi","BundegiBeach","Yes","No","Yes","14","No",NA,"6",NA,0,1,NA,"No",114.176867,-21.82707822,NA,"Shore","Non-extractive","Afternoon"
"138","691bbf41-1013-4ea3-a596-b5fea3f501cc",304,"10/04/20","10/04/20 07:01","10/04/20 07:01","Nicole","Tantabiddi","LakesideSnorkling","Yes","No","Yes","9","No","0","9",NA,0,0,NA,"Yes",113.9125467,-22.03537736,NA,"Shore","Non-extractive","Afternoon"
"139","691bbf41-1013-4ea3-a596-b5fea3f501cc",304,"10/04/20","10/04/20 07:01","10/04/20 07:01","Nicole","Tantabiddi","LakesideSnorkling","Yes","No","Yes","9","No","0","9",NA,0,0,NA,"Yes",113.9125467,-22.03537736,NA,"Shore","Non-extractive","Afternoon"
"140","69a7f8ad-f875-4430-a763-ba1a7f12ef7c",238,"9/30/2020 4:02:34 AM","9/30/2020 4:06:11 AM","9/30/2020 4:06:11 AM","Nicole","Tantabiddi","SandyBay","Yes","No","Yes","10","Yes","9","10",NA,2,1,NA,"No",113.8419198,-22.23073291,NA,"Boat","Extractive","Morning"
"141","69a7f8ad-f875-4430-a763-ba1a7f12ef7c",238,"9/30/2020 4:02:34 AM","9/30/2020 4:06:11 AM","9/30/2020 4:06:11 AM","Nicole","Tantabiddi","SandyBay","Yes","No","Yes","10","Yes","9","10",NA,2,1,NA,"No",113.8419198,-22.23073291,NA,"Shore","Non-extractive","Morning"
"142","69b96f65-e476-4579-98f4-acbd159857a1",279,"10/02/20","10/02/20 02:59","10/02/20 02:59","Nicole","Tantabiddi","TantBR","Yes","No","Yes","20","Yes","7","10",NA,0,1,NA,"No",113.9785117,-21.91242783,NA,"Boat","Extractive","Morning"
"143","6a245239-e95f-4207-a5dc-102dce43a225",73,"9/27/2020 1:48:12 AM","9/27/2020 1:48:26 AM","9/27/2020 1:59:31 AM","Sam","ExmouthS","ExmouthSouth","Yes","No","Yes","180","Yes","20","7",NA,2,2,NA,"Yes",114.1378144,-21.95815241,NA,"Shore","Non-extractive","Morning"
"144","6ca28078-09f1-4e21-9d9b-4a758368fe98",206,"9/30/2020 9:42:21 AM","9/30/2020 9:47:26 AM","9/30/2020 9:47:26 AM","Sam","Bundegi","Wobiri","Yes","No","Yes","11","No","0","11",NA,1,0,NA,"No",114.0299578,-21.84934065,NA,"Shore","Non-extractive","Afternoon"
"145","6ca28078-09f1-4e21-9d9b-4a758368fe98",206,"9/30/2020 9:42:21 AM","9/30/2020 9:47:26 AM","9/30/2020 9:47:26 AM","Sam","Bundegi","Wobiri","Yes","No","Yes","11","No","0","11",NA,1,0,NA,"No",114.0299578,-21.84934065,NA,"Shore","Non-extractive","Afternoon"
"146","6ce4af01-fc51-42d6-aa41-887ad88ff809",129,"10/01/20","10/01/20 04:19","10/01/20 04:19","Sam","Tantabiddi","TantBR","Yes","No","Yes","9","Yes","6","3",NA,0,1,NA,"No",113.9786487,-21.91265991,NA,"Boat","Extractive","Morning"
"147","6cfd23ba-0d6e-4b8a-bcbf-a1ea0a99de93",53,"9/26/2020 8:44:13 AM","9/26/2020 8:45:56 AM","9/26/2020 8:45:56 AM","Nicole","Exmouth","ExBR","Yes","No","Yes","4","Yes","4","4",NA,1,2,NA,"Yes",114.1389272,-21.95459621,NA,"Boat","Non-extractive","Afternoon"
"148","6cfd23ba-0d6e-4b8a-bcbf-a1ea0a99de93",53,"9/26/2020 8:44:13 AM","9/26/2020 8:45:56 AM","9/26/2020 8:45:56 AM","Nicole","Exmouth","ExBR","Yes","No","Yes","4","Yes","4","4",NA,1,2,NA,"Yes",114.1389272,-21.95459621,NA,"Boat","Non-extractive","Afternoon"
"149","6cfd23ba-0d6e-4b8a-bcbf-a1ea0a99de93",53,"9/26/2020 8:44:13 AM","9/26/2020 8:45:56 AM","9/26/2020 8:45:56 AM","Nicole","Exmouth","ExBR","Yes","No","Yes","4","Yes","4","4",NA,1,2,NA,"Yes",114.1389272,-21.95459621,NA,"Boat","Extractive","Afternoon"
"150","6da34e16-7d87-475b-ac04-704029831352",260,"10/01/20","10/01/20 01:58","10/01/20 01:58","Nicole","Tantabiddi","Turquoise Bay 1","Yes","No","Yes","9","No","0","9",NA,0,0,NA,"Yes",113.885663,-22.10035794,NA,"Shore","Non-extractive","Morning"
"151","6df7eb6b-9a79-40d5-8ba7-453ccc204bf8",111,"9/30/2020 4:08:25 AM","9/30/2020 4:12:41 AM","9/30/2020 4:12:41 AM","Gabby","Tantabiddi","TantBR","Yes","No","Yes","7","Yes","7","7",NA,0,0,NA,"No",113.9782728,-21.91368002,NA,"Boat","Extractive","Morning"
"152","6eb0139c-7b7b-4916-a2fb-d34c70a39307",80,"9/27/2020 8:23:28 AM","9/27/2020 8:35:15 AM","9/27/2020 8:35:15 AM","Sam","CoralBay","Bills Bay","Yes","No","Yes","10","No","0","10",NA,0,1,NA,"No",113.7688945,-23.14245426,NA,"Shore","Non-extractive","Afternoon"
"153","6f04a69c-8d35-41b2-9224-90dcc7ba48c8",284,"10/02/20","10/02/20 03:27","10/02/20 03:36","Nicole","Tantabiddi","TantBR","Yes","No","Yes","120","Yes",NA,"120",NA,0,1,NA,"No",113.9783958,-21.91237712,"Come up for 4 months of the year and goes out on the boat at least 2 times a week; was in up for 4 omths in 2019 as well","Boat","Extractive","Morning"
"154","6f57804f-2015-47b4-9922-283a8ef71042",194,"9/30/2020 3:43:43 AM","9/30/2020 3:45:32 AM","9/30/2020 3:45:32 AM","Sam","Tantabiddi","SandyBay","Yes","No","Yes","10","No","0","10",NA,0,0,NA,"Yes",113.842469,-22.23111698,NA,"Shore","Non-extractive","Morning"
"155","6f57804f-2015-47b4-9922-283a8ef71042",194,"9/30/2020 3:43:43 AM","9/30/2020 3:45:32 AM","9/30/2020 3:45:32 AM","Sam","Tantabiddi","SandyBay","Yes","No","Yes","10","No","0","10",NA,0,0,NA,"Yes",113.842469,-22.23111698,NA,"Shore","Non-extractive","Morning"
"156","6fe629a9-085f-4d4e-98a0-fb0cf322c135",218,"10/02/20","10/02/20 08:51","10/02/20 08:51","Gabby","Exmouth","ExBR","Yes","No","Yes","10","Yes","10","10",NA,0,0,NA,"Yes",114.1385297,-21.95475038,NA,"Boat","Non-extractive","Afternoon"
"157","6ff2e8a5-da42-44fc-9999-e10415ab9c0a",84,"9/27/2020 7:52:03 AM","9/27/2020 7:53:24 AM","9/27/2020 7:53:24 AM","Nicole","CoralBay","Bills Bay","Yes","Yes","Yes","14","No","0","14",NA,NA,0,NA,"No",113.7687808,-23.14233467,NA,"Shore","Non-extractive","Afternoon"
"158","7036febc-9142-47d5-a8f0-142616f428aa",267,"10/01/20","10/01/20 03:03","10/01/20 03:03","Nicole","Tantabiddi","Turquoise Bay 1","Yes","No","No",NA,NA,NA,NA,NA,NA,NA,NA,NA,113.8857842,-22.09912362,NA,"Shore","Refusal","Morning"
"159","706f2244-30f9-48f5-9bf0-9c5ebf9d8766",170,"9/27/2020 7:12:30 AM","9/27/2020 7:12:30 AM","9/27/2020 7:12:30 AM","Gabby","CoralBay","CBBR","Yes","No","Yes","8","Yes","6","8",NA,1,0,NA,"Yes",114.101065,-22.21398311,NA,"Boat","Non-extractive","Afternoon"
"160","70b06f1f-f619-408e-9cf3-7514090223ab",70,"9/26/2020 8:40:51 AM","9/26/2020 8:42:09 AM","9/26/2020 8:59:41 AM","Gabby","Exmouth","ExBR","Yes","No","Yes","Resident","Yes",NA,NA,NA,NA,NA,NA,NA,114.1394713,-21.95578718,NA,"Boat","Extractive","Afternoon"
"161","7254da1c-0d4f-4136-9c39-fe1f6f14bcc6",192,"9/29/2020 9:57:33 AM","9/29/2020 9:59:30 AM","9/29/2020 9:59:30 AM","Sam","Bundegi","BunBR","Yes","No","Yes","16","Yes","16","0",NA,0,0,NA,"Yes",114.1703476,-21.83516969,NA,"Boat","Extractive","Afternoon"
"162","732680f7-16f2-4f3d-b038-dbe61cf69fb4",232,"10/04/20","10/04/20 06:16","10/04/20 06:16","Sam","Tantabiddi","KoriBay","Yes","No","No",NA,NA,NA,NA,NA,NA,NA,NA,NA,113.9179809,-22.02986739,NA,"Shore","Refusal","Afternoon"
"163","73d797a2-4ef4-4299-8034-0d9970a002fd",231,"10/04/20","10/04/20 04:33","10/04/20 04:33","Sam","Bundegi","Trisel","Yes","No","Yes","13","No","0","13",NA,0,0,NA,"No",114.0383569,-21.84685662,NA,"Shore","Extractive","Morning"
"164","73d797a2-4ef4-4299-8034-0d9970a002fd",231,"10/04/20","10/04/20 04:33","10/04/20 04:33","Sam","Bundegi","Trisel","Yes","No","Yes","13","No","0","13",NA,0,0,NA,"No",114.0383569,-21.84685662,NA,"Shore","Extractive","Morning"
"165","79a8160e-e352-443c-b2b7-58e82dc96d2f",83,"9/27/2020 4:18:12 AM","9/27/2020 4:19:54 AM","9/27/2020 4:19:54 AM","Nicole","ExmouthS","LearmonthJetty","Yes","No","Yes","10","Yes","1","10",NA,0,1,NA,"No",114.099182,-22.2121022,NA,"Shore","Extractive","Morning"
"166","79e22e7c-9ace-491d-ad9c-81f0bcc41b4d",220,"10/02/20","10/02/20 09:18","10/02/20 09:18","Gabby","Exmouth","ExBR","Yes","No","Yes","7","Yes","5","7",NA,0,0,NA,"No",114.1471439,-21.95736981,"Jetski","Boat","Non-extractive","Afternoon"
"167","7caf0058-daa3-48a9-a9cc-4d7a818fc9f6",162,"10/03/20","10/03/20 09:26","10/03/20 09:26","Sam","Tantabiddi","Turquoise Bay 2","Yes","No","Yes","10","No","0","8",NA,0,0,NA,"Yes",113.9221449,-22.02220483,NA,"Shore","Non-extractive","Afternoon"
"168","7caf0058-daa3-48a9-a9cc-4d7a818fc9f6",162,"10/03/20","10/03/20 09:26","10/03/20 09:26","Sam","Tantabiddi","Turquoise Bay 2","Yes","No","Yes","10","No","0","8",NA,0,0,NA,"Yes",113.9221449,-22.02220483,NA,"Shore","Non-extractive","Afternoon"
"169","7ff1e122-ecbc-4939-b848-ff41a9047491",181,"9/29/2020 8:04:44 AM","9/29/2020 8:06:18 AM","9/29/2020 8:06:18 AM","Sam","Bundegi","BunBR","Yes","No","Yes","8","Yes","2","6",NA,0,0,NA,"No",114.1705692,-21.83502132,NA,"Boat","Extractive","Afternoon"
"170","80327a4b-f6b8-4d9f-a4ed-61e91a844fd5",61,"9/26/2020 8:11:52 AM","9/26/2020 8:17:26 AM","9/26/2020 8:36:05 AM","Sam","Exmouth","ExBR","Yes","No","Yes","Resident","Yes",NA,NA,NA,NA,NA,NA,NA,114.138304,-21.95483783,NA,"Boat","Extractive","Afternoon"
"171","80327a4b-f6b8-4d9f-a4ed-61e91a844fd5",61,"9/26/2020 8:11:52 AM","9/26/2020 8:17:26 AM","9/26/2020 8:36:05 AM","Sam","Exmouth","ExBR","Yes","No","Yes","Resident","Yes",NA,NA,NA,NA,NA,NA,NA,114.138304,-21.95483783,NA,"Boat","Extractive","Afternoon"
"172","80462b0b-075f-49fc-9fbb-094a8a51fdbb",273,"10/01/20","10/01/20 07:41","10/01/20 07:41","Nicole","Bundegi","BundegiBeach","Yes","No","Yes","6","No","0","6",NA,NA,0,NA,"Yes",114.1790747,-21.82574118,NA,"Shore","Extractive","Afternoon"
"173","8096c1b7-5a8c-44f3-bd69-1506157c8819",202,"9/30/2020 8:30:47 AM","9/30/2020 8:24:45 AM","9/30/2020 8:24:45 AM","Sam","Bundegi","Janz","Yes","No","Yes","9","No","0","8",NA,0,1,NA,"No",114.07174,-21.82749173,NA,"Shore","Non-extractive","Afternoon"
"174","810d899e-1dd9-4af3-a1c3-eb23ba1ea6d3",114,"9/30/2020 8:14:29 AM","9/30/2020 8:17:04 AM","9/30/2020 8:17:04 AM","Gabby","Bundegi","Janz","Yes","Yes","No",NA,NA,NA,NA,NA,NA,NA,NA,NA,114.0724954,-21.82774863,NA,"Shore","Refusal","Afternoon"
"175","82d6e2fb-b1f2-4b9e-b613-f1d9145e31ad",271,"10/01/20","10/01/20 07:25","10/01/20 07:25","Nicole","Bundegi","BundegiBeach","Yes","No","Yes","5","No","0","3",NA,NA,0,NA,NA,114.1795088,-21.82544094,NA,"Shore","Non-extractive","Afternoon"
"176","834febc8-90c8-4031-9e6c-1d4f2da939fa",184,"9/29/2020 8:42:21 AM","9/29/2020 8:49:04 AM","9/29/2020 8:49:04 AM","Sam","Bundegi","BunBR","Yes","No","Yes","Resident","Yes","56",NA,NA,NA,NA,NA,"No",114.1706715,-21.8352226,"56 times in a year, once a week","Boat","Extractive","Afternoon"
"177","835c9bce-90ab-44a0-8889-7ba93f012aeb",90,"9/27/2020 8:53:04 AM","9/27/2020 8:54:09 AM","9/27/2020 8:54:09 AM","Nicole","CoralBay","Bills Bay","Yes","No","No",NA,NA,NA,NA,NA,NA,NA,NA,NA,113.7708156,-23.14202855,NA,"Shore","Refusal","Afternoon"
"178","843b31b7-73dd-4fde-957a-5b2568146145",81,"9/27/2020 9:13:27 AM","9/27/2020 9:15:39 AM","9/27/2020 9:33:36 AM","Sam","CoralBay","Bills Bay","Yes","No","No",NA,NA,NA,NA,NA,NA,NA,NA,NA,113.7686056,-23.14237204,"Language barrier","Shore","Refusal","Afternoon"
"179","84f54ea7-28fa-47e8-a1b6-1281c901c02c",168,"10/04/20","10/04/20 06:56","10/04/20 06:56","Gabby","Tantabiddi","LakesideSnorkling","Yes","No","Yes","11","No","0","11",NA,0,1,NA,"No",113.9137884,-22.03527567,NA,"Shore","Non-extractive","Afternoon"
"180","859ce927-97f8-4417-bb49-e306aa022e5a",219,"10/02/20","10/02/20 09:01","10/02/20 09:01","Gabby","Exmouth","ExBR","Yes","No","Yes","10","Yes","10","10",NA,0,0,NA,"No",114.1384377,-21.95461221,NA,"Boat","Extractive","Afternoon"
"181","8646b0f4-469f-431c-98fc-1a688ba3c830",136,"10/01/20","10/01/20 07:37","10/01/20 07:37","Gabby","Bundegi","BunBR","Yes","No","No",NA,NA,NA,NA,NA,NA,NA,NA,NA,114.1709009,-21.83533594,NA,"Boat","Refusal","Afternoon"
"182","8672d760-6830-4f89-9f4d-e64d047a28ef",253,"9/30/2020 9:05:23 AM","9/30/2020 9:05:23 AM","9/30/2020 9:05:23 AM","Nicole","Bundegi","BunBR","Yes","No","Yes","7","Yes","2","7",NA,2,1,NA,"No",114.1732727,-21.83078852,NA,"Boat","Non-extractive","Afternoon"
"183","8672d760-6830-4f89-9f4d-e64d047a28ef",253,"9/30/2020 9:05:23 AM","9/30/2020 9:05:23 AM","9/30/2020 9:05:23 AM","Nicole","Bundegi","BunBR","Yes","No","Yes","7","Yes","2","7",NA,2,1,NA,"No",114.1732727,-21.83078852,NA,"Boat","Non-extractive","Afternoon"
"184","899b9c10-6851-4694-8803-4f799874aaa9",57,"9/26/2020 9:45:19 AM","9/26/2020 9:46:26 AM","9/26/2020 9:46:26 AM","Nicole","Exmouth","ExBR","Yes","No","No",NA,NA,NA,NA,NA,NA,NA,NA,NA,114.1382657,-21.95510103,NA,"Boat","Refusal","Afternoon"
"185","89acb2bb-0a3b-4e6a-9579-1a9b3e367351",134,"10/01/20","10/01/20 07:29","10/01/20 07:29","Gabby","Bundegi","BunBR","Yes","No","No",NA,NA,NA,NA,NA,NA,NA,NA,NA,114.1710945,-21.83516963,NA,"Boat","Refusal","Afternoon"
"186","8b37bfb1-9db2-4a5b-aa84-d57f17911320",187,"9/29/2020 9:06:48 AM","9/29/2020 9:09:03 AM","9/29/2020 9:09:03 AM","Sam","Bundegi","BunBR","Yes","No","Yes","7","Yes","5","2",NA,0,0,NA,"Yes",114.1703139,-21.83555392,NA,"Boat","Extractive","Afternoon"
"187","8cb7aa31-e5dd-4bbf-b7cf-ec073fc260a9",152,"10/02/20","10/02/20 04:29","10/02/20 04:29","Sam","Tantabiddi","SandyBay","Yes","Yes","Yes","8","No","0","8",NA,0,0,NA,"No",113.8430215,-22.23189271,NA,"Shore","Non-extractive","Afternoon"
"188","8e6a7553-9c74-48fc-a877-16dfd4137d2f",277,"10/01/20","10/01/20 08:42","10/01/20 08:42","Nicole","Bundegi","BundegiBeach","Yes","No","Yes","5","No","0","5",NA,0,0,NA,"Yes",114.1779078,-21.82637754,NA,"Shore","Extractive","Afternoon"
"189","8fbf5c2a-f469-4f94-a0f0-7ed125e98448",262,"10/01/20","10/01/20 02:09","10/01/20 02:09","Nicole","Tantabiddi","Turquoise Bay 1","No","No","Yes","5","No","0","5",NA,NA,0,NA,"Yes",113.8856454,-22.10012983,NA,"Shore","Non-extractive","Morning"
"190","901ae280-d157-471a-8400-314abcbd783f",244,"9/30/2020 7:53:07 AM","9/30/2020 7:54:43 AM","9/30/2020 7:54:43 AM","Nicole","Bundegi","BunBR","Yes","No","Yes","10","Yes","2","10",NA,0,0,NA,"No",114.1732519,-21.83078784,NA,"Boat","Extractive","Afternoon"
"191","901ae280-d157-471a-8400-314abcbd783f",244,"9/30/2020 7:53:07 AM","9/30/2020 7:54:43 AM","9/30/2020 7:54:43 AM","Nicole","Bundegi","BunBR","Yes","No","Yes","10","Yes","2","10",NA,0,0,NA,"No",114.1732519,-21.83078784,NA,"Boat","Extractive","Afternoon"
"192","901ae280-d157-471a-8400-314abcbd783f",244,"9/30/2020 7:53:07 AM","9/30/2020 7:54:43 AM","9/30/2020 7:54:43 AM","Nicole","Bundegi","BunBR","Yes","No","Yes","10","Yes","2","10",NA,0,0,NA,"No",114.1732519,-21.83078784,NA,"Boat","Extractive","Afternoon"
"193","903b8c5b-6c13-4ccf-ba73-150cbbeb0191",298,"10/04/20","10/04/20 05:15","10/04/20 05:15","Nicole","Tantabiddi","TantBR","Yes","No","Yes","7","No","0","7",NA,2,0,NA,"No",113.9781227,-21.91260587,NA,"Shore","Extractive","Morning"
"194","91235c64-506f-4de0-a652-69b651e283a0",296,"10/04/20","10/04/20 03:10","10/04/20 03:10","Nicole","Bundegi","Hunters","Yes","No","Yes","8","No","0","5",NA,NA,0,NA,"Yes",114.1081827,-21.80303402,NA,"Shore","Non-extractive","Morning"
"195","91ca9f0b-d00f-4b7d-8046-f299c6b25a31",288,"10/03/20","10/03/20 02:09","10/03/20 02:19","Nicole","Exmouth","ExBR","Yes","No","Yes","6","No","0","6",NA,0,0,NA,"No",114.1385753,-21.95487928,NA,"Shore","Extractive","Morning"
"196","92acdb9f-5efa-4df1-8b00-e23d32d33623",203,"9/30/2020 8:53:53 AM","9/30/2020 8:55:34 AM","9/30/2020 8:55:34 AM","Sam","Bundegi","Wobiri","Yes","No","Yes","14","No","0","14",NA,0,0,NA,"Yes",114.0476427,-21.84098525,NA,"Shore","Non-extractive","Afternoon"
"197","92acdb9f-5efa-4df1-8b00-e23d32d33623",203,"9/30/2020 8:53:53 AM","9/30/2020 8:55:34 AM","9/30/2020 8:55:34 AM","Sam","Bundegi","Wobiri","Yes","No","Yes","14","No","0","14",NA,0,0,NA,"Yes",114.0476427,-21.84098525,NA,"Shore","Non-extractive","Afternoon"
"198","954f8b74-4fd5-4abe-8f16-aa618caace00",161,"10/03/20","10/03/20 09:07","10/03/20 09:07","Sam","Tantabiddi","Turquoise Bay 1","Yes","No","Yes","8","No","0","8",NA,1,1,NA,"No",113.9216273,-22.02226868,NA,"Shore","Non-extractive","Afternoon"
"199","9668d10d-4a9e-49c1-8bef-9ceebb46c5ed",71,"9/26/2020 9:37:00 AM","9/26/2020 9:37:28 AM","9/26/2020 9:37:28 AM","Gabby","Exmouth","ExBR","Yes","No","Yes","8","Yes","6","8",NA,0,0,NA,"No",114.157079,-21.9472139,NA,"Boat","Extractive","Afternoon"
"200","9680e7ad-0371-46a2-a379-c7e10a93ea78",239,"9/30/2020 4:23:39 AM","9/30/2020 4:24:04 AM","9/30/2020 4:24:04 AM","Sam","Tantabiddi","SandyBay","Yes","No","No",NA,NA,NA,NA,NA,NA,NA,NA,NA,113.84265,-22.23073812,NA,"Shore","Refusal","Morning"
"201","971ac16c-73c4-4f33-86d2-dd9a2daa54ee",103,"9/28/2020 3:37:39 AM","9/28/2020 3:39:48 AM","9/28/2020 3:39:48 AM","Nicole","CoralBay","CBBR","Yes","No","Yes","7","No","0","7",NA,0,1,NA,"Yes",113.7667722,-23.15748751,NA,"Shore","Non-extractive","Morning"
"202","98129e26-31b1-4a11-9cbc-c9a52d8840a0",197,"9/30/2020 4:06:16 AM","9/30/2020 4:07:46 AM","9/30/2020 4:07:46 AM","Sam","Tantabiddi","SandyBay","Yes","Yes","Yes","14","No","0","10",NA,0,NA,NA,"Yes",113.8433783,-22.23127155,NA,"Shore","Non-extractive","Morning"
"203","9899f5c5-a9bb-4b0c-88dc-c2cd945f6d87",269,"10/01/20","10/01/20 03:17","10/01/20 03:18","Nicole","Tantabiddi","Turquoise Bay 2","Yes","No","Yes","7","No","0","7",NA,0,0,NA,"Yes",113.8858656,-22.10098563,NA,"Shore","Non-extractive","Afternoon"
"204","99279eac-05b9-4b1c-affb-6afeb08177a9",261,"10/01/20","10/01/20 02:06","10/01/20 02:06","Nicole","Tantabiddi","Turquoise Bay 1","Yes","No","No","No",NA,NA,NA,NA,NA,NA,NA,NA,113.8856511,-22.10023074,NA,"Shore","Refusal","Morning"
"205","9976a9ef-f4d7-420c-a68d-03377155314c",208,"09/01/20","10/01/20 07:58","10/01/20 07:58","Sam","Bundegi","LHBaySZSouth","Yes","No","Yes","120","No","0","120",NA,0,1,NA,"No",114.1539025,-21.79157999,"Comes up for between 1-4 moths every year","Shore","Non-extractive","Afternoon"
"206","9976a9ef-f4d7-420c-a68d-03377155314c",208,"09/01/20","10/01/20 07:58","10/01/20 07:58","Sam","Bundegi","LHBaySZSouth","Yes","No","Yes","120","No","0","120",NA,0,1,NA,"No",114.1539025,-21.79157999,"Comes up for between 1-4 moths every year","Shore","Non-extractive","Afternoon"
"207","9976a9ef-f4d7-420c-a68d-03377155314c",208,"09/01/20","10/01/20 07:58","10/01/20 07:58","Sam","Bundegi","LHBaySZSouth","Yes","No","Yes","120","No","0","120",NA,0,1,NA,"No",114.1539025,-21.79157999,"Comes up for between 1-4 moths every year","Shore","Extractive","Afternoon"
"208","9a26e6ca-ede5-46c7-944a-9d38caeb3f7b",289,"10/03/20","10/03/20 02:17","10/03/20 02:18","Nicole","Exmouth","ExBR","Yes","No","No",NA,NA,NA,NA,NA,NA,NA,NA,NA,114.1392651,-21.95574379,"They didn't think they would be any help","Boat","Refusal","Morning"
"209","9d53cfd7-471a-4d48-804a-ac1f2830876c",268,"10/01/20","10/01/20 03:05","10/01/20 03:05","Nicole","Tantabiddi","Turquoise Bay 1","Yes","No","Yes","4","No","0","4",NA,0,0,NA,"Yes",113.8858681,-22.09875536,NA,"Shore","Non-extractive","Morning"
"210","9d619f17-7ff6-4ea4-8c69-8c9ef64ad86c",294,"10/04/20","10/04/20 03:03","10/04/20 03:03","Nicole","Bundegi","Hunters","Yes","No","No",NA,NA,NA,NA,NA,NA,NA,NA,NA,114.1084334,-21.80293566,NA,"Shore","Refusal","Morning"
"211","9d622635-9303-439b-8210-d2bf3c7dbf70",275,"10/01/20","10/01/20 07:58","10/01/20 07:58","Nicole","Bundegi","BundegiBeach","Yes","No","Yes","10","No","0","10",NA,0,0,NA,"No",114.1782631,-21.82625914,NA,"Shore","Non-extractive","Afternoon"
"212","9f11f64d-60f3-4efa-9291-b74665538a9c",149,"10/02/20","10/02/20 03:23","10/02/20 03:23","Sam","Tantabiddi","OspreyBay","Yes","No","Yes","7","No","0","7",NA,0,1,NA,"No",113.8400306,-22.23808846,NA,"Shore","Non-extractive","Morning"
"213","9f11f64d-60f3-4efa-9291-b74665538a9c",149,"10/02/20","10/02/20 03:23","10/02/20 03:23","Sam","Tantabiddi","OspreyBay","Yes","No","Yes","7","No","0","7",NA,0,1,NA,"No",113.8400306,-22.23808846,NA,"Shore","Non-extractive","Morning"
"214","9fd9ae69-0b38-4aa7-9e0e-950fa6a42179",281,"10/02/20","10/02/20 03:08","10/02/20 03:13","Nicole","Tantabiddi","TantBR","Yes","No","Yes","10","Yes","2","10",NA,0,0,NA,"No",113.9782821,-21.91234075,NA,"Boat","Extractive","Morning"
"215","a20d68ef-8d4f-4e57-9f70-b68760580506",229,"10/04/20","10/04/20 02:30","10/04/20 02:30","Sam","Bundegi","LHeast","Yes","Yes","No",NA,NA,NA,NA,NA,NA,NA,NA,NA,114.1246502,-21.80644468,NA,"Shore","Refusal","Afternoon"
"216","a2254200-2b53-40e8-a42a-8a02dbf1665f",217,"10/02/20","10/02/20 08:45","10/02/20 08:45","Gabby","Exmouth","ExBR","Yes","No","Yes","Resident",NA,NA,NA,NA,NA,NA,NA,NA,114.1381828,-21.95473071,NA,"Boat","Non-extractive","Afternoon"
"217","a352d1a0-0ab9-4c8e-b9b1-06e24b452998",166,"10/04/20","10/04/20 06:47","10/04/20 06:47","Gabby","Tantabiddi","LakesideSnorkling","Yes","No","Yes","12","No","0","12",NA,0,0,NA,"Yes",113.9152497,-22.03371997,NA,"Shore","Non-extractive","Afternoon"
"218","a475f30a-7089-408b-91e9-2d2fe20072e5",292,"10/03/20","10/03/20 09:07","10/03/20 09:07","Nicole","Tantabiddi","Mesa","Yes","No","Yes","4","Yes","0","4",NA,0,NA,NA,"No",113.9268202,-22.00421931,NA,"Shore","Extractive","Afternoon"
"219","a592c91d-b14b-4bbd-8859-470a1b90f33e",92,"9/28/2020 3:13:07 AM","9/28/2020 3:15:20 AM","9/28/2020 3:15:20 AM","Gabby","CoralBay","MaudsLanding","Yes","No","Yes","14","No","0","14",NA,0,0,NA,"No",113.7762221,-23.11392034,NA,"Shore","Non-extractive","Morning"
"220","a5bba7ac-1015-43c0-9244-5895d0301a3e",120,"10/01/20","10/01/20 01:13","10/01/20 01:13","Sam","Tantabiddi","TantBR","Yes","No","Yes","11","Yes","6","5",NA,0,2,NA,"No",113.9787144,-21.91261979,NA,"Boat","Extractive","Morning"
"221","a62a93cc-8a53-446f-8388-6d6cd207483d",153,"10/02/20","10/02/20 04:42","10/02/20 04:42","Sam","Tantabiddi","SandyBay","Yes","No","Yes","8","No","0","8",NA,0,0,NA,"No",113.8425835,-22.23197806,NA,"Shore","Non-extractive","Afternoon"
"222","a62a93cc-8a53-446f-8388-6d6cd207483d",153,"10/02/20","10/02/20 04:42","10/02/20 04:42","Sam","Tantabiddi","SandyBay","Yes","No","Yes","8","No","0","8",NA,0,0,NA,"No",113.8425835,-22.23197806,NA,"Shore","Non-extractive","Afternoon"
"223","a62a93cc-8a53-446f-8388-6d6cd207483d",153,"10/02/20","10/02/20 04:42","10/02/20 04:42","Sam","Tantabiddi","SandyBay","Yes","No","Yes","8","No","0","8",NA,0,0,NA,"No",113.8425835,-22.23197806,NA,"Shore","Extractive","Afternoon"
"224","a8b5777c-9cfa-45d7-aebd-aac2e05e5fa5",303,"10/04/20","10/04/20 06:56","10/04/20 06:56","Nicole","Tantabiddi","LakesideSnorkling","Yes","No","Yes","5","No","0","2",NA,0,1,NA,"No",113.9125,-22.03531349,NA,"Shore","Non-extractive","Afternoon"
"225","a9cdd0a0-e151-4532-b707-12fd34dcef8d",246,"9/30/2020 8:11:56 AM","9/30/2020 8:13:03 AM","9/30/2020 8:44:00 AM","Nicole","Bundegi","BunBR","Yes","No","Yes","Resident",NA,NA,NA,NA,NA,NA,NA,NA,114.1732733,-21.8307708,NA,"Boat","Non-extractive","Afternoon"
"226","aa5c7637-8858-4c26-a144-61b50d398c5c",175,"9/28/2020 3:07:53 AM","9/28/2020 3:08:40 AM","9/28/2020 3:08:40 AM","Sam","CoralBay","MaudsLanding","Yes","No","Yes","14","No","0","14",NA,0,1,NA,"No",113.8156179,-23.07398326,NA,"Shore","Extractive","Morning"
"227","aa99b287-18e4-4c71-b4d7-2da39f14c5bb",87,"9/27/2020 8:08:15 AM","9/27/2020 8:27:03 AM","9/27/2020 8:27:03 AM","Nicole","CoralBay","Bills Bay","Yes","No","Yes","5","No","0","5",NA,0,0,NA,"Yes",113.769622,-23.14221254,NA,"Shore","Non-extractive","Afternoon"
"228","abb8b0b9-ce25-4ac3-90b7-d838cb083aca",205,"9/30/2020 9:34:18 AM","9/30/2020 9:35:53 AM","9/30/2020 9:35:53 AM","Sam","Bundegi","Wobiri","Yes","No","Yes","14","No","0","10",NA,0,0,NA,"No",114.0292537,-21.84936487,NA,"Shore","Non-extractive","Afternoon"
"229","abb8b0b9-ce25-4ac3-90b7-d838cb083aca",205,"9/30/2020 9:34:18 AM","9/30/2020 9:35:53 AM","9/30/2020 9:35:53 AM","Sam","Bundegi","Wobiri","Yes","No","Yes","14","No","0","10",NA,0,0,NA,"No",114.0292537,-21.84936487,NA,"Shore","Non-extractive","Afternoon"
"230","ae7337a1-2382-4af4-a534-ce96fbe509ca",107,"9/28/2020 8:44:45 AM","9/28/2020 8:49:57 AM","9/28/2020 8:49:57 AM","Sam","ExmouthS","LearmonthJetty","Yes","No","Yes","14","No","0","5",NA,0,NA,NA,"Yes",114.0994745,-22.21223314,NA,"Shore","Extractive","Morning"
"231","af44acf8-2792-42eb-b7b5-3611d5620d97",248,"9/30/2020 8:23:48 AM","9/30/2020 8:27:22 AM","9/30/2020 8:27:22 AM","Nicole","Bundegi","BunBR","Yes","No","Yes","16","Yes","8","16",NA,1,0,NA,"No",114.1732457,-21.8307694,NA,"Boat","Extractive","Afternoon"
"232","af8b3d5e-93c0-4d28-a9cd-d89377c8034b",225,"10/03/20","10/03/20 08:52","10/03/20 08:52","Gabby","Tantabiddi","Turquoise Bay 2","Yes","No","Yes","12","No","0","12",NA,0,0,NA,"No",113.8893932,-22.09890816,NA,"Shore","Non-extractive","Afternoon"
"233","b06c12ce-d6e7-4317-b741-f09c2c6d9ffa",179,"9/28/2020 4:35:34 AM","9/28/2020 4:36:33 AM","9/28/2020 4:36:33 AM","Sam","CoralBay","Bills Bay","Yes","No","Yes","8","No","0","8",NA,0,0,NA,"No",113.7691454,-23.14195026,NA,"Shore","Non-extractive","Morning"
"234","b17c5d59-b779-49b8-925c-9e3c0f29b213",163,"10/04/20","10/04/20 03:03","10/04/20 03:03","Gabby","Bundegi","Hunters","Yes","No","Yes","8","No","0","8",NA,0,0,NA,"No",114.1091362,-21.80499452,NA,"Shore","Non-extractive","Morning"
"235","b1ab1a0e-d1ba-4c67-9c8f-c6bbfe0dbbe4",250,"9/30/2020 8:35:12 AM","9/30/2020 8:38:21 AM","9/30/2020 8:38:21 AM","Nicole","Bundegi","BunBR","Yes","No","No",NA,NA,NA,NA,NA,NA,NA,NA,NA,114.1732519,-21.83074397,NA,"Boat","Refusal","Afternoon"
"236","b2ce3c74-2c8f-4d26-8780-b78d5a7e4f61",150,"10/02/20","10/02/20 03:31","10/02/20 03:31","Sam","Tantabiddi","OspreyBay","Yes","No","Yes","8","No","0","8",NA,0,0,NA,"No",113.8406992,-22.23761903,NA,"Shore","Non-extractive","Morning"
"237","b2ce3c74-2c8f-4d26-8780-b78d5a7e4f61",150,"10/02/20","10/02/20 03:31","10/02/20 03:31","Sam","Tantabiddi","OspreyBay","Yes","No","Yes","8","No","0","8",NA,0,0,NA,"No",113.8406992,-22.23761903,NA,"Shore","Non-extractive","Morning"
"238","b3202820-e9a7-4711-aab3-b438bf91275c",55,"9/26/2020 9:30:07 AM","9/26/2020 9:31:03 AM","9/26/2020 9:31:03 AM","Nicole","Exmouth","ExBR","Yes","No","No",NA,NA,NA,NA,NA,NA,NA,NA,NA,114.1388754,-21.95528685,NA,"Boat","Refusal","Afternoon"
"239","b377be0a-da40-47fc-a2ae-8c5889667349",116,"9/30/2020 8:19:05 AM","9/30/2020 8:23:11 AM","9/30/2020 8:23:11 AM","Gabby","Bundegi","Janz","Yes","No","Yes","12","Yes","9","12",NA,0,1,NA,"Yes",114.0728365,-21.82738979,NA,"Boat","Non-extractive","Afternoon"
"240","b3c94643-a932-4d71-b5db-950ac2a0eea9",147,"10/02/20","10/02/20 03:00","10/02/20 03:00","Sam","Tantabiddi","OspreyBay","Yes","No","Yes","14","No","0","14",NA,0,2,NA,"No",113.840453,-22.23789107,NA,"Shore","Non-extractive","Morning"
"241","b479ee94-dee8-47c8-b776-06d0a71413a0",104,"9/28/2020 3:57:48 AM","9/28/2020 4:00:02 AM","9/28/2020 4:00:02 AM","Nicole","CoralBay","CBBR","Yes","Yes","Yes","3","Yes","3","0",NA,0,1,NA,"No",113.7677011,-23.15559563,NA,"Boat","Extractive","Morning"
"242","b50cea6f-1e1f-4aa5-b830-2b80fd41645e",110,"9/30/2020 3:27:21 AM","9/30/2020 3:29:27 AM","9/30/2020 3:29:27 AM","Gabby","Tantabiddi","TantBR","Yes","No","Yes","9","Yes","10","11",NA,1,1,NA,"No",113.9756834,-21.91546811,NA,"Boat","Extractive","Morning"
"243","b613bff6-215f-4d98-8da3-00bb83d3833b",121,"10/01/20","10/01/20 01:28","10/01/20 01:28","Sam","Tantabiddi","TantBR","Yes","No","Yes","10",NA,"10","2",NA,0,0,NA,"No",113.9789215,-21.91253974,NA,"Boat","Extractive","Morning"
"244","b623d1ee-5cdd-4704-82a5-c36eb7c014b5",256,"9/30/2020 9:42:24 AM","9/30/2020 9:45:10 AM","9/30/2020 9:45:10 AM","Nicole","Bundegi","BunBR","Yes","No","No",NA,NA,NA,NA,NA,NA,NA,NA,NA,114.1732471,-21.830771,NA,"Boat","Refusal","Afternoon"
"245","b72ee2d2-2ffb-4398-860c-1e55e1a47db6",228,"10/04/20","10/04/20 02:24","10/04/20 02:24","Sam","Bundegi","LHeast","Yes","No","Yes","5","No","0","5",NA,0,0,NA,"Yes",114.1243983,-21.80654304,NA,"Shore","Extractive","Afternoon"
"246","b83f074c-f9dc-4dc0-b692-d44171dd79aa",128,"10/01/20","10/01/20 03:30","10/01/20 03:30","Sam","Tantabiddi","TantBR","Yes","No","No",NA,NA,NA,NA,NA,NA,NA,NA,NA,113.978601,-21.91259663,NA,"Boat","Refusal","Morning"
"247","b9179fd5-a280-4b85-b20b-e6394bd36db0",126,"10/01/20","10/01/20 02:42","10/01/20 02:42","Sam","Tantabiddi","TantBR","Yes","No","No",NA,NA,NA,NA,NA,NA,NA,NA,NA,113.9787939,-21.91270161,NA,"Boat","Refusal","Morning"
"248","b943ece8-96f6-48c7-b86b-a2eb0409c71b",286,"10/02/20","10/02/20 04:30","10/02/20 04:30","Nicole","Tantabiddi","TantBR","Yes","No","Yes","Resident","Yes",NA,NA,NA,NA,NA,NA,NA,113.9783434,-21.91235051,NA,"Shore","Non-extractive","Morning"
"249","b943ece8-96f6-48c7-b86b-a2eb0409c71b",286,"10/02/20","10/02/20 04:30","10/02/20 04:30","Nicole","Tantabiddi","TantBR","Yes","No","Yes","Resident","Yes",NA,NA,NA,NA,NA,NA,NA,113.9783434,-21.91235051,NA,"Shore","Non-extractive","Morning"
"250","ba93130d-dbe1-4870-ab22-9f174d07ea1b",188,"9/29/2020 9:17:41 AM","9/29/2020 9:19:10 AM","9/29/2020 9:19:10 AM","Sam","Bundegi","BunBR","Yes","No","No",NA,NA,NA,NA,NA,NA,NA,NA,NA,114.1703595,-21.83572353,NA,"Boat","Refusal","Afternoon"
"251","bb93adb0-631d-40bd-8948-43a4cddc43b9",67,"9/26/2020 10:02:46 AM","9/26/2020 10:05:49 AM","9/26/2020 10:15:26 AM","Sam","Exmouth","ExBR","Yes","No","Yes","10","Yes","10","0",NA,2,NA,NA,"No",114.1383659,-21.95469447,NA,"Boat","Extractive","Afternoon"
"252","bba9b278-2099-4ff4-8f30-a8485ede786c",245,"9/30/2020 8:08:43 AM","9/30/2020 8:10:23 AM","9/30/2020 8:10:23 AM","Nicole","Bundegi","BunBR","Yes","No","No",NA,NA,NA,NA,NA,NA,NA,NA,NA,114.1732332,-21.83075742,NA,"Boat","Refusal","Afternoon"
"253","bdf387d8-3ee0-49aa-b61c-a408986c83d9",151,"10/02/20","10/02/20 04:06","10/02/20 04:06","Sam","Tantabiddi","SandyBay","Yes","No","Yes","14","Yes","7","14",NA,1,2,NA,"No",113.8388089,-22.23810979,NA,"Boat","Non-extractive","Afternoon"
"254","bdf387d8-3ee0-49aa-b61c-a408986c83d9",151,"10/02/20","10/02/20 04:06","10/02/20 04:06","Sam","Tantabiddi","SandyBay","Yes","No","Yes","14","Yes","7","14",NA,1,2,NA,"No",113.8388089,-22.23810979,NA,"Shore","Non-extractive","Afternoon"
"255","be0a7cb6-bedc-4115-a5d5-ba135194c71d",287,"10/02/20","10/02/20 09:48","10/02/20 09:48","Nicole","Exmouth","TownBeach","Yes","No","Yes","Resident","No",NA,NA,NA,NA,NA,NA,NA,114.1398403,-21.94560919,NA,"Shore","Non-extractive","Afternoon"
"256","be194b9a-de51-4f31-a9f2-50b01f551602",89,"9/27/2020 8:47:41 AM","9/27/2020 8:50:00 AM","9/27/2020 8:50:00 AM","Nicole","CoralBay","Bills Bay","Yes","No","Yes","7","Yes","3","7",NA,0,0,NA,"No",113.771014,-23.14174319,NA,"Shore","Non-extractive","Afternoon"
"257","be6774fb-56d8-4ad1-842d-1d9595b4d33d",125,"10/01/20","10/01/20 02:17","10/01/20 02:17","Sam","Tantabiddi","TantBR","Yes","No","Yes","14","Yes","5","9",NA,1,1,NA,"Yes",113.9788654,-21.91286088,NA,"Boat","Non-extractive","Morning"
"258","c0339972-7cff-40a3-a2f5-d37a19a72cfb",173,"9/27/2020 7:46:12 AM","9/27/2020 7:47:50 AM","9/27/2020 7:47:50 AM","Gabby","CoralBay","CBBR","Yes","No","Yes","10","Yes","10","10",NA,1,1,NA,"No",113.7681976,-23.1569764,NA,"Boat","Extractive","Afternoon"
"259","c3609f74-52f7-447d-bbb3-b13fab007401",255,"9/30/2020 9:40:12 AM","9/30/2020 9:42:16 AM","9/30/2020 9:42:16 AM","Nicole","Bundegi","BunBR","Yes","No","No",NA,NA,NA,NA,NA,NA,NA,NA,NA,114.1732621,-21.83077263,NA,"Boat","Refusal","Afternoon"
"260","c73eb852-2721-4b9f-872a-1e8c577c5e84",143,"10/01/20","10/01/20 08:18","10/01/20 08:29","Gabby","Bundegi","BunBR","Yes","Yes","No","15","Yes","5","15",NA,0,0,NA,"No",114.1704731,-21.83651,NA,"Boat","Extractive","Afternoon"
"261","cad2346f-cb5a-4111-8d0e-c7929b433cb5",243,"9/30/2020 7:34:34 AM","9/30/2020 7:41:31 AM","9/30/2020 8:42:03 AM","Nicole","Bundegi","BunBR","Yes","No","Yes","14","Yes","5","0",NA,1,1,NA,"No",114.1732973,-21.83078353,NA,"Boat","Extractive","Afternoon"
"262","cad2346f-cb5a-4111-8d0e-c7929b433cb5",243,"9/30/2020 7:34:34 AM","9/30/2020 7:41:31 AM","9/30/2020 8:42:03 AM","Nicole","Bundegi","BunBR","Yes","No","Yes","14","Yes","5","0",NA,1,1,NA,"No",114.1732973,-21.83078353,NA,"Boat","Extractive","Afternoon"
"263","cad2346f-cb5a-4111-8d0e-c7929b433cb5",243,"9/30/2020 7:34:34 AM","9/30/2020 7:41:31 AM","9/30/2020 8:42:03 AM","Nicole","Bundegi","BunBR","Yes","No","Yes","14","Yes","5","0",NA,1,1,NA,"No",114.1732973,-21.83078353,NA,"Boat","Extractive","Afternoon"
"264","cae857e3-189c-4f17-be2a-467f5eea4fcb",130,"10/01/20","10/01/20 04:24","10/01/20 04:24","Sam","Tantabiddi","TantBR","Yes","No","No",NA,NA,NA,NA,NA,NA,NA,NA,NA,113.9785891,-21.91288292,NA,"Boat","Refusal","Morning"
"265","cb237740-59ad-4f94-bb6f-5a688a584241",100,"9/28/2020 3:18:17 AM","9/28/2020 3:22:09 AM","9/28/2020 3:31:22 AM","Nicole","CoralBay","CBBR","Yes","No","Yes","14","No","0","14",NA,0,0,NA,"No",113.7664054,-23.15776351,NA,"Shore","Non-extractive","Morning"
"266","cc4c29f3-b10f-4e19-9d0a-0b2c3dcb5f23",186,"9/29/2020 8:59:39 AM","9/29/2020 9:01:23 AM","9/29/2020 9:01:23 AM","Sam","Bundegi","BunBR","Yes","No","Yes","7","Yes","7","0",NA,0,1,NA,"No",114.1705041,-21.83553338,NA,"Boat","Extractive","Afternoon"
"267","cf99b844-b196-431b-9db6-487965dcc3d1",270,"10/01/20","10/01/20 03:23","10/01/20 03:23","Nicole","Tantabiddi","Turquoise Bay 2","Yes","No","Yes","10","No","0","10",NA,0,2,NA,"No",113.8873394,-22.09790028,NA,"Shore","Non-extractive","Afternoon"
"268","cfeca107-7f6a-4f5d-82c6-b1153ec24b7f",252,"9/30/2020 8:52:33 AM","9/30/2020 8:54:07 AM","9/30/2020 8:54:07 AM","Nicole","Bundegi","BunBR","Yes","No","Yes","7","Yes","7","0",NA,0,0,NA,"No",114.1732714,-21.83075872,NA,"Boat","Extractive","Afternoon"
"269","d0cfde8c-9b9f-4ac2-b40a-87dd37400a7e",221,"10/02/20","10/02/20 09:25","10/02/20 09:25","Gabby","Exmouth","ExBR","Yes","No","No",NA,NA,NA,NA,NA,NA,NA,NA,NA,114.1384883,-21.95476698,NA,"Boat","Refusal","Afternoon"
"270","d4e603a8-4bd0-406d-9123-e2e6775e82b7",94,"9/28/2020 4:15:36 AM","9/28/2020 4:19:38 AM","9/28/2020 4:19:38 AM","Gabby","CoralBay","Bills Bay","Yes","No","Yes","12","No","0","12",NA,0,0,NA,"No",113.7669724,-23.14326648,NA,"Shore","Non-extractive","Morning"
"271","d4f2aaec-896b-4334-8d4f-3d55af5b6328",291,"10/03/20","10/03/20 08:58","10/03/20 08:58","Nicole","Tantabiddi","Mesa","Yes","No","Yes","11","No","0","11",NA,NA,1,NA,"No",113.9270034,-22.0041681,NA,"Shore","Extractive","Afternoon"
"272","d4f2aaec-896b-4334-8d4f-3d55af5b6328",291,"10/03/20","10/03/20 08:58","10/03/20 08:58","Nicole","Tantabiddi","Mesa","Yes","No","Yes","11","No","0","11",NA,NA,1,NA,"No",113.9270034,-22.0041681,NA,"Shore","Non-extractive","Afternoon"
"273","d6bb0587-3b99-45d4-b4db-ce8e3e5d9ed0",109,"9/30/2020 3:08:07 AM","9/30/2020 3:10:00 AM","9/30/2020 3:10:00 AM","Gabby","Tantabiddi","TantBR","Yes","No","Yes","12","Yes","10","12",NA,0,1,NA,"No",113.9791303,-21.91246222,NA,"Boat","Extractive","Morning"
"274","dc63435b-7324-42f1-a07c-5ecaffcae7c4",222,"10/02/20","10/02/20 09:28","10/02/20 09:28","Gabby","Exmouth","ExBR","Yes","No","Yes","10","Yes","10","10",NA,0,0,NA,"No",114.1385648,-21.95486518,NA,"Boat","Extractive","Afternoon"
"275","ddc6fcc1-e056-4d8f-8c96-edd91ebf4909",235,"9/30/2020 3:34:45 AM","9/30/2020 3:37:30 AM","9/30/2020 3:37:30 AM","Nicole","Tantabiddi","SandyBay","Yes","No","Yes","11","No","0","6",NA,0,1,NA,"No",113.8426458,-22.23085386,NA,"Shore","Non-extractive","Morning"
"276","ddc6fcc1-e056-4d8f-8c96-edd91ebf4909",235,"9/30/2020 3:34:45 AM","9/30/2020 3:37:30 AM","9/30/2020 3:37:30 AM","Nicole","Tantabiddi","SandyBay","Yes","No","Yes","11","No","0","6",NA,0,1,NA,"No",113.8426458,-22.23085386,NA,"Shore","Non-extractive","Morning"
"277","de2e329f-1271-449f-8633-7e5b62a55015",236,"9/30/2020 3:44:48 AM","9/30/2020 3:47:29 AM","9/30/2020 3:47:29 AM","Nicole","Tantabiddi","SandyBay","Yes","No","Yes","9","No","0","5",NA,0,0,NA,"No",113.8423458,-22.23088379,NA,"Shore","Non-extractive","Morning"
"278","e0c0efcd-5b11-48dc-8f7f-ab467c9ab517",148,"10/02/20","10/02/20 03:11","10/02/20 03:11","Sam","Tantabiddi","OspreyBay","Yes","No","Yes","11","No","0","11",NA,0,0,NA,"Yes",113.8398222,-22.23784436,NA,"Shore","Non-extractive","Morning"
"279","e0c0efcd-5b11-48dc-8f7f-ab467c9ab517",148,"10/02/20","10/02/20 03:11","10/02/20 03:11","Sam","Tantabiddi","OspreyBay","Yes","No","Yes","11","No","0","11",NA,0,0,NA,"Yes",113.8398222,-22.23784436,NA,"Shore","Non-extractive","Morning"
"280","e10c2b56-19fd-4993-8299-a9b07c4c13de",233,"9/29/2020 8:37:59 AM","9/29/2020 8:42:06 AM","9/29/2020 8:42:06 AM","Nicole","Bundegi","Wobiri","Yes","No","Yes","7","No","0","7",NA,0,0,NA,"No",114.0682568,-21.82939322,NA,"Shore","Non-extractive","Afternoon"
"281","e10c2b56-19fd-4993-8299-a9b07c4c13de",233,"9/29/2020 8:37:59 AM","9/29/2020 8:42:06 AM","9/29/2020 8:42:06 AM","Nicole","Bundegi","Wobiri","Yes","No","Yes","7","No","0","7",NA,0,0,NA,"No",114.0682568,-21.82939322,NA,"Shore","Non-extractive","Afternoon"
"282","e10c2b56-19fd-4993-8299-a9b07c4c13de",233,"9/29/2020 8:37:59 AM","9/29/2020 8:42:06 AM","9/29/2020 8:42:06 AM","Nicole","Bundegi","Wobiri","Yes","No","Yes","7","No","0","7",NA,0,0,NA,"No",114.0682568,-21.82939322,NA,"Shore","Non-extractive","Afternoon"
"283","e14dbf63-758f-4abd-8a44-c2f24fa651c3",124,"10/01/20","10/01/20 02:15","10/01/20 02:15","Sam","Tantabiddi","TantBR","Yes","No","No",NA,NA,NA,NA,NA,NA,NA,NA,NA,113.9788093,-21.91259577,NA,"Boat","Refusal","Morning"
"284","e2e77462-586a-4994-a219-9b6622a567c8",72,"9/26/2020 10:09:23 AM","9/26/2020 10:15:50 AM","9/26/2020 10:15:50 AM","Gabby","Exmouth","ExBR","Yes","No","Yes","5","Yes","5","5",NA,0,1,NA,"No",114.1383569,-21.95473273,"4 dog mackerel 1 threw back","Boat","Extractive","Afternoon"
"285","e431a863-4bf3-4d6b-af17-3b6e474ccf83",158,"10/03/20","10/03/20 07:48","10/03/20 07:48","Sam","Tantabiddi","Turquoise Bay 1","Yes","No","Yes","14","Yes","7","7",NA,0,0,NA,"Yes",113.9787902,-21.91371097,NA,"Shore","Non-extractive","Afternoon"
"286","e431a863-4bf3-4d6b-af17-3b6e474ccf83",158,"10/03/20","10/03/20 07:48","10/03/20 07:48","Sam","Tantabiddi","Turquoise Bay 1","Yes","No","Yes","14","Yes","7","7",NA,0,0,NA,"Yes",113.9787902,-21.91371097,NA,"Shore","Non-extractive","Afternoon"
"287","e4533b35-a931-43af-b241-b5b4a11ea658",93,"9/28/2020 3:19:56 AM","9/28/2020 3:24:08 AM","9/28/2020 3:24:08 AM","Gabby","CoralBay","MaudsLanding","Yes","No","Yes","14","Yes","10","14",NA,0,0,NA,"No",113.7762221,-23.11392034,NA,"Shore","Non-extractive","Morning"
"288","e5759434-bbb1-4bdd-8f42-3eabe7de0a13",227,"10/03/20","10/03/20 09:26","10/03/20 09:26","Gabby","Tantabiddi","Turquoise Bay 2","Yes","No","Yes","14","No","0","14",NA,0,1,NA,"No",113.8897337,-22.09787523,NA,"Shore","Non-extractive","Afternoon"
"289","e743cb5b-9a59-4d45-beb2-e17b632ccf15",254,"9/30/2020 9:13:27 AM","9/30/2020 9:23:23 AM","9/30/2020 9:23:23 AM","Nicole","Bundegi","BunBR","Yes","Yes","No",NA,NA,NA,NA,NA,NA,NA,NA,NA,114.173284,-21.83078843,NA,"Boat","Refusal","Afternoon"
"290","e7d5a887-9c81-4361-af9e-b4ff1a0dd7ea",106,"9/28/2020 4:23:37 AM","9/28/2020 4:28:45 AM","9/28/2020 4:28:45 AM","Nicole","CoralBay","CBBR","Yes","No","Yes","3","No","0","3",NA,0,1,NA,"No",113.7668277,-23.15726358,NA,"Shore","Extractive","Morning"
"291","ea41a0e8-3a30-43b7-a3e4-977fd252827b",117,"9/30/2020 8:45:21 AM","9/30/2020 8:49:18 AM","9/30/2020 8:49:18 AM","Gabby","Bundegi","Wobiri","Yes","Yes","No",NA,NA,NA,NA,NA,NA,NA,NA,NA,114.1327136,-21.80396083,NA,"Shore","Refusal","Afternoon"
"292","ec2c0c70-447a-496e-a0a2-40db18cc97c9",160,"10/03/20","10/03/20 08:59","10/03/20 08:59","Sam","Tantabiddi","Turquoise Bay 1","Yes","No","Yes","14","No","0","10",NA,0,1,NA,"Yes",113.9216127,-22.02258577,NA,"Shore","Non-extractive","Afternoon"
"293","ed8612b0-677f-42d6-8b00-82cf8bff2b8f",285,"10/02/20","10/02/20 04:14","10/02/20 04:14","Nicole","Tantabiddi","TantBR","Yes","No","Yes","7","Yes","1","7",NA,0,0,NA,"No",113.9782151,-21.91231669,NA,"Boat","Extractive","Morning"
"294","eee1f15d-9732-445b-81a2-45ab940ade59",102,"9/28/2020 3:34:16 AM","9/28/2020 3:37:20 AM","9/28/2020 3:37:20 AM","Nicole","CoralBay","CBBR","Yes","Yes","No",NA,NA,NA,NA,NA,NA,NA,NA,NA,113.7677563,-23.15552142,NA,"Boat","Refusal","Morning"
"295","ef4c1e50-4e45-4f11-8918-e93a5365a4bf",195,"9/30/2020 3:50:23 AM","9/30/2020 3:52:28 AM","9/30/2020 3:52:28 AM","Sam","Tantabiddi","SandyBay","Yes","No","Yes","10","No","0","10",NA,0,1,NA,"Yes",113.8430971,-22.23276433,NA,"Shore","Non-extractive","Morning"
"296","f12bb43a-2b7d-4554-b7c1-549702b71ec2",191,"9/29/2020 9:41:07 AM","9/29/2020 9:44:05 AM","9/29/2020 9:44:05 AM","Sam","Bundegi","BunBR","Yes","No","Yes","56","Yes","20",NA,NA,0,3,NA,"No",114.1705637,-21.83591961,"Semi-resident","Boat","Non-extractive","Afternoon"
"297","f1b476ed-0df9-4162-b4b2-72c746302826",169,"9/27/2020 4:10:52 AM","9/27/2020 4:14:38 AM","9/27/2020 4:27:18 AM","Gabby","ExmouthS","LearmonthJetty","Yes","No","Yes","7","No","0","7",NA,0,0,NA,"Yes",114.0991757,-22.21168579,"7 days fishing; They would likely be home in South Africa visiting if it wasnt for travel restrictions","Shore","Extractive","Morning"
"298","f1d7eba1-3811-47c3-b055-6e0909e485f9",215,"10/02/20","10/02/20 08:14","10/02/20 08:14","Gabby","Exmouth","ExBR","Yes","No","Yes","12","Yes","8","12",NA,0,0,NA,"Yes",114.1386264,-21.95500708,NA,"Boat","Non-extractive","Afternoon"
"299","f25a9503-668a-4085-af27-dabf1ee635bd",282,"10/02/20","10/02/20 03:15","10/02/20 03:15","Nicole","Tantabiddi","TantBR","Yes","No","Yes","14","Yes","7","7",NA,1,1,NA,"Yes",113.9784127,-21.9123845,NA,"Boat","Non-extractive","Morning"
"300","f34716d4-d63f-40e1-8ec0-01e28b366c6e",295,"10/04/20","10/04/20 03:05","10/04/20 03:05","Nicole","Bundegi","Hunters","Yes","No","No",NA,NA,NA,NA,NA,NA,NA,NA,NA,114.1085442,-21.80286136,NA,"Shore","Refusal","Morning"
"301","f66c275f-92cd-45ce-9926-a88f657d23ba",66,"9/26/2020 9:48:54 AM","9/26/2020 9:54:24 AM","9/26/2020 9:54:24 AM","Sam","Exmouth","ExBR","Yes","No","Yes","7","Yes",NA,NA,NA,1,NA,NA,"Yes",114.1385733,-21.95461973,NA,"Boat","Non-extractive","Afternoon"
"302","f6e75f85-5c8e-4e6f-b4d4-7c8f8536d1c7",82,"9/27/2020 4:09:23 AM","9/27/2020 4:12:54 AM","9/27/2020 4:12:54 AM","Nicole","ExmouthS","LearmonthJetty","Yes","No","Yes","7","No","0","7",NA,1,1,NA,"No",114.0991845,-22.21210639,NA,"Shore","Non-extractive","Morning"
"303","f8005fa1-5b59-4b01-abe5-99498c600a60",98,"9/28/2020 2:46:36 AM","9/28/2020 2:49:41 AM","9/28/2020 2:49:41 AM","Nicole","CoralBay","CBBR","Yes","No","Yes","1","No","0","1",NA,0,0,NA,"Yes",113.767977,-23.15529662,NA,"Shore","Non-extractive","Morning"
"304","f8ee5900-6a9e-49c6-a580-67f6cde69339",209,"10/02/20","10/02/20 03:47","10/02/20 03:47","Gabby","Tantabiddi","OysterStacks","Yes","No","Yes","12","No","0","12",NA,0,0,NA,"No",113.9524063,-22.15765416,NA,"Shore","Non-extractive","Morning"
"305","f9a9cbb4-66f4-47ff-9066-7eaedd9c8372",51,"9/26/2020 8:09:30 AM","9/26/2020 8:09:48 AM","9/26/2020 8:09:48 AM","Nicole","Exmouth","ExBR","Yes","No","No",NA,NA,NA,NA,NA,NA,NA,NA,NA,114.1392708,-21.95595393,NA,"Boat","Refusal","Afternoon"
"306","fa265a67-4f35-4bea-b734-fdb090dffde8",198,"9/30/2020 7:16:13 AM","9/30/2020 7:21:11 AM","9/30/2020 7:21:11 AM","Sam","Bundegi","DunesBeach","Yes","No","Yes","90","No","0","90",NA,1,0,NA,"Yes",114.146651,-21.79694362,NA,"Shore","Non-extractive","Afternoon"
"307","fbfa52dc-9391-475b-8292-cf81cfefd381",265,"10/01/20","10/01/20 02:39","10/01/20 02:39","Nicole","Tantabiddi","Turquoise Bay 2","Yes","No","Yes","12","No","0","10",NA,0,0,NA,"No",113.8870121,-22.0978634,NA,"Shore","Non-extractive","Afternoon"
"308","fc6f225a-0c27-4cce-bd35-4e5911ac58df",85,"9/27/2020 7:55:46 AM","9/27/2020 8:01:21 AM","9/27/2020 8:01:21 AM","Nicole","CoralBay","Bills Bay","Yes","No","Yes","7","No","0","7",NA,0,1,NA,"No",113.7682552,-23.14249655,NA,"Shore","Non-extractive","Afternoon"
"309","fc7c1e0c-cdc3-4aad-99eb-6ab4629c9ec5",56,"9/26/2020 9:32:49 AM","9/26/2020 9:35:08 AM","9/26/2020 9:35:08 AM","Nicole","Exmouth","ExBR","Yes","No","Yes","4","Yes","2","2",NA,1,0,NA,"No",114.13849,-21.95503426,NA,"Boat","Extractive","Afternoon"
"310","fce4e099-1365-448b-9149-e34d8014c67a",234,"9/29/2020 8:48:16 AM","9/29/2020 8:51:09 AM","9/29/2020 8:51:09 AM","Nicole","Bundegi","Wobiri","Yes","No","Yes","14","No","0","14",NA,0,0,NA,"Yes",114.0682269,-21.82938283,NA,"Shore","Non-extractive","Afternoon"
"311","fce4e099-1365-448b-9149-e34d8014c67a",234,"9/29/2020 8:48:16 AM","9/29/2020 8:51:09 AM","9/29/2020 8:51:09 AM","Nicole","Bundegi","Wobiri","Yes","No","Yes","14","No","0","14",NA,0,0,NA,"Yes",114.0682269,-21.82938283,NA,"Shore","Non-extractive","Afternoon"
"312","febdae93-bb82-45db-8133-70342c69bbd3",196,"9/30/2020 3:58:05 AM","9/30/2020 4:00:36 AM","9/30/2020 4:00:36 AM","Sam","Tantabiddi","SandyBay","Yes","No","Yes","7","No","0","7",NA,1,1,NA,"Yes",113.8423089,-22.23203185,NA,"Shore","Non-extractive","Morning"
"313","ff94d1c9-7e9c-43c1-9a1c-422d743b82ff",299,"10/04/20","10/04/20 06:33","10/04/20 06:33","Nicole","Tantabiddi","LakesideSnorkling","Yes","No","Yes","14","No","0","14",NA,1,1,NA,"No",113.9123079,-22.03587675,NA,"Shore","Non-extractive","Afternoon"
"314","ff94d1c9-7e9c-43c1-9a1c-422d743b82ff",299,"10/04/20","10/04/20 06:33","10/04/20 06:33","Nicole","Tantabiddi","LakesideSnorkling","Yes","No","Yes","14","No","0","14",NA,1,1,NA,"No",113.9123079,-22.03587675,NA,"Shore","Non-extractive","Afternoon"
