"OBJECTID","GlobalID","aGUID","How many days have you fished in the last 12 months?","How many years have you been fishing for?","Are you a scuba diver? If so, what is your certification?","If SCUBA DIVER, how many dives have you done?","What year were you born?","What is your postcode?","If VISITOR, where are you staying?","# Female or Male","# Number of females in party (excluding participant)","# Number of males in party (excluding participant)","# Number of girls in party","# Number of boys in party","# Boat Length (m)","# Boat number","Comments","created_date","created_user","last_edited_date","last_edited_user"
1,"00000000-0000-0000-0000-000000000000","DC0117F3-D0A8-413F-8148-981062E475A9",0,0,"None",NA,1954,6450,"Esperance","Male",NA,NA,NA,NA,3,"Weto","Non-motorised boat, (sail boat)- not sure if ‘weto’ is brand or boat name, but there was no other number","17/1/22 1:32","Nicole.Hamre_UWA","17/1/22 4:14","Nicole.Hamre_UWA"
2,"00000000-0000-0000-0000-000000000000","066C421F-DB26-47F4-AC29-CCBB588DB176",10,20,"None",NA,1978,6446,"Esperance","Male",2,1,3,4,3,"Bm079",NA,"17/1/22 7:01","Nicole.Hamre_UWA","17/1/22 7:01","Nicole.Hamre_UWA"
3,"00000000-0000-0000-0000-000000000000","85E33D86-5FB0-4E33-B1C2-83C97E00C1EE",60,65,"None",NA,1946,6450,"Esperance","Male",NA,1,NA,NA,3,"90856",NA,"21/1/22 2:23","Nicole.Hamre_UWA","21/1/22 2:23","Nicole.Hamre_UWA"
4,"00000000-0000-0000-0000-000000000000","002A7396-A8CB-471F-8B2C-CC8DA5F4E356",6,38,"None",NA,1980,6450,"Esperance","Male",NA,1,NA,NA,3,"BG566",NA,"21/1/22 2:52","Nicole.Hamre_UWA","21/1/22 2:52","Nicole.Hamre_UWA"
5,"00000000-0000-0000-0000-000000000000","8F465EF1-5A7F-45A3-B450-E1D1EC4F282B",5,1,"None",NA,1970,6556,"Esperance","Female",NA,1,2,NA,3,"Gd329",NA,"21/1/22 3:01","Nicole.Hamre_UWA","21/1/22 3:01","Nicole.Hamre_UWA"
6,"00000000-0000-0000-0000-000000000000","00FE4BFA-98D7-4922-9759-94294DB3FE39",20,10,"None",NA,1992,6450,"Esperance","Female",NA,1,NA,NA,3,"42950",NA,"21/1/22 23:35","Nicole.Hamre_UWA","21/1/22 23:35","Nicole.Hamre_UWA"
7,"00000000-0000-0000-0000-000000000000","EFA5FDC5-DFC5-40FE-96A7-2252E89B45F8",8,30,"None",NA,1973,6450,"Esperance","Male",NA,1,NA,NA,6,"48677","Lives half the year in Kalgoorlie","22/1/22 3:28","Nicole.Hamre_UWA","22/1/22 3:28","Nicole.Hamre_UWA"
8,"00000000-0000-0000-0000-000000000000","C53DAE6D-CFDF-4443-94C9-37E6EB756AE4",6,20,"None",NA,1975,6237,"PinkLake","Female",NA,1,NA,3,4,"D1578",NA,"22/1/22 3:59","Nicole.Hamre_UWA","22/1/22 3:59","Nicole.Hamre_UWA"
9,"00000000-0000-0000-0000-000000000000","B48CED61-1739-4972-A576-3E9B066098C5",5,20,"None",NA,1984,6447,"Esperance","Male",NA,2,NA,NA,6,"EB769","Concerned about marine park, said that even if they don’t close of beach and marine space initially, that the govt has the power to do so in future - which seems to be his main concern","22/1/22 4:56","Nicole.Hamre_UWA","22/1/22 4:56","Nicole.Hamre_UWA"
10,"00000000-0000-0000-0000-000000000000","F6656FA9-F674-4580-9235-BF5D949A9879",2,30,"None",NA,1987,6432,"Esperance","Female",1,2,2,NA,7,"Gg053",NA,"22/1/22 5:03","Nicole.Hamre_UWA","22/1/22 5:03","Nicole.Hamre_UWA"
11,"00000000-0000-0000-0000-000000000000","B1C70484-6603-4D98-A5A6-49EEFCB6FBDE",10,35,"None",NA,1976,6448,"Esperance","Male",NA,NA,NA,NA,7,"CU900",NA,"22/1/22 6:56","Nicole.Hamre_UWA","22/1/22 6:56","Nicole.Hamre_UWA"
12,"00000000-0000-0000-0000-000000000000","5C97BB53-87BA-4BB2-B165-C7D919D44655",20,25,"None",NA,1982,6450,"Esperance","Male",NA,1,NA,2,8,"Df511","Have been deprecated twice ever, say it’s really rare. Also concern for marine park - not sure if commercial fishers will be impacted e.g. will purse-line fishers be allowed to operate in marine parks. Said that a valuable source of info is the fishing club.","23/1/22 2:19","Nicole.Hamre_UWA","23/1/22 2:24","Nicole.Hamre_UWA"
13,"00000000-0000-0000-0000-000000000000","ED8BEE0F-B535-4255-9E07-2A0A2CDC5650",12,38,"None",NA,1980,6450,"Esperance","Male",1,NA,1,1,3,"GJ315",NA,"23/1/22 4:08","Nicole.Hamre_UWA","23/1/22 4:08","Nicole.Hamre_UWA"
14,"00000000-0000-0000-0000-000000000000","F850B07D-D08A-4597-8836-07CF3612057B",1,30,"None",NA,1977,6430,"Esperance","Male",NA,1,NA,NA,3,"BR445",NA,"23/1/22 4:40","Nicole.Hamre_UWA","23/1/22 4:40","Nicole.Hamre_UWA"
15,"00000000-0000-0000-0000-000000000000","1D84E23C-1C4A-468A-B00E-1099CC37D9B9",10,35,"DM",500,1977,6450,"Esperance","Male",1,NA,2,NA,3,"DD038","Commercial diver in the past","23/1/22 4:54","Nicole.Hamre_UWA","23/1/22 4:54","Nicole.Hamre_UWA"
16,"00000000-0000-0000-0000-000000000000","8EF85227-8AA8-41EC-B017-40CF8C1516CD",75,20,"None",NA,1999,6450,"Esperance","Male",NA,1,NA,NA,4,"AV079",NA,"23/1/22 5:16","Nicole.Hamre_UWA","23/1/22 5:16","Nicole.Hamre_UWA"
17,"00000000-0000-0000-0000-000000000000","27D42D98-C39D-4243-B705-15F8EE4F34F9",12,20,"None",0,1975,6237,"PinkLake","Female",0,1,0,4,4,"D1507","Flat rock - 2km off Wyllie point","20/1/22 3:21","Nicole.Hamre_UWA","20/1/22 3:21","Nicole.Hamre_UWA"
18,"00000000-0000-0000-0000-000000000000","F11653EC-00B4-43A0-9CCC-17F9C2078A2F",50,55,"None",0,1963,0,"Esperance","Female",0,0,0,0,6,"GF954",NA,"20/1/22 3:35","Nicole.Hamre_UWA","20/1/22 3:35","Nicole.Hamre_UWA"
19,"00000000-0000-0000-0000-000000000000","F8C7B042-F471-4389-B8E4-020F1BE4CE9D",30,30,"I",550,1985,0,"Esperance","Male",0,0,0,0,8,"Dm262","Wasn’t an instructor but very experience commercial tech diver with over 5000 dives","20/1/22 4:18","Nicole.Hamre_UWA","20/1/22 5:11","Nicole.Hamre_UWA"
20,"00000000-0000-0000-0000-000000000000","88780BB7-D3CD-474A-8A17-F5540F5EFF05",30,30,"None",0,1961,0,"Esperance","Male",0,0,0,0,5,"GQ273","MP is a good thing we can’t keep raping and pillaging the ocean, as a red fisher we go out for enjoyment. We’ve been told we will be consider so just have to hope that’s true.","20/1/22 4:32","Nicole.Hamre_UWA","20/1/22 4:32","Nicole.Hamre_UWA"
21,"00000000-0000-0000-0000-000000000000","5598B27D-78B7-4155-8248-6EA143F2D96E",30,30,"OW",200,1980,6171,"Castletown","Male",NA,1,NA,1,4,"Bt632",NA,"20/1/22 5:05","Nicole.Hamre_UWA","20/1/22 5:05","Nicole.Hamre_UWA"
22,"00000000-0000-0000-0000-000000000000","16A592B9-B766-4033-9B88-4B4D26CC2052",6,40,"OW",6,1979,6280,"Esperance","Male",0,0,0,0,4,"GJ987",NA,"21/1/22 1:03","Nicole.Hamre_UWA","21/1/22 1:03","Nicole.Hamre_UWA"
23,"00000000-0000-0000-0000-000000000000","BB2D0CA0-D8BA-4F21-866F-56AC5BFFAF8C",12,30,"None",0,1987,6069,"Esperance","Female",0,1,2,2,5,"49621/Pegasus",NA,"21/1/22 3:13","Nicole.Hamre_UWA","21/1/22 3:13","Nicole.Hamre_UWA"
24,"00000000-0000-0000-0000-000000000000","501E1D61-2B4A-4DE3-A678-D2B49F194587",20,10,"None",0,1992,0,"Esperance","Female",0,1,0,0,3,"42950",NA,"21/1/22 3:18","Nicole.Hamre_UWA","21/1/22 3:18","Nicole.Hamre_UWA"
25,"00000000-0000-0000-0000-000000000000","C06C5453-0167-4963-A346-01E85FCC898F",50,45,"None",0,1969,0,"Esperance","Male",1,1,0,0,3,"BA299",NA,"22/1/22 0:00","Nicole.Hamre_UWA","22/1/22 0:00","Nicole.Hamre_UWA"
26,"00000000-0000-0000-0000-000000000000","B2F19E9F-6083-46DC-9427-D3481F8723E0",20,30,"None",0,1983,0,"Esperance","Male",1,0,0,0,3,"BT630",NA,"22/1/22 0:12","Nicole.Hamre_UWA","22/1/22 0:12","Nicole.Hamre_UWA"
27,"00000000-0000-0000-0000-000000000000","974D0FAF-1D97-467D-8888-96856BC06FA8",10,20,"None",0,1989,0,"Esperance","Male",0,0,0,0,3,"DX354",NA,"22/1/22 0:25","Nicole.Hamre_UWA","22/1/22 0:25","Nicole.Hamre_UWA"
28,"00000000-0000-0000-0000-000000000000","09ABA671-9AAF-4D6D-AF23-CFCBC3DF4BB7",50,26,"None",0,1970,0,"Esperance","Female",0,2,0,0,4,"86310",NA,"22/1/22 2:54","Nicole.Hamre_UWA","22/1/22 2:56","Nicole.Hamre_UWA"
29,"00000000-0000-0000-0000-000000000000","DD9A53F2-5E50-4595-B520-1EEE6DBBA0E5",4,40,"None",0,1977,0,"Esperance","Male",0,0,0,0,3,"BW453",NA,"22/1/22 3:48","Nicole.Hamre_UWA","22/1/22 3:48","Nicole.Hamre_UWA"
30,"00000000-0000-0000-0000-000000000000","C3CC11AE-3809-4500-8943-37881670135A",20,40,"None",0,1966,6429,"Esperance","Female",0,1,0,0,6,NA,"From Kalgoorlie - have 2 holiday homes here. Fishing avidity depends how often they get down here in a year","22/1/22 3:56","Nicole.Hamre_UWA","22/1/22 3:56","Nicole.Hamre_UWA"
31,"00000000-0000-0000-0000-000000000000","046D21A2-3A21-47CE-851F-31C1F0F59EE4",10,40,"None",0,1974,0,"Esperance","Male",0,3,0,0,6,"BJ468",NA,"22/1/22 4:06","Nicole.Hamre_UWA","22/1/22 4:06","Nicole.Hamre_UWA"
32,"00000000-0000-0000-0000-000000000000","42027B7B-D2BB-46EE-BA54-05FB2D203A52",1,20,"None",0,1994,0,"Esperance","Male",1,0,0,0,2,"Er673","JetSki","22/1/22 4:24","Nicole.Hamre_UWA","22/1/22 4:24","Nicole.Hamre_UWA"
33,"00000000-0000-0000-0000-000000000000","3AB81EEC-BDEB-41FE-8372-C88300E0E048",26,40,"None",0,1960,0,"Esperance","Male",0,0,0,2,4,"DP921",NA,"22/1/22 4:48","Nicole.Hamre_UWA","22/1/22 4:48","Nicole.Hamre_UWA"
34,"00000000-0000-0000-0000-000000000000","D0591308-4E94-42F8-BAEA-12B0C6402E42",10,15,"None",0,1991,0,"Esperance","Female",0,1,0,0,4,"AQ064",NA,"22/1/22 5:11","Nicole.Hamre_UWA","22/1/22 5:14","Nicole.Hamre_UWA"
35,"00000000-0000-0000-0000-000000000000","6471CE97-77B6-4B12-8BEC-2F677699CE16",20,30,"None",0,1979,6230,"LuckyBay","Male",0,0,0,1,3,"AR059",NA,"23/1/22 2:41","Nicole.Hamre_UWA","23/1/22 2:41","Nicole.Hamre_UWA"
36,"00000000-0000-0000-0000-000000000000","E18FFBD2-E2D8-43E7-99D0-9F27A0FAFB65",26,3,"None",0,1987,0,"Esperance","Male",0,3,0,0,7,"DZ982",NA,"23/1/22 4:15","Nicole.Hamre_UWA","23/1/22 4:15","Nicole.Hamre_UWA"
37,"00000000-0000-0000-0000-000000000000","0BF88168-0B51-4C04-A5DF-1DE4806B8999",5,30,"None",0,1954,0,"Esperance","Female",0,2,0,0,6,"Gg053",NA,"23/1/22 4:28","Nicole.Hamre_UWA","23/1/22 4:28","Nicole.Hamre_UWA"
38,"00000000-0000-0000-0000-000000000000","DB2D8DC4-07FE-4482-BFE9-135B73BAF206",125,20,"I",500,1985,0,"Esperance","Male",0,0,0,0,7,"Dm262",NA,"23/1/22 4:35","Nicole.Hamre_UWA","23/1/22 4:35","Nicole.Hamre_UWA"
39,"00000000-0000-0000-0000-000000000000","F25D9CF6-3F24-4F14-BBCD-2DBCCE33B748",12,21,"None",0,1994,0,"Esperance","Male",0,0,0,1,6,"E1686","Concerned about MP, part of fishing club, weather stops us fishing so we can deplete stocks, should manage using bag limits","23/1/22 4:57","Nicole.Hamre_UWA","23/1/22 4:59","Nicole.Hamre_UWA"
40,"00000000-0000-0000-0000-000000000000","A8FAD5C3-1E10-4509-A0C6-CDFA3CDB488D",6,20,"None",NA,1957,6407,"DukeOrleans","Male",NA,NA,NA,NA,3,"EU550",NA,"24/1/22 1:42","Nicole.Hamre_UWA","24/1/22 1:42","Nicole.Hamre_UWA"
41,"00000000-0000-0000-0000-000000000000","D821EE09-4F80-4AA1-BA33-4EC70B53A8BA",25,40,"None",0,1976,0,"Esperance","Male",0,0,0,0,6,"AK488",NA,"16/2/22 1:45","Nicole.Hamre_UWA","16/2/22 1:45","Nicole.Hamre_UWA"
42,"00000000-0000-0000-0000-000000000000","2F09F756-A353-4E72-9F94-435E303D7730",35,57,"None",0,1962,0,"Esperance","Male",0,0,0,0,4,"GF954",NA,"16/2/22 2:35","Nicole.Hamre_UWA","16/2/22 2:35","Nicole.Hamre_UWA"
43,"00000000-0000-0000-0000-000000000000","D3F8D55D-3738-4225-9B21-28E068EFF9F6",24,15,"None",0,1990,6164,"Castletown","Male",1,0,0,0,3,"GQ675","First time on the water in Esperance","16/2/22 3:50","Nicole.Hamre_UWA","16/2/22 3:54","Nicole.Hamre_UWA"
44,"00000000-0000-0000-0000-000000000000","62E5375B-D061-479F-B581-3C73FD465483",35,35,"None",0,1990,6343,"PinkLake","Male",1,0,0,0,5,"Du287",NA,"16/2/22 5:04","Nicole.Hamre_UWA","16/2/22 5:04","Nicole.Hamre_UWA"
45,"00000000-0000-0000-0000-000000000000","E69FB4CE-15F4-42DF-B15F-104D24E102FD",20,55,"None",0,1959,6556,"DukeOrleans","Male",0,1,0,0,3,"EH259",NA,"17/2/22 3:56","Nicole.Hamre_UWA","17/2/22 3:59","Nicole.Hamre_UWA"
46,"00000000-0000-0000-0000-000000000000","58875847-F392-4CCB-A35C-D050A4772A99",12,2,"None",0,1990,3995,"DukeOrleans","Male",1,0,1,1,3,"GP647",NA,"17/2/22 4:27","Nicole.Hamre_UWA","17/2/22 4:27","Nicole.Hamre_UWA"
47,"00000000-0000-0000-0000-000000000000","EF1BA608-26C6-4519-9B90-222D46B3B213",50,15,"None",NA,1987,6450,"Esperance","Male",NA,1,NA,NA,3,"Island inflatables",NA,"18/2/22 0:16","Nicole.Hamre_UWA","18/2/22 0:16","Nicole.Hamre_UWA"
48,"00000000-0000-0000-0000-000000000000","F21004A8-9AC1-425C-8308-53EC87C6C32F",25,22,"OW",4,1996,6450,"Esperance","Male",NA,NA,NA,NA,3,"Ez853","Does a lot of free diving","19/2/22 2:27","Nicole.Hamre_UWA","19/2/22 2:27","Nicole.Hamre_UWA"
49,"00000000-0000-0000-0000-000000000000","5C2E3E5A-7B08-4921-ADE2-26F61CCC51FE",6,25,"None",NA,1989,6450,"Esperance","Female",NA,1,NA,NA,NA,NA,"Kayak, don’t like the slime that’s building up around the boat ramps.","19/2/22 2:33","Nicole.Hamre_UWA","19/2/22 2:33","Nicole.Hamre_UWA"
50,"00000000-0000-0000-0000-000000000000","F3880ED3-A4EA-4797-AC02-1F119CE18FAB",12,15,"None",NA,1982,6430,"Esperance","Male",NA,2,NA,NA,5,"Dr157",NA,"19/2/22 3:26","Nicole.Hamre_UWA","19/2/22 3:26","Nicole.Hamre_UWA"
51,"00000000-0000-0000-0000-000000000000","2ED390D3-7607-4408-A22E-6C04C6DDCFA2",52,35,"OW",500,1982,6450,"Esperance","Male",NA,NA,NA,NA,NA,NA,"Never used to have fish taken, but now it occasionally does ie in the last 5 years. Also more bronzes than there used to be. Also, his uses overlapped between fishing and bruvs","19/2/22 3:36","Nicole.Hamre_UWA","19/2/22 4:01","Nicole.Hamre_UWA"
52,"00000000-0000-0000-0000-000000000000","92645370-848A-4E6D-A542-2393E7EF0A34",14,30,"None",NA,1978,6450,"Esperance","Male",1,NA,NA,NA,6,"Gi784",NA,"19/2/22 3:43","Nicole.Hamre_UWA","19/2/22 3:43","Nicole.Hamre_UWA"
53,"00000000-0000-0000-0000-000000000000","E2E76373-85B8-48E9-A054-04FA6B457658",45,55,"None",NA,1963,6450,"Esperance","Male",NA,NA,NA,NA,4,"Gf954","Never used to see white sharks but in the last 15 yrs has seen them egularly","19/2/22 4:00","Nicole.Hamre_UWA","19/2/22 4:00","Nicole.Hamre_UWA"
54,"00000000-0000-0000-0000-000000000000","BE8A3801-D779-4C30-B1DD-24C6590BAB15",12,45,"None",NA,1968,6450,"Esperance","Female",1,2,1,2,7,NA,NA,"19/2/22 4:13","Nicole.Hamre_UWA","19/2/22 4:13","Nicole.Hamre_UWA"
55,"00000000-0000-0000-0000-000000000000","3783F8F8-18D2-41A6-A1C1-51B39A4320F8",12,12,"None",NA,1976,6450,"Esperance","Female",NA,1,1,1,6,"Du613",NA,"19/2/22 4:19","Nicole.Hamre_UWA","19/2/22 4:19","Nicole.Hamre_UWA"
56,"00000000-0000-0000-0000-000000000000","97586454-4FD6-452B-A16B-87203E01E829",40,50,"None",NA,1963,6450,"Esperance","Male",NA,NA,NA,NA,7,"Go967",NA,"19/2/22 4:32","Nicole.Hamre_UWA","19/2/22 4:32","Nicole.Hamre_UWA"
57,"00000000-0000-0000-0000-000000000000","443C5B72-922D-489E-9B6B-323F1CF6B92D",30,9,"None",NA,2000,6450,"Esperance","Male",NA,1,NA,NA,4,"Gn359",NA,"19/2/22 4:45","Nicole.Hamre_UWA","19/2/22 4:45","Nicole.Hamre_UWA"
58,"00000000-0000-0000-0000-000000000000","FCEDCDE4-5035-49E4-ABDB-AEE8F3CDF541",3,30,"None",NA,1985,6450,"Esperance","Male",NA,1,NA,NA,4,"83430",NA,"19/2/22 4:53","Nicole.Hamre_UWA","19/2/22 4:53","Nicole.Hamre_UWA"
59,"00000000-0000-0000-0000-000000000000","DA74E667-BB5F-4409-BA2C-9C3F043FA2F8",12,40,"None",NA,1976,6450,"Esperance","Male",NA,NA,NA,NA,5,"Cu900",NA,"19/2/22 5:06","Nicole.Hamre_UWA","19/2/22 5:06","Nicole.Hamre_UWA"
60,"00000000-0000-0000-0000-000000000000","88AE9399-037E-41E0-A7D7-5970E27D8280",20,40,"None",NA,1975,6450,"Esperance","Male",NA,NA,NA,1,6,"Silver ace",NA,"19/2/22 5:11","Nicole.Hamre_UWA","19/2/22 5:11","Nicole.Hamre_UWA"
61,"00000000-0000-0000-0000-000000000000","A1E5B056-77DA-48E8-BE2C-6F5762C26E08",280,45,"None",NA,1961,6430,"Esperance","Male",NA,1,NA,NA,7,"Eo195",NA,"19/2/22 5:15","Nicole.Hamre_UWA","19/2/22 5:15","Nicole.Hamre_UWA"
62,"00000000-0000-0000-0000-000000000000","7EA34AF3-4664-4006-967E-CD1BDE677861",4,45,"None",NA,1958,6450,"Esperance","Male",NA,1,NA,NA,6,"90529",NA,"19/2/22 5:20","Nicole.Hamre_UWA","19/2/22 5:20","Nicole.Hamre_UWA"
63,"00000000-0000-0000-0000-000000000000","271B9B6C-327A-4C5C-B585-4F33C4ABFA3F",8,50,"None",NA,1951,6450,"Esperance","Male",NA,2,NA,NA,6,"54607",NA,"19/2/22 5:27","Nicole.Hamre_UWA","19/2/22 5:27","Nicole.Hamre_UWA"
64,"00000000-0000-0000-0000-000000000000","2C63B783-EFCB-4AA7-AD8D-F9B5486436F0",15,40,"None",NA,1969,6450,"Esperance","Male",NA,2,NA,NA,6,"33261",NA,"19/2/22 5:34","Nicole.Hamre_UWA","19/2/22 5:34","Nicole.Hamre_UWA"
65,"00000000-0000-0000-0000-000000000000","7AD0B93E-4BA7-486F-B539-40142D477788",100,35,"None",NA,1971,6450,"Esperance","Male",NA,1,NA,NA,6,"Gs185",NA,"19/2/22 5:41","Nicole.Hamre_UWA","19/2/22 5:41","Nicole.Hamre_UWA"
66,"00000000-0000-0000-0000-000000000000","C567F82A-55D0-4314-85EE-560D20D3AD5A",8,40,"None",NA,1968,6420,"Esperance","Male",NA,1,NA,NA,4,"E8416","No to the marine park, they like fishing. They believe there should be places to wash down your boat. More toilet facilities needed too. Seemed to listen when told that marine parks are not all no fishing zones.","19/2/22 6:25","Nicole.Hamre_UWA","19/2/22 6:32","Nicole.Hamre_UWA"
67,"00000000-0000-0000-0000-000000000000","0A5B8863-8140-4542-91EB-CEEE62F8B002",35,20,"OW",10,1993,4565,"Esperance","Male",2,NA,NA,NA,8,"Ey801",NA,"19/2/22 6:32","Nicole.Hamre_UWA","19/2/22 6:32","Nicole.Hamre_UWA"
68,"00000000-0000-0000-0000-000000000000","DCF47047-6C74-4E58-9E25-DFBB783E3919",50,20,"None",NA,1998,6450,"Esperance","Male",NA,3,NA,NA,8,"Eu799","Asked about marine park and were very willing to listen","19/2/22 7:08","Nicole.Hamre_UWA","19/2/22 7:08","Nicole.Hamre_UWA"
69,"00000000-0000-0000-0000-000000000000","76DDCB46-0C4E-4441-BD9E-3D890A74D6E6",0,62,"None",0,1952,6450,"Esperance","Male",0,2,0,0,NA,"90856",NA,"22/2/22 2:01","Nicole.Hamre_UWA","22/2/22 2:01","Nicole.Hamre_UWA"
70,"00000000-0000-0000-0000-000000000000","15590A95-C762-42B4-8E38-6F479473BD1E",42,40,"AOW",500,1963,0,"Esperance","Male",1,0,0,0,4,"GB557","Avidity for extractive diving, only fishing he does","22/2/22 3:49","Nicole.Hamre_UWA","22/2/22 4:24","Nicole.Hamre_UWA"
71,"00000000-0000-0000-0000-000000000000","1AD75C2B-5AAF-47DD-A8CC-2C8069B590D2",100,60,"None",0,1951,0,"Esperance","Male",0,1,0,0,4,"DX350",NA,"22/2/22 4:21","Nicole.Hamre_UWA","22/2/22 4:21","Nicole.Hamre_UWA"
72,"00000000-0000-0000-0000-000000000000","282D3F35-D0CD-4678-9CBF-455D021C089F",7,27,"None",NA,1990,0,"Esperance","Male",0,0,0,0,3,"Gm620",NA,"22/2/22 4:50","Nicole.Hamre_UWA","22/2/22 4:50","Nicole.Hamre_UWA"
73,"00000000-0000-0000-0000-000000000000","175D1C3C-38B0-4AE7-A973-9AF6E2EB2509",6,50,"None",0,1959,6071,"Esperance","Male",1,1,0,0,5,"75708",NA,"26/2/22 1:57","Nicole.Hamre_UWA","26/2/22 1:57","Nicole.Hamre_UWA"
74,"00000000-0000-0000-0000-000000000000","BBA0A9BD-5D4D-4E86-BC35-7AC22F1C0EC8",52,20,"OW",400,1989,6450,"Esperance","Male",NA,NA,NA,NA,4,"Ey540",NA,"17/2/22 2:15","Nicole.Hamre_UWA","17/2/22 2:15","Nicole.Hamre_UWA"
75,"00000000-0000-0000-0000-000000000000","1ADCB2A0-ECB1-47DF-B8D0-A777E6DE2176",10,30,"None",NA,1982,6450,"Esperance","Male",NA,1,NA,NA,5,"201",NA,"17/2/22 2:21","Nicole.Hamre_UWA","17/2/22 2:21","Nicole.Hamre_UWA"
76,"00000000-0000-0000-0000-000000000000","04176D5C-585D-4A82-A942-F3C8DDDF0890",24,15,"None",NA,1990,6164,"Esperance","Male",1,NA,NA,NA,3,"Gq675",NA,"17/2/22 2:32","Nicole.Hamre_UWA","17/2/22 2:32","Nicole.Hamre_UWA"
77,"00000000-0000-0000-0000-000000000000","E5379B65-1D61-4294-985A-65399A766C26",20,8,"None",NA,1964,6450,"Esperance","Female",NA,NA,NA,NA,5,"Bu962",NA,"17/2/22 3:49","Nicole.Hamre_UWA","17/2/22 3:49","Nicole.Hamre_UWA"
78,"00000000-0000-0000-0000-000000000000","FA64A3E7-2973-4381-914D-FCDFFE228AB8",55,20,"None",NA,1999,6450,"Esperance","Female",NA,1,NA,NA,3,"Ab405",NA,"17/2/22 3:55","Nicole.Hamre_UWA","17/2/22 3:55","Nicole.Hamre_UWA"
79,"00000000-0000-0000-0000-000000000000","A1317A62-1007-43E4-B57B-6F082494E665",20,41,"None",NA,1974,6450,"Esperance","Male",2,1,NA,NA,6,"Gs158",NA,"17/2/22 4:51","Nicole.Hamre_UWA","17/2/22 4:51","Nicole.Hamre_UWA"
80,"00000000-0000-0000-0000-000000000000","2242E510-EB13-4C0E-9000-9656A79AD96C",30,28,"None",NA,1990,6343,"Esperance","Male",1,NA,NA,NA,4,"Du287",NA,"17/2/22 5:16","Nicole.Hamre_UWA","17/2/22 5:22","Nicole.Hamre_UWA"
81,"00000000-0000-0000-0000-000000000000","00EBD7D6-C03F-43AA-AE64-1FE5AB20FCFF",12,6,"OW",20,2001,6450,"Esperance","Male",NA,1,NA,NA,4,"Catcher (small writing)",NA,"18/2/22 1:42","Nicole.Hamre_UWA","18/2/22 1:47","Nicole.Hamre_UWA"
82,"00000000-0000-0000-0000-000000000000","A275649F-2910-4FA3-ABD1-778727AC2EFC",100,35,"None",NA,1971,6450,"Esperance","Male",NA,1,NA,NA,6,"Gs185",NA,"18/2/22 3:16","Nicole.Hamre_UWA","18/2/22 3:16","Nicole.Hamre_UWA"
83,"00000000-0000-0000-0000-000000000000","CAFAB483-D30B-4A36-8873-84384ED691C1",24,15,"None",NA,1975,6450,"Esperance","Female",1,1,NA,NA,9,"Gn707",NA,"18/2/22 4:51","Nicole.Hamre_UWA","18/2/22 4:51","Nicole.Hamre_UWA"
84,"00000000-0000-0000-0000-000000000000","0C7D9C06-FCE7-4549-BB10-B5C7D625891B",6,30,"OW",39,1978,0,"Esperance","Female",0,2,0,2,2,"EP001",NA,"19/2/22 1:40","Nicole.Hamre_UWA","19/2/22 1:40","Nicole.Hamre_UWA"
85,"00000000-0000-0000-0000-000000000000","51DFA3F7-82DF-41CF-A0F8-1AA93FFD6A6C",0,0,"None",NA,1981,6430,"Esperance","Female",1,1,1,0,2,NA,"JetSki training","19/2/22 1:57","Nicole.Hamre_UWA","19/2/22 1:57","Nicole.Hamre_UWA"
86,"00000000-0000-0000-0000-000000000000","E8769595-A7CF-4616-B37C-FCEB5542F34A",5,40,"None",0,1956,0,"Esperance","Female",0,1,1,0,4,"DM815",NA,"19/2/22 2:35","Nicole.Hamre_UWA","19/2/22 2:35","Nicole.Hamre_UWA"
87,"00000000-0000-0000-0000-000000000000","4DA40B00-6CD5-4896-AEA9-AE5DD656ECDC",20,20,"None",0,1988,0,"Esperance","Male",0,0,0,1,3,"69823",NA,"19/2/22 2:46","Nicole.Hamre_UWA","19/2/22 2:46","Nicole.Hamre_UWA"
88,"00000000-0000-0000-0000-000000000000","4C37ABE2-3FBD-4ED5-BBA2-F35CFF58BB67",10,4,"None",0,2000,0,"Esperance","Male",1,1,0,0,2,"Gj673","Jet ski","19/2/22 2:57","Nicole.Hamre_UWA","19/2/22 2:57","Nicole.Hamre_UWA"
89,"00000000-0000-0000-0000-000000000000","82356359-03C8-4040-9730-E90CDFB90F38",24,3,"None",0,1987,0,"Esperance","Female",0,1,0,1,2,"EX236",NA,"19/2/22 3:25","Nicole.Hamre_UWA","19/2/22 3:25","Nicole.Hamre_UWA"
90,"00000000-0000-0000-0000-000000000000","05A82126-6C04-46D6-8C92-AEBBB78F2A8B",20,15,"OW",12,1969,6230,"Esperance","Male",0,1,0,NA,3,"A3O10",NA,"19/2/22 3:31","Nicole.Hamre_UWA","19/2/22 3:39","Nicole.Hamre_UWA"
91,"00000000-0000-0000-0000-000000000000","E2C71F7C-ED3B-4B6C-A4DD-23495340D369",1,11,"None",0,2002,0,"Esperance","Male",0,2,0,0,4,"EB752",NA,"19/2/22 4:13","Nicole.Hamre_UWA","19/2/22 4:13","Nicole.Hamre_UWA"
92,"00000000-0000-0000-0000-000000000000","03725EB2-3931-4F63-AA4F-7B85B962B03E",20,35,"None",0,1974,0,"Esperance","Male",0,1,0,1,4,"BS603","Wearing EDSAC top","19/2/22 4:40","Nicole.Hamre_UWA","19/2/22 4:40","Nicole.Hamre_UWA"
93,"00000000-0000-0000-0000-000000000000","8E74FB7B-1697-45FF-99E2-A74617EA22CE",20,60,"None",0,1947,0,"Esperance","Male",0,3,0,0,8,"DV847",NA,"19/2/22 5:31","Nicole.Hamre_UWA","19/2/22 5:31","Nicole.Hamre_UWA"
94,"00000000-0000-0000-0000-000000000000","08F70467-6C0B-4AF2-BC5E-A892AB8A700D",18,30,"None",0,1957,0,"Esperance","Male",0,0,0,0,3,"BA799",NA,"19/2/22 5:43","Nicole.Hamre_UWA","19/2/22 5:43","Nicole.Hamre_UWA"
95,"00000000-0000-0000-0000-000000000000","CC6C0986-C741-4F81-8A96-1B78BF3D6E51",4,60,"None",0,1955,0,"Esperance","Male",0,1,0,0,5,"35452",NA,"19/2/22 5:58","Nicole.Hamre_UWA","19/2/22 5:58","Nicole.Hamre_UWA"
96,"00000000-0000-0000-0000-000000000000","3C09CFF3-29FC-4311-99D5-7185C3A16A96",6,36,"None",0,1972,0,"Esperance","Male",0,1,0,0,5,"GP863",NA,"19/2/22 6:18","Nicole.Hamre_UWA","19/2/22 6:18","Nicole.Hamre_UWA"
97,"00000000-0000-0000-0000-000000000000","DB10FEC0-C528-4A62-B252-D28B6C06E265",15,15,"None",0,1972,0,"Esperance","Female",1,1,0,0,5,"52926",NA,"19/2/22 6:29","Nicole.Hamre_UWA","19/2/22 6:29","Nicole.Hamre_UWA"
98,"00000000-0000-0000-0000-000000000000","D2D03996-FACA-47E5-A2EE-0DFA613C95EF",3,23,"None",0,1991,0,"Esperance","Male",0,2,0,0,7,"BI410",NA,"19/2/22 6:33","Nicole.Hamre_UWA","19/2/22 6:33","Nicole.Hamre_UWA"
99,"00000000-0000-0000-0000-000000000000","3A5F1A2B-9CCD-4C77-B7B5-2FFB891A1601",24,35,"None",0,1974,0,"Esperance","Male",1,2,0,0,10,"GN707",NA,"19/2/22 6:53","Nicole.Hamre_UWA","19/2/22 6:53","Nicole.Hamre_UWA"
100,"00000000-0000-0000-0000-000000000000","49E1E9CB-9B9B-47C2-BA99-33679C1094EE",10,25,"None",NA,1985,6450,"Esperance","Male",NA,NA,NA,NA,3,"E345",NA,"22/2/22 4:07","Nicole.Hamre_UWA","22/2/22 4:07","Nicole.Hamre_UWA"
101,"00000000-0000-0000-0000-000000000000","8111A384-2BF9-4C4A-9B1E-ABAB8C98F4D7",38,63,"I",500,1958,6450,"Esperance","Male",NA,NA,NA,NA,3,"Ed284",NA,"22/2/22 4:11","Nicole.Hamre_UWA","22/2/22 4:11","Nicole.Hamre_UWA"
102,"00000000-0000-0000-0000-000000000000","C9D6C970-69C5-4D98-B565-D07085ADCFBD",12,14,"None",NA,1989,6450,"Esperance","Male",NA,2,NA,NA,6,"Dj707",NA,"22/2/22 4:17","Nicole.Hamre_UWA","22/2/22 4:17","Nicole.Hamre_UWA"
103,"00000000-0000-0000-0000-000000000000","1329C3A8-8BC5-4AE3-A9B5-DEB11CB5D8B4",40,40,"None",NA,1971,6450,"Esperance","Male",NA,3,NA,NA,7,"Gs134","Used to scuba, didn’t voice any reason he stopped","22/2/22 5:32","Nicole.Hamre_UWA","22/2/22 5:32","Nicole.Hamre_UWA"
104,"00000000-0000-0000-0000-000000000000","587038C5-3B90-4E50-A999-A0FC76AFFC7A",12,20,"None",NA,1961,6450,"Esperance","Male",NA,1,NA,NA,4,"Wet day",NA,"22/2/22 5:53","Nicole.Hamre_UWA","22/2/22 5:53","Nicole.Hamre_UWA"
105,"00000000-0000-0000-0000-000000000000","CA992115-75A7-4A71-9F7D-0FE33B578681",5,10,"None",NA,1993,6450,"Esperance","Male",NA,2,NA,NA,5,"44823","Free dive, occasionally","22/2/22 6:11","Nicole.Hamre_UWA","22/2/22 6:11","Nicole.Hamre_UWA"
106,"00000000-0000-0000-0000-000000000000","4EBFE7EF-B690-4DE7-9E0C-C2BBB1BA1825",10,50,"None",NA,1963,6,"Esperance","Male",1,2,NA,NA,6,"Dm476",NA,"22/2/22 6:26","Nicole.Hamre_UWA","22/2/22 6:26","Nicole.Hamre_UWA"
107,"00000000-0000-0000-0000-000000000000","3C86553B-97C3-4872-9981-C3DD447AA113",3,1,"None",NA,1967,6317,"Esperance","Female",1,1,NA,NA,5,"BU868","Were considering fishing but decided to just chill out","26/2/22 1:12","Nicole.Hamre_UWA","26/2/22 1:12","Nicole.Hamre_UWA"
108,"00000000-0000-0000-0000-000000000000","EE39040D-535F-4F9C-98CF-F6E3DFB4DA8C",8,20,"None",NA,1977,6450,"Esperance","Female",NA,1,NA,NA,6,"Gj407","Went out for a cruise","26/2/22 3:42","Nicole.Hamre_UWA","26/2/22 3:42","Nicole.Hamre_UWA"
109,"00000000-0000-0000-0000-000000000000","500D4E4A-FF0B-409F-8611-45CD731B7EFE",36,40,"OW",50,1971,6450,"Esperance","Male",1,NA,NA,NA,6,"GS134","Believes increase size, decrease bag limit on south coast is necessary- also that you need to travel out further to get the same quality of fish as they used to.","16/2/22 2:50","Nicole.Hamre_UWA","16/2/22 2:50","Nicole.Hamre_UWA"
110,"00000000-0000-0000-0000-000000000000","BBA4A32C-E66A-4526-AAC6-308D754F0FE0",12,40,"None",NA,1944,6056,"Esperance","Male",1,1,NA,NA,3,"63031",NA,"16/2/22 3:22","Nicole.Hamre_UWA","16/2/22 3:22","Nicole.Hamre_UWA"
111,"00000000-0000-0000-0000-000000000000","D560306F-CDD5-4496-B846-CA6C9EFD9FAD",52,47,"None",NA,1970,6714,"Esperance","Male",NA,NA,NA,NA,3,NA,"Ginger Scottish guy, black boat Yamaha motor.","16/2/22 3:40","Nicole.Hamre_UWA","16/2/22 4:35","Nicole.Hamre_UWA"
112,"00000000-0000-0000-0000-000000000000","F5DEB850-9C45-49ED-BA4F-68861D2D8004",20,30,"None",NA,1987,6450,"Esperance","Male",NA,1,NA,NA,3,"54516",NA,"16/2/22 3:54","Nicole.Hamre_UWA","16/2/22 3:54","Nicole.Hamre_UWA"
113,"00000000-0000-0000-0000-000000000000","A53D7962-02A9-4E66-B64A-D9EC17107611",120,45,"None",NA,1971,6450,"Esperance","Male",NA,NA,NA,NA,1,"Gn895","Jet ski","16/2/22 4:01","Nicole.Hamre_UWA","16/2/22 4:01","Nicole.Hamre_UWA"
114,"00000000-0000-0000-0000-000000000000","E9B77B44-583B-48DC-BDEE-85A9594BAC79",24,25,"DM",400,1974,6450,"Esperance","Male",1,NA,NA,NA,5,"459259",NA,"16/2/22 4:11","Nicole.Hamre_UWA","16/2/22 4:11","Nicole.Hamre_UWA"
115,"00000000-0000-0000-0000-000000000000","777906AD-730B-4B2A-A042-20158FEBDB2A",20,55,"None",NA,1957,6450,"Esperance","Male",NA,1,NA,NA,6,"A311","Quotas are too confusing and vary between species. Eg whiting quotas affect herring allowances. Also thinks there are too many whites, lost a friend to white pointer.","16/2/22 4:29","Nicole.Hamre_UWA","16/2/22 4:29","Nicole.Hamre_UWA"
116,"00000000-0000-0000-0000-000000000000","E2100749-6809-4183-8D75-B1EB2623CDC4",50,3,"None",NA,1964,6450,"Esperance","Female",NA,1,NA,NA,6,"Dc609",NA,"16/2/22 4:59","Nicole.Hamre_UWA","16/2/22 4:59","Nicole.Hamre_UWA"
117,"00000000-0000-0000-0000-000000000000","E4074320-0FF9-4182-9B05-235D79945572",0,0,"DM",500,1950,6208,"Esperance","Male",1,0,0,0,NA,NA,NA,"16/2/22 6:08","Nicole.Hamre_UWA","16/2/22 6:08","Nicole.Hamre_UWA"
118,"00000000-0000-0000-0000-000000000000","0E3EE5CB-185B-4972-A837-D1CA84E6CC12",5,45,"None",0,1970,0,"Esperance","Male",0,1,0,0,6,"DZ989",NA,"9/3/22 1:56","Nicole.Hamre_UWA","9/3/22 1:56","Nicole.Hamre_UWA"
119,"00000000-0000-0000-0000-000000000000","C2CA509E-EB8A-4AA6-AAE2-2B36289CC47A",15,40,"None",0,1969,0,"Esperance","Male",0,1,0,0,5,"33261","Bait for fishing competition","9/3/22 4:00","Nicole.Hamre_UWA","9/3/22 4:00","Nicole.Hamre_UWA"
120,"00000000-0000-0000-0000-000000000000","56457D9B-2660-40E3-BD9A-272827D09AF5",30,50,"None",NA,1962,6725,"Esperance","Male",NA,1,NA,NA,5,"Ey540",NA,"10/3/22 2:36","Nicole.Hamre_UWA","10/3/22 2:36","Nicole.Hamre_UWA"
121,"00000000-0000-0000-0000-000000000000","EFDDB797-1C2E-4CB3-AF04-3BC6A29C4C20",2,40,"None",NA,1952,6239,"Esperance","Male",NA,1,NA,NA,5,"Gs185",NA,"10/3/22 2:49","Nicole.Hamre_UWA","10/3/22 2:49","Nicole.Hamre_UWA"
122,"00000000-0000-0000-0000-000000000000","2E7257F7-9ED2-4623-A625-1FC038E4C219",50,50,"None",NA,1963,6450,"Esperance","Male",NA,NA,NA,NA,3,"Gf594",NA,"10/3/22 4:17","Nicole.Hamre_UWA","10/3/22 4:17","Nicole.Hamre_UWA"
123,"00000000-0000-0000-0000-000000000000","F71C1A9E-093F-4E6C-9963-4B5E1C8B932D",60,35,"None",NA,1980,6450,"Esperance","Male",NA,1,NA,NA,4,"Ea043",NA,"10/3/22 4:39","Nicole.Hamre_UWA","10/3/22 4:39","Nicole.Hamre_UWA"
124,"00000000-0000-0000-0000-000000000000","67A38E21-EAA7-49A9-84C7-A6D146F08412",12,30,"None",NA,1969,6450,"Esperance","Male",1,1,NA,NA,5,"Chloe sue",NA,"10/3/22 4:44","Nicole.Hamre_UWA","10/3/22 4:44","Nicole.Hamre_UWA"
125,"00000000-0000-0000-0000-000000000000","5248BF72-4F16-4E85-8971-BF3D1B1DF700",50,20,"OW",500,1993,6450,"Esperance","Male",NA,NA,NA,NA,7,"Ey824",NA,"10/3/22 5:31","Nicole.Hamre_UWA","10/3/22 5:31","Nicole.Hamre_UWA"
126,"00000000-0000-0000-0000-000000000000","F25E0634-5D70-419E-A875-9C0AD821D158",12,30,"None",NA,1984,6121,"Esperance","Male",NA,2,NA,NA,5,"Aj28",NA,"10/3/22 6:16","Nicole.Hamre_UWA","10/3/22 6:16","Nicole.Hamre_UWA"
127,"00000000-0000-0000-0000-000000000000","26AD0A3E-A8B0-453D-9172-3F1EC0412814",20,40,"None",0,1963,6430,"Esperance","Male",0,1,0,0,4,"AT000","Was with local","11/3/22 2:06","Nicole.Hamre_UWA","11/3/22 2:06","Nicole.Hamre_UWA"
128,"00000000-0000-0000-0000-000000000000","7A85D6A7-763B-452C-BC9B-431FA6DCD28D",20,50,"None",0,1980,6432,"Esperance","Male",0,0,0,0,3,NA,NA,"11/3/22 2:28","Nicole.Hamre_UWA","11/3/22 2:28","Nicole.Hamre_UWA"
129,"00000000-0000-0000-0000-000000000000","269CF01C-6CCB-48E9-B705-21E13819B151",6,45,"None",0,1969,0,"Esperance","Male",0,2,0,0,6,"A383",NA,"11/3/22 4:34","Nicole.Hamre_UWA","11/3/22 4:34","Nicole.Hamre_UWA"
130,"00000000-0000-0000-0000-000000000000","C01501E7-F69B-43DC-B803-FB5662B835D4",15,17,"None",0,1983,6430,"Esperance","Male",0,4,0,0,5,NA,NA,"11/3/22 4:44","Nicole.Hamre_UWA","11/3/22 4:44","Nicole.Hamre_UWA"
131,"00000000-0000-0000-0000-000000000000","968AA520-FE38-41C7-AB66-EA28C1AFB40B",100,36,"None",0,1980,6233,"Esperance","Male",0,1,0,0,4,"DS104",NA,"11/3/22 5:11","Nicole.Hamre_UWA","11/3/22 5:11","Nicole.Hamre_UWA"
132,"00000000-0000-0000-0000-000000000000","FD6D4685-2C6E-4C91-81D8-EEB784E45E49",8,30,"OW",3,1973,0,"Esperance","Male",0,0,0,1,3,"EA530",NA,"12/3/22 3:04","Nicole.Hamre_UWA","12/3/22 3:04","Nicole.Hamre_UWA"
133,"00000000-0000-0000-0000-000000000000","64D588D0-A5FE-4CA2-A913-6D7347287DBB",15,8,"OW",150,1973,0,"Esperance","Male",0,1,0,0,5,"58565",NA,"12/3/22 3:23","Nicole.Hamre_UWA","12/3/22 3:23","Nicole.Hamre_UWA"
134,"00000000-0000-0000-0000-000000000000","8D7DE1F4-DD3A-44E4-9829-416427AC0BB7",0,30,"None",0,1981,6430,"Esperance","Male",0,1,0,0,4,"Bb822",NA,"12/3/22 3:58","Nicole.Hamre_UWA","12/3/22 3:58","Nicole.Hamre_UWA"
135,"00000000-0000-0000-0000-000000000000","DA74B573-68DA-4EA1-88E4-4BDD2169A8C8",20,40,"None",0,1974,0,"Esperance","Male",1,0,0,0,4,"BJ460",NA,"12/3/22 4:08","Nicole.Hamre_UWA","12/3/22 4:17","Nicole.Hamre_UWA"
136,"00000000-0000-0000-0000-000000000000","0DE21CFA-1216-4EC0-BBFF-693203C681DA",6,30,"OW",50,1980,0,"Esperance","Male",0,3,0,0,4,"72041",NA,"12/3/22 5:18","Nicole.Hamre_UWA","12/3/22 5:18","Nicole.Hamre_UWA"
137,"00000000-0000-0000-0000-000000000000","A767FC2F-346F-479E-8D09-0359C55E118E",12,4,"None",0,1994,6171,"Esperance","Male",0,2,0,0,4,"680","No letters in licence","12/3/22 5:25","Nicole.Hamre_UWA","12/3/22 5:29","Nicole.Hamre_UWA"
138,"00000000-0000-0000-0000-000000000000","8AA45386-165E-476C-AE9A-7A2A90AF877E",20,55,"None",0,1961,6213,"Esperance","Male",0,1,0,0,3,"ER559",NA,"12/3/22 6:35","Nicole.Hamre_UWA","12/3/22 6:35","Nicole.Hamre_UWA"
139,"00000000-0000-0000-0000-000000000000","F04B5F9D-9758-4179-8283-4246C8EB6B78",6,50,"None",0,1966,0,"Esperance","Male",1,0,0,1,3,"EM274",NA,"12/3/22 6:51","Nicole.Hamre_UWA","12/3/22 6:52","Nicole.Hamre_UWA"
140,"00000000-0000-0000-0000-000000000000","DFA61E9C-2BD8-4587-BC9D-847D157D8525",6,40,"None",0,1971,0,"Esperance","Male",0,1,0,0,5,"BO145",NA,"12/3/22 7:17","Nicole.Hamre_UWA","12/3/22 7:17","Nicole.Hamre_UWA"
141,"00000000-0000-0000-0000-000000000000","EBF4F30F-2174-4C7F-BC4C-3B0499B51276",20,50,"None",0,1945,0,"Esperance","Male",1,0,0,0,3,"90527",NA,"12/3/22 7:30","Nicole.Hamre_UWA","12/3/22 7:30","Nicole.Hamre_UWA"
142,"00000000-0000-0000-0000-000000000000","DCDD2CFE-F78B-4990-8EFD-B935553933B4",2,0,"None",0,1998,3115,"Esperance","Male",1,0,0,0,5,"WF869",NA,"12/3/22 7:38","Nicole.Hamre_UWA","12/3/22 7:38","Nicole.Hamre_UWA"
143,"00000000-0000-0000-0000-000000000000","98B8B5CA-52A6-4D73-B426-89826E18128D",20,10,"None",0,1987,0,"Esperance","Male",0,1,0,0,4,"GA814",NA,"10/3/22 5:09","Nicole.Hamre_UWA","10/3/22 5:09","Nicole.Hamre_UWA"
144,"00000000-0000-0000-0000-000000000000","2BAC57ED-EDF9-4393-9F8D-C27E2B733D11",30,50,"None",NA,1963,6430,"Esperance","Male",NA,2,NA,NA,NA,"Gr692",NA,"12/3/22 5:34","Nicole.Hamre_UWA","12/3/22 5:34","Nicole.Hamre_UWA"
145,"00000000-0000-0000-0000-000000000000","6C243CB5-B6CE-4B8C-9F9F-C3F40742A68E",15,70,"None",NA,1950,6330,"Esperance","Male",NA,3,NA,NA,7,"Do921",NA,"12/3/22 6:26","Nicole.Hamre_UWA","12/3/22 6:26","Nicole.Hamre_UWA"
146,"00000000-0000-0000-0000-000000000000","6989C75C-5493-4583-BAD9-39D2A8F79B96",5,2,"None",NA,1994,6430,"Esperance","Male",NA,1,NA,NA,6,"19173",NA,"12/3/22 5:38","Nicole.Hamre_UWA","12/3/22 5:41","Nicole.Hamre_UWA"
147,"00000000-0000-0000-0000-000000000000","DA6E33C6-2B31-48C2-B7DA-FE74A0B5E435",5,30,"AOW",500,1971,6150,"Esperance","Female",1,1,1,NA,6,"Cg391","Not 100% sure that is the right boat number","12/3/22 3:08","Nicole.Hamre_UWA","12/3/22 3:08","Nicole.Hamre_UWA"
148,"00000000-0000-0000-0000-000000000000","E0910706-D726-4010-BBFD-BDD7928CAC6E",4,40,"None",NA,1969,6432,"Esperance","Male",NA,3,NA,NA,5,"EA676",NA,"11/3/22 4:37","Nicole.Hamre_UWA","11/3/22 4:37","Nicole.Hamre_UWA"
149,"00000000-0000-0000-0000-000000000000","AD756891-36D6-442D-B159-D2E510301221",20,50,"None",0,1945,0,"Esperance","Male",1,0,0,0,3,NA,"Couldn’t read boat number","10/3/22 5:16","Nicole.Hamre_UWA","10/3/22 5:33","Nicole.Hamre_UWA"
150,"00000000-0000-0000-0000-000000000000","A340D541-752E-4D35-A556-3F344B640220",13,16,"None",NA,1991,6330,"Esperance","Male",NA,3,NA,NA,6,"Bo588",NA,"12/3/22 6:43","Nicole.Hamre_UWA","12/3/22 6:43","Nicole.Hamre_UWA"
151,"00000000-0000-0000-0000-000000000000","E136992D-E229-462E-BC82-824809D83ED1",13,30,"None",NA,1985,6450,"Esperance","Male",NA,1,NA,NA,4,"35452",NA,"12/3/22 7:24","Nicole.Hamre_UWA","12/3/22 7:24","Nicole.Hamre_UWA"
152,"00000000-0000-0000-0000-000000000000","E8464E00-20AB-471A-9BC3-360628BC350B",12,2,"None",NA,1952,6450,"Esperance","Male",NA,1,NA,NA,3,"Ed284",NA,"9/3/22 3:01","Nicole.Hamre_UWA","9/3/22 3:01","Nicole.Hamre_UWA"
153,"00000000-0000-0000-0000-000000000000","E162F75C-9E9A-4D59-9996-A55D4BDCEB9F",6,12,"None",NA,1964,6448,"Esperance","Male",NA,3,NA,NA,7,"Aj288",NA,"11/3/22 5:06","Nicole.Hamre_UWA","11/3/22 5:06","Nicole.Hamre_UWA"
154,"00000000-0000-0000-0000-000000000000","8DAD0574-EA07-4DCD-9EBB-AD0107D5738E",50,40,"OW",500,1963,0,"Esperance","Male",1,0,0,0,4,"GB557",NA,"10/3/22 3:42","Nicole.Hamre_UWA","10/3/22 3:42","Nicole.Hamre_UWA"
155,"00000000-0000-0000-0000-000000000000","815033D5-9F70-4487-A728-D14DC51EB08E",8,30,"None",NA,1972,5690,"Esperance","Male",NA,1,NA,NA,7,"Fy824",NA,"11/3/22 4:50","Nicole.Hamre_UWA","11/3/22 4:50","Nicole.Hamre_UWA"
156,"00000000-0000-0000-0000-000000000000","88870620-8E0F-445C-9913-A33E44D500E2",40,20,"None",NA,1986,6450,"Esperance","Male",1,NA,NA,NA,4,"Es417",NA,"11/3/22 3:58","Nicole.Hamre_UWA","11/3/22 3:58","Nicole.Hamre_UWA"
157,"00000000-0000-0000-0000-000000000000","7138D321-8DB7-44A3-B0AA-538ACFE02DE4",50,50,"None",NA,1970,6450,"Esperance","Male",NA,NA,NA,NA,3,"GS703",NA,"11/3/22 3:54","Nicole.Hamre_UWA","11/3/22 4:00","Nicole.Hamre_UWA"
158,"00000000-0000-0000-0000-000000000000","572A4C44-7466-4257-B1AD-49732D4C5649",10,18,"None",NA,1997,6430,"Esperance","Male",NA,3,NA,NA,8,"Bo102",NA,"12/3/22 5:51","Nicole.Hamre_UWA","12/3/22 5:51","Nicole.Hamre_UWA"
159,"00000000-0000-0000-0000-000000000000","F9FEA0A2-797E-4012-A20C-77F140E8AFAA",25,30,"None",NA,1983,6450,"Esperance","Male",NA,2,NA,NA,5,"Br543",NA,"12/3/22 4:12","Nicole.Hamre_UWA","12/3/22 4:12","Nicole.Hamre_UWA"
160,"00000000-0000-0000-0000-000000000000","89D10B01-C100-4498-BECF-B82A4BF0D26F",50,40,"I",500,1974,6450,"Esperance","Male",1,1,NA,NA,4,"Gb557",NA,"11/3/22 3:49","Nicole.Hamre_UWA","11/3/22 3:49","Nicole.Hamre_UWA"
161,"00000000-0000-0000-0000-000000000000","16402C26-FBE0-41D1-8987-EF8B2E58E268",3,10,"None",NA,1986,6430,"Esperance","Male",NA,3,NA,NA,7,"Et762",NA,"11/3/22 5:01","Nicole.Hamre_UWA","11/3/22 5:01","Nicole.Hamre_UWA"
162,"00000000-0000-0000-0000-000000000000","770AD937-D86F-414C-BF4A-4F6AB192176D",10,2,"None",NA,1996,6450,"Esperance","Male",NA,1,NA,NA,3,"Da799",NA,"12/3/22 4:38","Nicole.Hamre_UWA","12/3/22 4:38","Nicole.Hamre_UWA"
163,"00000000-0000-0000-0000-000000000000","E20955C6-4068-4948-B964-8733C57456B0",20,30,"None",NA,1986,6450,"Esperance","Male",NA,NA,NA,NA,1,"Eg065","Jet ski - conscious of sustainability, only fishes when freezer is empty","15/3/22 1:50","Nicole.Hamre_UWA","15/3/22 1:50","Nicole.Hamre_UWA"
164,"00000000-0000-0000-0000-000000000000","4F32B570-333C-4069-A5B5-61A901F58084",25,55,"None",NA,1946,6450,"Esperance","Male",NA,1,NA,NA,3,"Og461",NA,"15/3/22 2:38","Nicole.Hamre_UWA","15/3/22 2:38","Nicole.Hamre_UWA"
165,"00000000-0000-0000-0000-000000000000","C36CA304-69B5-4C71-88F3-8B9309AF3B68",150,40,"None",NA,1970,6450,"Esperance","Male",NA,NA,NA,NA,3,"Gs703",NA,"15/3/22 3:05","Nicole.Hamre_UWA","15/3/22 3:05","Nicole.Hamre_UWA"
166,"00000000-0000-0000-0000-000000000000","34E6EA76-A0D9-4C61-ACA9-39A5A3696C72",50,55,"None",NA,1958,6450,"Esperance","Male",NA,NA,NA,NA,3,"Ed284",NA,"15/3/22 3:10","Nicole.Hamre_UWA","15/3/22 3:10","Nicole.Hamre_UWA"
167,"00000000-0000-0000-0000-000000000000","F46B03E7-2958-45BB-847D-6966AB6D6559",12,50,"None",NA,1967,6540,"Esperance","Female",NA,1,NA,NA,3,"Du372",NA,"15/3/22 3:14","Nicole.Hamre_UWA","15/3/22 3:14","Nicole.Hamre_UWA"
168,"00000000-0000-0000-0000-000000000000","67FE0C09-EADD-481E-985A-DBC6CBF06166",50,20,"None",NA,1997,6450,"Esperance","Male",1,NA,NA,NA,3,"Be259",NA,"15/3/22 3:20","Nicole.Hamre_UWA","15/3/22 3:20","Nicole.Hamre_UWA"
169,"00000000-0000-0000-0000-000000000000","A0C5B463-A32A-4C5D-A209-A5B125BE2378",1,10,"None",NA,1998,6170,"Esperance","Male",NA,3,NA,NA,4,"Hire boat",NA,"15/3/22 3:27","Nicole.Hamre_UWA","15/3/22 3:27","Nicole.Hamre_UWA"
170,"00000000-0000-0000-0000-000000000000","97246A80-BE4B-442F-B4E0-BB9D0000E224",5,60,"None",NA,1937,6450,"Esperance","Male",1,NA,NA,NA,3,"Bs606",NA,"15/3/22 3:38","Nicole.Hamre_UWA","15/3/22 3:38","Nicole.Hamre_UWA"
171,"00000000-0000-0000-0000-000000000000","5AA9063F-AEB6-49A6-ADA2-955BF628C841",150,55,"None",NA,1956,6537,"Esperance","Male",NA,1,NA,NA,3,"Iox342n",NA,"15/3/22 3:49","Nicole.Hamre_UWA","15/3/22 3:49","Nicole.Hamre_UWA"
172,"00000000-0000-0000-0000-000000000000","1E6D8A89-5E0A-4DAD-BD48-D544E185F95C",35,38,"None",NA,1972,6460,"Esperance","Male",NA,1,NA,NA,3,"Bb369",NA,"15/3/22 4:17","Nicole.Hamre_UWA","15/3/22 4:17","Nicole.Hamre_UWA"
173,"00000000-0000-0000-0000-000000000000","7CB51318-863B-4561-9A7C-1531C3309708",1,30,"None",NA,1980,6432,"Esperance","Male",NA,NA,NA,NA,3,"Orange boat white top",NA,"15/3/22 4:24","Nicole.Hamre_UWA","15/3/22 4:24","Nicole.Hamre_UWA"
174,"00000000-0000-0000-0000-000000000000","6439B27F-3F8B-456B-BB14-CD70DEB3FD70",4,40,"None",NA,1964,6340,"Esperance","Male",NA,2,NA,NA,7,"Ap678","Too many pots making it dangerous in the water","15/3/22 5:02","Nicole.Hamre_UWA","15/3/22 5:02","Nicole.Hamre_UWA"
175,"00000000-0000-0000-0000-000000000000","E848A873-15A5-4F09-ADB5-5A8E07BB1414",12,45,"None",NA,1967,6450,"Esperance","Male",NA,1,NA,NA,5,"Ed602",NA,"15/3/22 6:16","Nicole.Hamre_UWA","15/3/22 6:16","Nicole.Hamre_UWA"
176,"00000000-0000-0000-0000-000000000000","A50FE43D-ACBF-49F7-A7F1-C3B0635F25C4",15,40,"None",NA,1976,6450,"Esperance","Male",NA,2,NA,NA,7,"Cu900",NA,"15/3/22 7:10","Nicole.Hamre_UWA","15/3/22 7:10","Nicole.Hamre_UWA"
177,"00000000-0000-0000-0000-000000000000","C7D77E7A-2D1E-425A-A692-333AD181F833",10,2,"None",NA,1998,6060,"Esperance","Female",NA,1,NA,NA,3,"Eg872",NA,"16/3/22 3:22","Nicole.Hamre_UWA","16/3/22 3:22","Nicole.Hamre_UWA"
178,"00000000-0000-0000-0000-000000000000","EA54C0F5-A231-458C-BD4B-6DC7C7B8028F",10,55,"None",NA,1955,6230,"Esperance","Female",NA,1,NA,NA,3,"Gp711",NA,"17/3/22 2:38","Nicole.Hamre_UWA","17/3/22 2:38","Nicole.Hamre_UWA"
179,"00000000-0000-0000-0000-000000000000","F7415B1E-69FA-4594-BE09-AFF9B4C91EF4",5,10,"None",NA,1958,6450,"Esperance","Male",NA,1,NA,NA,5,"Gd617",NA,"17/3/22 5:04","Nicole.Hamre_UWA","17/3/22 5:04","Nicole.Hamre_UWA"
180,"00000000-0000-0000-0000-000000000000","3389BF50-8F9E-4A9E-9121-DDB969A3E2C6",30,24,"None",NA,1993,6450,"Esperance","Male",NA,1,NA,NA,7,"Em622",NA,"17/3/22 5:10","Nicole.Hamre_UWA","17/3/22 5:10","Nicole.Hamre_UWA"
181,"00000000-0000-0000-0000-000000000000","1D2D0559-D142-4115-AD69-99BE01045C50",7,10,"None",NA,1981,6167,"Esperance","Male",NA,1,NA,NA,7,"83937",NA,"17/3/22 5:49","Nicole.Hamre_UWA","17/3/22 5:49","Nicole.Hamre_UWA"
182,"00000000-0000-0000-0000-000000000000","5A70830E-16F2-4297-A728-453EAE5445EF",50,50,"I",500,1958,6450,"Esperance","Male",1,NA,NA,NA,6,"Bu962",NA,"17/3/22 5:54","Nicole.Hamre_UWA","17/3/22 5:54","Nicole.Hamre_UWA"
183,"00000000-0000-0000-0000-000000000000","0D9B362F-DB1F-4B78-853C-AE9D7B9B2C65",12,20,"None",NA,1977,6450,"Esperance","Male",NA,1,NA,NA,8,"Bk463",NA,"17/3/22 6:08","Nicole.Hamre_UWA","17/3/22 6:08","Nicole.Hamre_UWA"
184,"00000000-0000-0000-0000-000000000000","C4DE07E0-FBF4-44E2-AF48-16581BC4F8C6",10,10,"None",NA,1991,6450,"Esperance","Female",NA,1,NA,NA,3,"Aq064",NA,"17/3/22 6:31","Nicole.Hamre_UWA","17/3/22 6:31","Nicole.Hamre_UWA"
185,"00000000-0000-0000-0000-000000000000","1EFA9D4F-EA00-461F-A20B-36B71A6C4C28",50,18,"None",NA,1994,6069,"Esperance","Male",NA,1,NA,NA,10,"Gr630",NA,"17/3/22 6:59","Nicole.Hamre_UWA","17/3/22 6:59","Nicole.Hamre_UWA"
186,"00000000-0000-0000-0000-000000000000","C8827A58-394C-4A0F-B6A9-1F957002C8C5",6,0,"None",NA,1961,0,"Esperance","Female",0,0,0,0,NA,NA,NA,"18/3/22 3:17","Nicole.Hamre_UWA","18/3/22 3:17","Nicole.Hamre_UWA"
187,"00000000-0000-0000-0000-000000000000","448C7285-CB60-4AFB-BBB1-F55962E85E58",30,30,"None",0,1978,6450,"Esperance","Male",0,1,0,0,6,"DJ546",NA,"20/3/22 4:16","Nicole.Hamre_UWA","20/3/22 4:16","Nicole.Hamre_UWA"
188,"00000000-0000-0000-0000-000000000000","B0CB1815-3029-424D-ADE1-D6A26C6C592A",50,60,"None",0,1956,6537,"Esperance","Male",0,1,0,0,4,"IDX342N",NA,"17/3/22 2:30","Nicole.Hamre_UWA","17/3/22 2:30","Nicole.Hamre_UWA"
189,"00000000-0000-0000-0000-000000000000","5E230049-25ED-4009-8322-C71ACF6AE20F",14,55,"None",0,1966,6230,"Esperance","Female",0,1,0,0,4,"GA114",NA,"17/3/22 4:26","Nicole.Hamre_UWA","17/3/22 4:26","Nicole.Hamre_UWA"
190,"00000000-0000-0000-0000-000000000000","EEFAA98A-881C-4C99-8CEC-E0F26044BC96",12,50,"None",0,1959,0,"Esperance","Male",0,2,0,0,7,"Bb281",NA,"15/3/22 4:56","Nicole.Hamre_UWA","15/3/22 4:56","Nicole.Hamre_UWA"
191,"00000000-0000-0000-0000-000000000000","AA599799-F281-4C7F-B9F5-48B23B575F00",6,30,"None",0,1959,0,"Esperance","Female",0,1,0,0,4,"DP921",NA,"17/3/22 2:48","Nicole.Hamre_UWA","17/3/22 2:48","Nicole.Hamre_UWA"
192,"00000000-0000-0000-0000-000000000000","D8B9BDEA-A4F0-489E-95DA-2A057C3B9487",6,45,"None",0,1955,6156,"Esperance","Female",0,1,0,0,5,"GI409","Holiday home here for 6 months","17/3/22 5:38","Nicole.Hamre_UWA","17/3/22 5:38","Nicole.Hamre_UWA"
193,"00000000-0000-0000-0000-000000000000","0C55F57C-00A3-40AC-8D9C-2EE46FB3DCEE",7,40,"None",NA,1963,6450,"Esperance","Female",NA,1,NA,NA,3,"22414",NA,"18/3/22 5:58","Nicole.Hamre_UWA","18/3/22 5:58","Nicole.Hamre_UWA"
194,"00000000-0000-0000-0000-000000000000","54D2C2BA-CB56-4577-B4E1-862065457C66",21,22,"None",0,1997,6016,"Esperance","Male",1,0,0,0,4,"EG872",NA,"17/3/22 4:19","Nicole.Hamre_UWA","17/3/22 4:19","Nicole.Hamre_UWA"
195,"00000000-0000-0000-0000-000000000000","9BA063E6-A3FD-4086-BFE8-AD649449F54F",20,40,"None",NA,1982,6450,"Esperance","Male",NA,1,NA,NA,4,"Gi504",NA,"18/3/22 5:50","Nicole.Hamre_UWA","18/3/22 5:50","Nicole.Hamre_UWA"
196,"00000000-0000-0000-0000-000000000000","32D8BFCD-AB55-4B91-B12E-5B7D669DB6DC",25,45,"None",0,1965,0,"Esperance","Male",0,0,0,0,5,"EC082",NA,"17/3/22 3:06","Nicole.Hamre_UWA","17/3/22 3:06","Nicole.Hamre_UWA"
197,"00000000-0000-0000-0000-000000000000","7F991869-47B8-45AB-9E80-7D6DD424209C",5,6,"None",0,1965,0,"Esperance","Female",0,2,0,0,8,"DW010",NA,"15/3/22 5:32","Nicole.Hamre_UWA","15/3/22 5:32","Nicole.Hamre_UWA"
198,"00000000-0000-0000-0000-000000000000","5F68C899-068D-48C4-B20A-1ED05C5B4C51",15,59,"None",0,1953,0,"Esperance","Male",0,2,0,0,6,NA,NA,"15/3/22 4:17","Nicole.Hamre_UWA","15/3/22 4:21","Nicole.Hamre_UWA"
199,"00000000-0000-0000-0000-000000000000","EF921A93-6341-4FB9-9F7B-6D777F9EEE79",40,20,"OW",500,1986,0,"Esperance","Male",0,1,0,0,5,"EH423","Made a comment about big whaler taking fish more often. Live here whole life used to never happen at all and it’s the common but has noticed it increase in the last couple of years. Nothing like Exmouth but noticeable increase.","17/3/22 5:17","Nicole.Hamre_UWA","17/3/22 5:17","Nicole.Hamre_UWA"
200,"00000000-0000-0000-0000-000000000000","691F3E20-93AD-4933-997A-598C707EE239",6,35,"None",NA,1982,6450,"Esperance","Male",1,NA,2,NA,3,"Df551",NA,"18/3/22 3:52","Nicole.Hamre_UWA","18/3/22 3:52","Nicole.Hamre_UWA"
201,"00000000-0000-0000-0000-000000000000","6F05F333-CE59-461B-96F9-F503E2C0C7D3",6,1,"None",0,1965,0,"Esperance","Male",0,0,0,0,5,"DF149",NA,"15/3/22 3:27","Nicole.Hamre_UWA","15/3/22 3:27","Nicole.Hamre_UWA"
202,"00000000-0000-0000-0000-000000000000","5CD49537-7E2B-4A94-BF16-317BC1A36BC0",35,20,"None",NA,1999,6450,"Esperance","Male",1,1,NA,NA,3,"Av079",NA,"19/3/22 2:04","Nicole.Hamre_UWA","19/3/22 2:06","Nicole.Hamre_UWA"
203,"00000000-0000-0000-0000-000000000000","6C6B96B8-5F50-4C63-BC38-3A3F487FC8E3",1,10,"None",NA,1951,6450,"Esperance","Female",NA,1,NA,NA,4,"Gd088",NA,"18/3/22 5:01","Nicole.Hamre_UWA","18/3/22 5:01","Nicole.Hamre_UWA"
204,"00000000-0000-0000-0000-000000000000","F2AC6606-CC60-48C0-80AE-A49EEA03AAAD",19,60,"None",0,1945,0,"Esperance","Male",0,0,0,0,5,"DQ898",NA,"15/3/22 5:07","Nicole.Hamre_UWA","15/3/22 5:07","Nicole.Hamre_UWA"
205,"00000000-0000-0000-0000-000000000000","196B8C8C-48B6-4FB5-B644-9645C4A6EA29",12,20,"None",NA,1988,6450,"Esperance","Male",NA,2,NA,NA,4,"As103",NA,"20/3/22 3:50","Nicole.Hamre_UWA","20/3/22 3:50","Nicole.Hamre_UWA"
206,"00000000-0000-0000-0000-000000000000","F871F9D8-D18A-40CE-BB7B-3599B6BC4F79",30,40,"I",500,1974,6450,"Esperance","Male",1,1,NA,NA,4,"72014",NA,"18/3/22 5:17","Nicole.Hamre_UWA","18/3/22 5:17","Nicole.Hamre_UWA"
207,"00000000-0000-0000-0000-000000000000","12A570B4-E31B-4C72-ACBD-84B8B255FF30",4,40,"None",NA,1963,6450,"Esperance","Male",NA,2,NA,NA,4,"Ax495",NA,"10/4/22 5:51","Nicole.Hamre_UWA","10/4/22 5:51","Nicole.Hamre_UWA"
208,"00000000-0000-0000-0000-000000000000","EAC1699C-2C6C-4B21-B05B-20A009F08F9E",12,40,"None",NA,1973,6450,"Esperance","Female",NA,2,NA,NA,5,"69817",NA,"10/4/22 6:04","Nicole.Hamre_UWA","10/4/22 6:04","Nicole.Hamre_UWA"
209,"00000000-0000-0000-0000-000000000000","EE314161-001F-423D-8269-9D161BC96D70",20,25,"OW",70,1991,6450,"Esperance","Male",NA,3,NA,NA,7,"Bi410",NA,"10/4/22 6:38","Nicole.Hamre_UWA","10/4/22 6:38","Nicole.Hamre_UWA"
210,"00000000-0000-0000-0000-000000000000","1BC4681B-A173-4F36-81B2-D7A75DC28684",5,25,"None",NA,1991,6450,"Esperance","Male",NA,1,NA,NA,5,"Ap678",NA,"10/4/22 7:14","Nicole.Hamre_UWA","10/4/22 7:14","Nicole.Hamre_UWA"
211,"00000000-0000-0000-0000-000000000000","D73D0B6C-9FF0-409E-B96E-9949CEDFC986",40,60,"None",NA,1941,6450,"Esperance","Female",NA,1,NA,NA,3,"Bh050",NA,"15/4/22 2:14","Nicole.Hamre_UWA","15/4/22 2:14","Nicole.Hamre_UWA"
212,"00000000-0000-0000-0000-000000000000","62745BEC-B1E1-45DB-A08F-58EC1A62B5EC",10,40,"OW",5,1979,6450,"Esperance","Male",NA,NA,NA,NA,3,"Be711",NA,"15/4/22 2:39","Nicole.Hamre_UWA","15/4/22 2:39","Nicole.Hamre_UWA"
213,"00000000-0000-0000-0000-000000000000","BC2318C7-A060-47FA-8C6D-ED03EDFBA7B9",20,10,"None",NA,2004,6011,"Esperance","Male",NA,1,NA,1,3,"Jj912",NA,"15/4/22 3:28","Nicole.Hamre_UWA","15/4/22 3:28","Nicole.Hamre_UWA"
214,"00000000-0000-0000-0000-000000000000","0B08C1AF-2919-49B0-80F1-2BC5A795E5E5",24,30,"None",NA,1980,6450,"Esperance","Female",NA,1,NA,1,4,"Ea403",NA,"15/4/22 3:54","Nicole.Hamre_UWA","15/4/22 3:54","Nicole.Hamre_UWA"
215,"00000000-0000-0000-0000-000000000000","530A9485-BA3D-4D46-9E96-ACC2C9814E55",60,50,"None",NA,1963,6450,"Esperance","Male",NA,NA,NA,NA,3,"Gf954",NA,"15/4/22 4:29","Nicole.Hamre_UWA","15/4/22 4:29","Nicole.Hamre_UWA"
216,"00000000-0000-0000-0000-000000000000","0B6A26FC-2D7A-4DAF-BDE8-79FD6B795D7A",50,20,"None",NA,1994,6450,"Esperance","Male",NA,2,NA,NA,5,"Ei686",NA,"15/4/22 4:36","Nicole.Hamre_UWA","15/4/22 4:36","Nicole.Hamre_UWA"
217,"00000000-0000-0000-0000-000000000000","FE86052C-ED43-44B2-A6B0-36F53DFB9A24",20,10,"None",NA,1983,6450,"Esperance","Female",NA,1,1,1,6,"Bt135",NA,"15/4/22 4:58","Nicole.Hamre_UWA","15/4/22 4:58","Nicole.Hamre_UWA"
218,"00000000-0000-0000-0000-000000000000","C7CEF302-53D6-4EF0-98F9-94C2E965C5CE",12,50,"None",NA,1947,6450,"Esperance","Male",NA,2,NA,NA,7,"Dv847",NA,"15/4/22 5:13","Nicole.Hamre_UWA","15/4/22 5:13","Nicole.Hamre_UWA"
219,"00000000-0000-0000-0000-000000000000","AC2879D5-6A34-4CD7-8637-A112A8386693",3,8,"None",NA,1976,6450,"Esperance","Male",NA,2,NA,NA,8,"Ev 721",NA,"15/4/22 5:25","Nicole.Hamre_UWA","15/4/22 5:25","Nicole.Hamre_UWA"
220,"00000000-0000-0000-0000-000000000000","5CBBCD1C-7EAC-4435-A3EB-A1AD2DEFC165",10,50,"None",NA,1966,6450,"Esperance","Male",1,NA,NA,1,7,"By102",NA,"15/4/22 5:30","Nicole.Hamre_UWA","15/4/22 5:30","Nicole.Hamre_UWA"
221,"00000000-0000-0000-0000-000000000000","8CA182D2-E573-4842-803D-3D246D00D7C4",1,1,"None",NA,1955,6450,"Esperance","Female",NA,1,NA,NA,NA,NA,"Kalgoorlie didn’t finish survey","15/4/22 5:47","Nicole.Hamre_UWA","15/4/22 5:47","Nicole.Hamre_UWA"
222,"00000000-0000-0000-0000-000000000000","213B89B9-A061-46D6-9D81-1DA2454E2854",10,15,"None",NA,1977,6450,"Esperance","Male",NA,2,NA,NA,9,"Eo948",NA,"15/4/22 5:50","Nicole.Hamre_UWA","15/4/22 5:50","Nicole.Hamre_UWA"
223,"00000000-0000-0000-0000-000000000000","048FAB52-81C6-4CB1-936F-AF8371CA17E3",2,60,"None",NA,1949,6450,"Esperance","Male",NA,1,NA,NA,7,"Dg315",NA,"15/4/22 5:58","Nicole.Hamre_UWA","15/4/22 5:58","Nicole.Hamre_UWA"
224,"00000000-0000-0000-0000-000000000000","398B4E99-903B-4496-BC49-A98D270E0957",25,47,"OW",10,1972,6450,"Esperance","Male",1,NA,NA,1,5,"Dz251",NA,"15/4/22 6:02","Nicole.Hamre_UWA","15/4/22 6:02","Nicole.Hamre_UWA"
225,"00000000-0000-0000-0000-000000000000","20C6CF7D-2C3A-4641-9E8D-44847C499600",1,60,"None",NA,1959,6450,"Esperance","Male",NA,1,NA,NA,7,"3226",NA,"15/4/22 6:06","Nicole.Hamre_UWA","15/4/22 6:06","Nicole.Hamre_UWA"
226,"00000000-0000-0000-0000-000000000000","C60FCCA5-525B-4F11-97B6-BBCBED31E5DF",100,20,"None",NA,1996,6450,"Esperance","Male",2,1,NA,NA,5,"Dj564",NA,"15/4/22 6:10","Nicole.Hamre_UWA","15/4/22 6:10","Nicole.Hamre_UWA"
227,"00000000-0000-0000-0000-000000000000","BBA47F52-25B3-4F74-B0DD-259D4C45790A",7,10,"None",NA,1964,6450,"Esperance","Male",NA,2,NA,NA,8,"Force 10",NA,"15/4/22 6:13","Nicole.Hamre_UWA","15/4/22 6:13","Nicole.Hamre_UWA"
228,"00000000-0000-0000-0000-000000000000","E7531437-45E3-42C1-8E38-8412BD1759FF",15,55,"None",NA,1958,6450,"Esperance","Male",NA,2,NA,NA,6,"52492",NA,"15/4/22 6:19","Nicole.Hamre_UWA","15/4/22 6:19","Nicole.Hamre_UWA"
229,"00000000-0000-0000-0000-000000000000","BD02C618-9921-4485-8CA4-B4F976187273",15,30,"None",NA,1985,6450,"Esperance","Male",NA,1,NA,NA,4,"33452",NA,"15/4/22 6:29","Nicole.Hamre_UWA","15/4/22 6:29","Nicole.Hamre_UWA"
230,"00000000-0000-0000-0000-000000000000","B5D87152-43D2-4885-9615-53C5A6D25BCD",12,40,"None",NA,1977,6450,"Esperance","Male",NA,1,NA,1,3,"Bk463",NA,"15/4/22 6:33","Nicole.Hamre_UWA","15/4/22 6:33","Nicole.Hamre_UWA"
231,"00000000-0000-0000-0000-000000000000","7C3BADAA-8EB8-4E4E-89CD-1C76BC4668B2",40,20,"None",NA,1999,6450,"Esperance","Male",NA,1,NA,NA,3,"Av079",NA,"15/4/22 6:36","Nicole.Hamre_UWA","15/4/22 6:41","Nicole.Hamre_UWA"
232,"00000000-0000-0000-0000-000000000000","23152F3E-9ECC-4E7C-BC0D-60D49739CD0D",10,40,"None",NA,1958,6450,"Esperance","Male",NA,2,NA,NA,7,"Gd617",NA,"15/4/22 6:40","Nicole.Hamre_UWA","15/4/22 6:42","Nicole.Hamre_UWA"
233,"00000000-0000-0000-0000-000000000000","F3669DA2-3F16-4AA9-9692-AC179C47F32C",6,48,"DM",500,1968,6450,"Esperance","Male",NA,1,NA,2,5,"El608",NA,"15/4/22 6:52","Nicole.Hamre_UWA","15/4/22 6:52","Nicole.Hamre_UWA"
234,"00000000-0000-0000-0000-000000000000","56ADECD6-71FB-4139-91E2-B597D64C0770",25,30,"AOW",500,1993,6430,"Esperance","Male",NA,1,NA,NA,7,"Eo239",NA,"15/4/22 7:13","Nicole.Hamre_UWA","15/4/22 7:13","Nicole.Hamre_UWA"
235,"00000000-0000-0000-0000-000000000000","1ADC2F92-3F14-4E68-A2CA-EA383A339768",10,17,"None",NA,1972,6450,"Esperance","Male",1,1,1,NA,4,"Ea099",NA,"15/4/22 7:54","Nicole.Hamre_UWA","15/4/22 7:54","Nicole.Hamre_UWA"
236,"00000000-0000-0000-0000-000000000000","14E17438-3700-45C3-AC6F-D187E8E7DC1C",12,46,"None",NA,1970,6450,"Esperance","Male",NA,1,NA,1,9,"Eb757",NA,"15/4/22 8:11","Nicole.Hamre_UWA","15/4/22 8:11","Nicole.Hamre_UWA"
237,"00000000-0000-0000-0000-000000000000","6A4A6782-1694-4116-A96A-EC8CCC27776E",6,25,"None",NA,1991,6450,"Esperance","Male",NA,1,NA,NA,8,"Ap678",NA,"15/4/22 8:22","Nicole.Hamre_UWA","15/4/22 8:22","Nicole.Hamre_UWA"
238,"00000000-0000-0000-0000-000000000000","75915138-F54F-4AEB-B270-827C7C62C71E",1,1,"None",NA,1976,6450,"Esperance","Female",1,2,NA,NA,8,"Gj914",NA,"15/4/22 8:29","Nicole.Hamre_UWA","15/4/22 8:29","Nicole.Hamre_UWA"
239,"00000000-0000-0000-0000-000000000000","6C90B398-CD00-4F55-B737-74F0F190422C",1,50,"None",NA,1952,6308,"Esperance","Male",NA,1,NA,NA,3,"Bl147",NA,"16/4/22 1:51","Nicole.Hamre_UWA","16/4/22 1:51","Nicole.Hamre_UWA"
240,"00000000-0000-0000-0000-000000000000","323B6228-C942-4F03-B824-D68869617B0C",200,30,"OW",500,1982,6450,"Esperance","Male",NA,NA,NA,NA,2,"Red blow up boat","Rubber blow up boat","16/4/22 3:12","Nicole.Hamre_UWA","16/4/22 3:12","Nicole.Hamre_UWA"
241,"00000000-0000-0000-0000-000000000000","C73F7BE9-CA48-47A5-AA44-065982C0EB7D",60,50,"None",NA,1963,6450,"Esperance","Male",NA,NA,NA,NA,3,"Gf954",NA,"16/4/22 3:17","Nicole.Hamre_UWA","16/4/22 3:35","Nicole.Hamre_UWA"
242,"00000000-0000-0000-0000-000000000000","ABC2BF10-E1B6-48EB-A07A-E0083F3E0C5A",12,30,"None",NA,1987,6450,"Esperance","Male",NA,2,NA,2,3,"Ew547",NA,"16/4/22 4:40","Nicole.Hamre_UWA","16/4/22 4:40","Nicole.Hamre_UWA"
243,"00000000-0000-0000-0000-000000000000","DBFF0C9F-3BA8-4702-AA67-6090927E3107",12,20,"None",NA,1957,6450,"Esperance","Male",NA,1,NA,NA,7,"Dv957",NA,"16/4/22 4:48","Nicole.Hamre_UWA","16/4/22 4:48","Nicole.Hamre_UWA"
244,"00000000-0000-0000-0000-000000000000","524696E0-82EA-4C76-A245-6260F653B258",4,40,"None",NA,1972,6112,"Esperance","Male",NA,NA,NA,NA,2,"Gu853","Jet ski","16/4/22 5:05","Nicole.Hamre_UWA","16/4/22 5:05","Nicole.Hamre_UWA"
245,"00000000-0000-0000-0000-000000000000","0B70C41F-1E32-4C3D-9AE2-A5967B98C950",6,55,"None",NA,1961,6450,"Esperance","Male",1,3,2,1,5,"Ant",NA,"16/4/22 5:16","Nicole.Hamre_UWA","16/4/22 5:16","Nicole.Hamre_UWA"
246,"00000000-0000-0000-0000-000000000000","AF150A0D-D6D4-4CD9-BAF3-CF637838D775",6,30,"None",NA,1986,6450,"Esperance","Male",NA,1,NA,2,5,"Bt135",NA,"16/4/22 5:52","Nicole.Hamre_UWA","16/4/22 5:52","Nicole.Hamre_UWA"
247,"00000000-0000-0000-0000-000000000000","B0124CF8-94EB-4708-B39D-A720E778334E",24,45,"None",NA,1969,6450,"Esperance","Male",NA,1,NA,1,5,"Chloe sue",NA,"16/4/22 6:02","Nicole.Hamre_UWA","16/4/22 6:02","Nicole.Hamre_UWA"
248,"00000000-0000-0000-0000-000000000000","7C69C81D-3C09-469E-9A97-5716E3FC72D7",35,40,"AOW",250,1978,6450,"Esperance","Male",1,NA,NA,NA,9,"Gj417",NA,"16/4/22 6:18","Nicole.Hamre_UWA","16/4/22 6:18","Nicole.Hamre_UWA"
249,"00000000-0000-0000-0000-000000000000","AB7D3D77-CBDF-4630-99A4-54130DC2E359",12,10,"None",NA,1973,6450,"Esperance","Male",NA,1,NA,NA,7,"Gj194",NA,"16/4/22 6:22","Nicole.Hamre_UWA","16/4/22 6:22","Nicole.Hamre_UWA"
250,"00000000-0000-0000-0000-000000000000","B7AE74C4-3B39-4D96-A367-269DAC4049D6",3,12,"None",NA,1972,6450,"Esperance","Female",1,2,NA,NA,5,"Dm247",NA,"16/4/22 6:34","Nicole.Hamre_UWA","16/4/22 6:34","Nicole.Hamre_UWA"
251,"00000000-0000-0000-0000-000000000000","26A14717-2139-45EA-A7AA-95F0B2DF441E",10,5,"None",NA,1989,6430,"Esperance","Male",NA,1,NA,NA,4,"72045",NA,"16/4/22 6:44","Nicole.Hamre_UWA","16/4/22 6:44","Nicole.Hamre_UWA"
252,"00000000-0000-0000-0000-000000000000","C6E12DEE-DD3F-4472-A9E2-B6111B582C47",6,45,"DM",450,1963,6450,"Esperance","Male",NA,NA,NA,1,5,"A1404",NA,"16/4/22 6:58","Nicole.Hamre_UWA","16/4/22 6:58","Nicole.Hamre_UWA"
253,"00000000-0000-0000-0000-000000000000","5ED0FAF2-4356-4A17-B4A2-C5FDEF7CE010",20,35,"None",NA,1979,6450,"Esperance","Male",NA,2,NA,NA,13,"Gn707",NA,"16/4/22 7:06","Nicole.Hamre_UWA","16/4/22 7:06","Nicole.Hamre_UWA"
254,"00000000-0000-0000-0000-000000000000","88B62671-C257-4F0A-B8EA-CF41FB7C584E",1,30,"I",500,1986,6450,"Esperance","Female",NA,1,2,NA,7,"GI459",NA,"16/4/22 7:14","Nicole.Hamre_UWA","16/4/22 7:14","Nicole.Hamre_UWA"
255,"00000000-0000-0000-0000-000000000000","09DCE737-8229-429B-9430-4A4B31F4B19F",50,27,"None",NA,1985,6430,"Esperance","Female",NA,2,NA,NA,5,"Dn978",NA,"16/4/22 7:50","Nicole.Hamre_UWA","16/4/22 7:50","Nicole.Hamre_UWA"
256,"00000000-0000-0000-0000-000000000000","51B63E4E-F91D-4110-B527-E5895B154122",2,40,"None",NA,1965,6450,"Esperance","Male",NA,1,NA,2,5,"Bx052",NA,"16/4/22 7:53","Nicole.Hamre_UWA","16/4/22 7:53","Nicole.Hamre_UWA"
257,"00000000-0000-0000-0000-000000000000","2554BB3D-B172-4E0A-A31F-F0AEFB0FE636",100,28,"None",NA,1988,6450,"Esperance","Female",1,1,NA,NA,4,"Hook in-in","Hates the marine park","16/4/22 7:58","Nicole.Hamre_UWA","16/4/22 7:58","Nicole.Hamre_UWA"
258,"00000000-0000-0000-0000-000000000000","CFC1C208-99EA-400C-A44E-59F7568436C9",52,48,"None",0,1971,6450,"Esperance","Male",0,0,0,0,4,"DE059",NA,"18/4/22 1:59","Nicole.Hamre_UWA","18/4/22 1:59","Nicole.Hamre_UWA"
259,"00000000-0000-0000-0000-000000000000","35A2D570-AA32-4742-8780-CE1936174F5E",1,55,"None",0,1957,6450,"Esperance","Male",0,1,0,0,4,"90856","Sara, surveyed boat before but new person","18/4/22 2:25","Nicole.Hamre_UWA","18/4/22 2:25","Nicole.Hamre_UWA"
260,"00000000-0000-0000-0000-000000000000","C5E9BA25-E6A4-4BD1-A85B-93AA29E204CF",8,40,"None",0,1962,6450,"Esperance","Male",0,2,0,0,5,"GR383",NA,"18/4/22 3:22","Nicole.Hamre_UWA","18/4/22 3:22","Nicole.Hamre_UWA"
261,"00000000-0000-0000-0000-000000000000","78DA4AC9-7A19-456C-9EFD-70A2827639D8",30,30,"None",0,1970,6450,"Esperance","Male",0,0,0,0,4,"BT630",NA,"18/4/22 4:05","Nicole.Hamre_UWA","18/4/22 4:05","Nicole.Hamre_UWA"
262,"00000000-0000-0000-0000-000000000000","4C47C3D8-0F8A-42F9-B444-E80C9FE0912F",12,30,"None",0,1982,6450,"Esperance","Male",2,2,1,1,7,"GD031",NA,"18/4/22 4:31","Nicole.Hamre_UWA","18/4/22 4:31","Nicole.Hamre_UWA"
263,"00000000-0000-0000-0000-000000000000","0A746C95-EB73-45C3-A5BE-338F291883EE",20,20,"None",0,2002,6330,"Esperance","Male",0,1,0,0,3,"DD117",NA,"18/4/22 4:43","Nicole.Hamre_UWA","18/4/22 4:43","Nicole.Hamre_UWA"
264,"00000000-0000-0000-0000-000000000000","1965DC34-C1DD-4374-8FAA-82ABDB43CB46",20,35,"None",0,1981,6450,"Esperance","Male",0,1,0,1,4,"DP921",NA,"18/4/22 4:54","Nicole.Hamre_UWA","18/4/22 5:01","Nicole.Hamre_UWA"
265,"00000000-0000-0000-0000-000000000000","467CD45A-DD62-49E6-A272-CB9FF2B1C2CD",20,60,"None",0,1955,6450,"Esperance","Male",0,1,0,0,NA,"DM815",NA,"18/4/22 5:29","Nicole.Hamre_UWA","18/4/22 5:29","Nicole.Hamre_UWA"
266,"00000000-0000-0000-0000-000000000000","FD180512-D4B4-4D2C-B9B7-FFB78DC1A633",10,40,"None",0,1966,6442,"Esperance","Male",1,0,0,0,6,"44996",NA,"19/4/22 0:47","Nicole.Hamre_UWA","19/4/22 0:47","Nicole.Hamre_UWA"
267,"00000000-0000-0000-0000-000000000000","E2D541F3-587C-40EF-9330-3C34F5D52444",60,21,"OW",5,2000,6008,"Esperance","Male",9,4,0,0,6,"DX416",NA,"19/4/22 2:35","Nicole.Hamre_UWA","19/4/22 2:35","Nicole.Hamre_UWA"
268,"00000000-0000-0000-0000-000000000000","13C582EB-CB2A-4399-9532-923B3E14FCAF",51,30,"None",NA,1976,6450,"Esperance","Male",NA,1,NA,2,5,"Ge716",NA,"19/4/22 5:10","Nicole.Hamre_UWA","19/4/22 5:10","Nicole.Hamre_UWA"
269,"00000000-0000-0000-0000-000000000000","60BF6D99-857D-4210-852F-DC3456D4236D",35,40,"None",0,1980,6450,"Esperance","Male",0,2,0,0,5,"86481",NA,"19/4/22 5:41","Nicole.Hamre_UWA","19/4/22 5:41","Nicole.Hamre_UWA"
1,"6afc3848-4b6d-46f3-8b4e-a4be22761aa6","2bc857c7-e7e1-4276-80c5-8e07fae4c1bf",15,22,"None",NA,1995,6450,"Esperance","Male",NA,1,NA,NA,3,"Bl621",NA,"4/20/2022 3:25:11 AM","Nicole.Hamre_UWA","4/20/2022 3:25:11 AM","Nicole.Hamre_UWA"
2,"6a1c23eb-1b51-4fe1-aaba-a67754155add","2d99b2bc-9cbf-44b5-aa40-827e88f53f1a",20,35,"OW",12,1973,6450,"Esperance","Male",NA,NA,NA,1,5,"Dd223",NA,"4/20/2022 5:04:27 AM","Nicole.Hamre_UWA","4/20/2022 5:04:27 AM","Nicole.Hamre_UWA"
3,"e5cbb960-8b2e-40fe-a7cd-49ad97a9c5ad","934945f3-79e9-482d-a363-6ab9d499fb65",20,30,"Other",500,1982,6450,"Esperance","Male",NA,NA,NA,NA,3,"Bf664",NA,"4/20/2022 5:10:14 AM","Nicole.Hamre_UWA","4/20/2022 5:10:14 AM","Nicole.Hamre_UWA"
4,"9e4d3186-9444-4eb4-bb3e-225bf055e482","8c7d2a0a-56c0-4f53-b19b-8a22b70dc03c",20,20,"None",NA,2002,6330,"Esperance","Male",NA,1,NA,NA,3,"Dd117",NA,"4/20/2022 5:47:18 AM","Nicole.Hamre_UWA","4/20/2022 5:47:18 AM","Nicole.Hamre_UWA"
5,"5e2de9a5-8064-443b-89a6-3eee6c1ce22a","d15dace8-87a0-4972-9774-08afc83abe75",80,50,"None",NA,1958,6450,"Esperance","Male",1,NA,NA,NA,5,"Bu962",NA,"4/20/2022 5:52:20 AM","Nicole.Hamre_UWA","4/20/2022 5:52:20 AM","Nicole.Hamre_UWA"
6,"17f22cf2-4824-43fe-ab6e-7a5517ff0637","a5443cb9-e2d4-4fd0-a8bf-33700aefba76",15,20,"None",NA,1997,6450,"Esperance","Male",NA,1,NA,NA,8,"Gj621",NA,"4/20/2022 6:25:39 AM","Nicole.Hamre_UWA","4/20/2022 6:25:39 AM","Nicole.Hamre_UWA"
7,"23150d0a-c00f-4dba-92f8-0d9eba174d0b","26b39f16-4154-4203-a416-84d057d5ae42",30,40,"None",0,1975,6430,"Esperance","Male",0,0,0,0,4,"DE527","First day out on new boat","4/9/22 8:51","Nicole.Hamre_UWA","4/9/22 8:51","Nicole.Hamre_UWA"
8,"a0a5ab19-3404-4565-90e3-14159a340f59","e1e791c4-667d-4050-8b2d-cbabc1763c8f",24,50,"None",0,1951,6450,"Esperance","Male",1,0,0,0,4,"AZ769",NA,"4/10/22 4:52","Nicole.Hamre_UWA","4/10/22 4:52","Nicole.Hamre_UWA"
9,"42485f7b-c0fd-4272-b20f-4cfe98cf1e06","c083df05-2a1b-4eaa-8e8b-78be6d6d23b8",20,40,"None",0,1968,6450,"Esperance","Male",0,3,0,0,8,NA,NA,"4/10/22 4:59","Nicole.Hamre_UWA","4/10/22 4:59","Nicole.Hamre_UWA"
10,"0873ece6-bcc2-4a64-95ad-6e8d07e6b02d","976f4ce1-e494-4fac-b6b6-911d85b7b5a5",50,23,"None",0,1996,6450,"Esperance","Male",0,1,0,0,3,"EZ853",NA,"4/10/22 6:02","Nicole.Hamre_UWA","4/10/22 6:02","Nicole.Hamre_UWA"
11,"85c2434e-f98b-424e-bdaa-84601774b4c7","54703c2d-4c59-4618-a1ee-7ad7b0f50230",40,40,"None",0,1974,6450,"Esperance","Male",0,0,0,1,3,"65816","Rain","4/10/22 6:07","Nicole.Hamre_UWA","4/10/22 6:07","Nicole.Hamre_UWA"
12,"755ddf64-80ae-4ea8-952b-bea801a2b081","d8935b0d-a3d0-4a53-9784-a129dde1acfd",3,11,"None",0,2008,6450,"Esperance","Male",0,0,0,0,4,"EM274",NA,"4/10/22 6:40","Nicole.Hamre_UWA","4/10/22 6:40","Nicole.Hamre_UWA"
13,"68a0bdc0-e620-4aeb-9ccf-806ae4b7e1f3","515fda98-1290-4874-a430-5adc406f105c",5,30,"None",0,1982,6450,"Esperance","Male",0,0,0,1,3,"BS605",NA,"4/10/22 6:58","Nicole.Hamre_UWA","4/10/22 6:58","Nicole.Hamre_UWA"
14,"e67c4fab-6bf3-47bf-a2dc-9dd13b8fecad","eb5c27c5-13a8-4da9-b4c3-a82b60c20e89",26,49,"None",0,1971,6450,"Esperance","Male",0,0,0,0,5,"DE059",NA,"4/15/2022 12:22:15 AM","Nicole.Hamre_UWA","4/15/2022 12:22:15 AM","Nicole.Hamre_UWA"
15,"4a879b4b-9fe1-48d4-bd20-5e3716e63f99","7fa98aa1-9948-4ea6-bb8f-2f6d6907102a",15,25,"None",0,1984,6460,"Esperance","Male",1,0,0,0,5,"GN536","Wife on first trip but dropped off because sea sick","4/15/2022 1:15:19 AM","Nicole.Hamre_UWA","4/15/2022 1:15:19 AM","Nicole.Hamre_UWA"
16,"4ddfd3e7-29aa-4b4d-a14c-5dd7ca1985ce","64d1ee1c-84a1-4002-9461-4a50b3eb7103",10,30,"None",0,1982,6450,"Esperance","Male",0,1,0,1,4,"BS606",NA,"4/15/2022 1:20:29 AM","Nicole.Hamre_UWA","4/15/2022 1:20:29 AM","Nicole.Hamre_UWA"
17,"fc462df2-68ee-4354-bbbd-25bc616b6bd3","db148d33-be9c-40bf-b12a-8e7d98c840ac",20,20,"None",0,1988,6430,"Esperance","Male",0,0,0,0,4,"99617",NA,"4/15/2022 1:58:52 AM","Nicole.Hamre_UWA","4/15/2022 1:58:52 AM","Nicole.Hamre_UWA"
18,"820286c3-5d85-4ac0-9c06-6acf94c4f602","36e5caf1-449d-467b-a01f-e673c0db9e83",112,30,"OW",500,1982,6450,"Esperance","Male",1,0,0,1,4,"EH423",NA,"4/15/2022 2:18:02 AM","Nicole.Hamre_UWA","4/15/2022 2:18:02 AM","Nicole.Hamre_UWA"
19,"1d6f8f55-5f5f-4197-9a52-0ef9e8919ae2","48a5e583-8e0a-4224-ba44-44f105847073",3,26,"None",0,1996,6450,"Esperance","Male",0,0,1,0,5,"52279",NA,"4/15/2022 3:02:41 AM","Nicole.Hamre_UWA","4/15/2022 3:02:41 AM","Nicole.Hamre_UWA"
20,"f648f94c-5f48-45af-b59b-2b56ac90cb67","f9ba50eb-3783-4575-8621-eb242d578984",30,50,"AOW",200,1969,6430,"Esperance","Male",1,1,0,0,4,"80829",NA,"4/15/2022 3:23:20 AM","Nicole.Hamre_UWA","4/15/2022 3:23:20 AM","Nicole.Hamre_UWA"
21,"d073a437-c62b-4e9b-949d-6a801d89b117","c1269ca1-4178-4f9f-8eeb-6a3963ad05f6",10,40,"None",0,1959,6450,"Esperance","Male",0,1,0,1,4,"EW101",NA,"4/15/2022 3:30:56 AM","Nicole.Hamre_UWA","4/15/2022 3:30:56 AM","Nicole.Hamre_UWA"
22,"63ecc4c1-b015-40ac-94aa-befc23b9c5ff","e17a1455-fb18-498c-a7d1-ff8bd6ca5af0",42,40,"None",0,1974,6450,"Esperance","Male",0,0,0,1,4,"65816",NA,"4/15/2022 4:07:01 AM","Nicole.Hamre_UWA","4/15/2022 4:07:01 AM","Nicole.Hamre_UWA"
23,"82ffcfb3-ec80-4a67-922c-95faf0824787","e58ec471-186b-4132-a04a-8f9764d757de",6,30,"None",0,1989,6450,"Esperance","Male",0,1,1,0,4,"EX236",NA,"4/15/2022 4:46:24 AM","Nicole.Hamre_UWA","4/15/2022 4:46:24 AM","Nicole.Hamre_UWA"
24,"4288a6af-ad4b-4012-8ca1-785846dc5c9c","73f69097-9ede-4ca1-92b9-79470a32c70b",24,50,"None",0,1959,6450,"Esperance","Male",0,0,0,1,3,"GF120",NA,"4/15/2022 4:57:08 AM","Nicole.Hamre_UWA","4/15/2022 4:57:08 AM","Nicole.Hamre_UWA"
25,"657cc688-c887-4eb2-bd02-91dcfbeab293","7c5c128c-b06b-4385-9f1e-d2fe71ed945c",12,55,"None",0,1947,6450,"Esperance","Male",0,0,0,0,6,"71154",NA,"4/15/2022 5:04:07 AM","Nicole.Hamre_UWA","4/15/2022 5:04:07 AM","Nicole.Hamre_UWA"
26,"9e1a92f3-0d94-4504-a34d-d74be9b80c65","b41919e2-ae6e-453a-83c9-33b4c12b6503",12,40,"None",0,1957,6108,"Esperance","Male",0,2,0,0,4,"BL147",NA,"4/15/2022 5:34:24 AM","Nicole.Hamre_UWA","4/15/2022 5:34:24 AM","Nicole.Hamre_UWA"
27,"500b92b0-2784-4f22-938d-8733b62fd0ce","ee6dafa1-0637-48f4-9e60-91f53a124b65",40,15,"None",0,1998,6018,"Esperance","Male",3,3,0,0,4,NA,NA,"4/15/2022 5:40:00 AM","Nicole.Hamre_UWA","4/15/2022 5:40:00 AM","Nicole.Hamre_UWA"
28,"0c2f0682-31f3-4430-99a9-32956e2b9a12","05f2e315-4391-48ab-8db9-4d40ff60db73",50,2,"None",0,1997,6110,"Esperance","Male",0,2,0,0,3,"BO642",NA,"4/15/2022 5:51:10 AM","Nicole.Hamre_UWA","4/15/2022 5:51:10 AM","Nicole.Hamre_UWA"
29,"31b7a3b3-92b5-4bcb-b03a-e219da4b3c7d","bdc2ce8d-33f5-4fad-882b-c1f26feab2a2",36,30,"Commercial",200,1974,6450,"Esperance","Male",1,0,0,0,4,"459259",NA,"4/15/2022 5:58:41 AM","Nicole.Hamre_UWA","4/15/2022 5:58:41 AM","Nicole.Hamre_UWA"
30,"5b9f7a9a-eba3-48c8-8b78-ce2cb325cc7c","93ac8506-1f4e-42c0-bb67-e380b930d591",30,55,"None",0,1965,6450,"Esperance","Male",0,0,0,1,3,"AR621",NA,"4/15/2022 6:27:09 AM","Nicole.Hamre_UWA","4/15/2022 6:27:09 AM","Nicole.Hamre_UWA"
31,"35b49b86-2e5c-498a-a88b-600dbf66f487","8601227a-74a9-457e-9ea5-0c9fc50db8c6",2,0,"None",0,1970,6450,"Esperance","Male",0,1,0,1,5,"BJ207",NA,"4/15/2022 6:35:24 AM","Nicole.Hamre_UWA","4/15/2022 6:35:24 AM","Nicole.Hamre_UWA"
32,"890eebbe-6cf1-434a-9426-15c414b4da91","57df5131-7667-474a-99af-658a3ba21da7",12,0,"None",0,1966,6450,"Esperance","Male",0,0,0,1,4,"EM274",NA,"4/15/2022 7:35:07 AM","Nicole.Hamre_UWA","4/15/2022 7:35:07 AM","Nicole.Hamre_UWA"
33,"f9e50065-9486-423b-914c-891d67365b84","b6b0e669-07b1-429a-82f4-26169acde047",5,12,"None",0,1992,6061,"Esperance","Male",1,1,0,0,3,"63957",NA,"4/15/2022 8:04:22 AM","Nicole.Hamre_UWA","4/15/2022 8:10:26 AM","Nicole.Hamre_UWA"
34,"0b3ffda2-306c-4205-a456-a4d061a78ec2","5af31222-4c9f-4522-98a5-34255387ccea",30,40,"AOW",50,1978,6450,"Esperance","Male",0,4,0,0,8,NA,NA,"4/15/2022 8:42:32 AM","Nicole.Hamre_UWA","4/15/2022 8:42:32 AM","Nicole.Hamre_UWA"
35,"d3c6e63d-02b5-4c92-907e-179b544e3f9a","3d2cb882-be3a-4ae5-9836-6ba64e411968",20,20,"None",0,2002,6330,"Esperance","Male",0,2,0,0,3,"Dd117",NA,"4/16/2022 3:37:13 AM","Nicole.Hamre_UWA","4/16/2022 3:37:13 AM","Nicole.Hamre_UWA"
36,"ff95e364-b05d-4c46-bb43-17491ee794d6","900bd04d-ee24-4343-8031-7aa1ebf9b627",30,20,"OW",15,1990,6019,"Esperance","Male",1,1,0,0,4,NA,NA,"4/16/2022 3:45:09 AM","Nicole.Hamre_UWA","4/16/2022 3:45:09 AM","Nicole.Hamre_UWA"
37,"885e95de-2b91-40ff-82d2-5c980ce7231e","4fa30272-b53b-4180-bfdc-174f98090304",45,55,"None",0,1957,6432,"Esperance","Male",0,1,0,0,3,"BA047",NA,"4/16/2022 4:11:04 AM","Nicole.Hamre_UWA","4/16/2022 4:11:04 AM","Nicole.Hamre_UWA"
38,"dac44ac1-98c5-4057-87ee-903d401a3a8e","af6c79b2-b38e-4819-b04a-3c38d4952d30",30,35,"OW",200,1964,6018,"Esperance","Male",2,1,2,1,5,"GM541",NA,"4/16/2022 4:50:14 AM","Nicole.Hamre_UWA","4/16/2022 4:50:14 AM","Nicole.Hamre_UWA"
39,"e1479d27-cabc-42d7-bab4-0413ac0d68b9","e856c365-1ac0-4632-ac32-ac1942a2d880",3,30,"None",0,1972,6103,"Esperance","Male",2,2,1,1,5,"G0031",NA,"4/16/2022 5:05:41 AM","Nicole.Hamre_UWA","4/16/2022 5:05:41 AM","Nicole.Hamre_UWA"
40,"f76a8deb-b21c-4d87-9800-07781a9e62fe","045d536c-c708-4db2-ab29-ef940524bf57",30,35,"None",0,1983,6450,"Esperance","Male",0,2,0,1,6,"EA042",NA,"4/16/2022 5:27:02 AM","Nicole.Hamre_UWA","4/16/2022 5:27:02 AM","Nicole.Hamre_UWA"
41,"a7c774ff-a1eb-47f2-8785-d71608d24839","a21baf3e-4112-4cc7-87ef-4273c97cf1e7",30,50,"None",0,1965,6450,"Esperance","Male",1,0,0,0,4,"BG727",NA,"4/16/2022 5:31:29 AM","Nicole.Hamre_UWA","4/16/2022 5:31:29 AM","Nicole.Hamre_UWA"
42,"543b5484-0fa0-4969-bbb9-716bec0f408c","be852477-4363-48dd-80b7-76a0eef0e495",12,40,"None",0,1948,6450,"Esperance","Male",1,1,0,0,4,"GD088",NA,"4/16/2022 5:41:49 AM","Nicole.Hamre_UWA","4/16/2022 5:41:49 AM","Nicole.Hamre_UWA"
43,"472d25bb-aea4-4b19-b615-53a8fd871f78","aa682fcc-3076-4ffb-8be7-7534ce7731a5",34,40,"None",0,1980,6450,"Esperance","Male",1,0,2,0,5,"EB752",NA,"4/16/2022 5:51:21 AM","Nicole.Hamre_UWA","4/16/2022 5:51:21 AM","Nicole.Hamre_UWA"
44,"c21f1aa1-f0b6-4468-be28-e9f9b6685812","f052074a-fecd-44fc-a9b3-1617f00d241c",3,20,"None",0,1976,6450,"Esperance","Female",0,1,1,1,4,"EQ951",NA,"4/16/2022 6:47:49 AM","Nicole.Hamre_UWA","4/16/2022 6:47:49 AM","Nicole.Hamre_UWA"
45,"ec8a6d45-d2d3-438a-8366-7ce68d6e88d6","a8d58630-664b-494c-a53c-7b8b724bb7ea",52,27,"None",0,1985,6450,"Esperance","Male",0,1,0,2,5,"DA799",NA,"4/16/2022 7:11:36 AM","Nicole.Hamre_UWA","4/16/2022 7:11:36 AM","Nicole.Hamre_UWA"
46,"34d9f784-f439-4536-8172-25562244b1b1","ad39df5e-3eda-483b-9f50-769e076d4278",2,3,"None",NA,1990,6450,"Esperance","Male",NA,2,NA,NA,5,"146 bar crusher",NA,"4/18/2022 12:51:55 AM","Nicole.Hamre_UWA","4/18/2022 12:51:55 AM","Nicole.Hamre_UWA"
47,"24ac9a6c-0f16-43dd-b7f1-f952d0bbddf4","77816a8e-32d5-4051-b88f-8ea83a9b0827",15,10,"None",NA,1994,6450,"Esperance","Male",NA,1,NA,1,3,"Da799",NA,"4/18/2022 1:21:31 AM","Nicole.Hamre_UWA","4/18/2022 1:21:31 AM","Nicole.Hamre_UWA"
48,"53c87cbf-8d74-4162-8986-c3d799fef601","6a0ea7b0-1740-45f7-8476-321a15319828",20,35,"None",NA,1978,6450,"Esperance","Male",NA,1,NA,2,7,"A383",NA,"4/18/2022 2:12:35 AM","Nicole.Hamre_UWA","4/18/2022 2:12:35 AM","Nicole.Hamre_UWA"
49,"8ca173ff-f262-4221-b68b-0e5e45ffe92a","ea8fb10b-ca3b-41ff-b40b-8a4176f98ef3",30,30,"None",NA,1971,6450,"Esperance","Male",NA,2,NA,NA,6,"Gs185",NA,"4/18/2022 3:23:39 AM","Nicole.Hamre_UWA","4/18/2022 3:23:39 AM","Nicole.Hamre_UWA"
50,"d8d7f9dd-caf0-4669-9666-18bd46a81926","74b97a2d-c577-4c9e-bcd6-51a65787504c",50,30,"None",NA,1976,6450,"Esperance","Male",1,1,1,1,6,"Ge716",NA,"4/18/2022 4:13:27 AM","Nicole.Hamre_UWA","4/18/2022 4:13:27 AM","Nicole.Hamre_UWA"
51,"23e8d914-75dc-404e-aa4a-f5f369273be0","043e22af-10e1-466d-8f9f-87d55181a93b",10,30,"None",NA,1972,6450,"Esperance","Male",NA,3,NA,NA,3,"?72	1","Small cream boat","4/18/2022 5:02:21 AM","Nicole.Hamre_UWA","4/18/2022 5:02:21 AM","Nicole.Hamre_UWA"
52,"7964ad6f-5fca-4803-954f-b467e730fc04","9fb72fa6-1bab-466d-88d9-08f15ae944b7",2,70,"None",NA,1946,6450,"Esperance","Male",NA,1,NA,NA,5,"Bb822",NA,"4/18/2022 5:41:24 AM","Nicole.Hamre_UWA","4/18/2022 5:41:24 AM","Nicole.Hamre_UWA"
53,"0cdf7b90-0f1d-4737-86c4-89985cc79d4f","623e3204-89bc-404a-a8d9-c432906b6418",50,20,"None",NA,1985,6450,"Esperance","Male",NA,1,NA,1,4,"Ds104",NA,"4/18/2022 5:54:15 AM","Nicole.Hamre_UWA","4/18/2022 5:54:15 AM","Nicole.Hamre_UWA"
54,"f56c2169-1353-45bd-98a5-ce8c8888a0d0","d664f9e8-83da-4331-b807-23006dcaa809",8,15,"None",NA,1964,6450,"Esperance","Male",NA,2,NA,1,8,"Aj288",NA,"4/18/2022 5:58:17 AM","Nicole.Hamre_UWA","4/18/2022 5:58:17 AM","Nicole.Hamre_UWA"
55,"ea8beee2-e750-4d29-978a-794d62e41cc2","75a03b32-df2a-4afe-9275-a1ef7c757e20",40,20,"None",0,1998,6018,"Esperance","Male",1,0,0,0,4,"CA449N",NA,"4/20/2022 1:17:06 AM","Nicole.Hamre_UWA","4/20/2022 1:18:53 AM","Nicole.Hamre_UWA"
56,"1f5e119f-5185-4dff-beae-f0d9ff28b0e5","5ec5b953-f11e-4a38-b87c-781e73fb1e07",1,50,"None",0,1961,6064,"Esperance","Male",0,2,0,0,3,"GK311",NA,"4/20/2022 4:49:21 AM","Nicole.Hamre_UWA","4/20/2022 4:49:21 AM","Nicole.Hamre_UWA"
57,"b55758b4-5459-47fb-a931-a5ff7fe6f8bd","ed1c1aa8-ffff-45e0-bd5d-da3d313b93ff",60,21,"OW",5,2000,6008,"Esperance","Male",0,3,0,0,6,"DY416",NA,"4/20/2022 5:54:34 AM","Nicole.Hamre_UWA","4/20/2022 5:54:34 AM","Nicole.Hamre_UWA"
58,"1d9247b6-e5c7-4837-bb28-018abf125c1f","30ad1e3a-2818-4c08-9595-224c43f8847c",2,35,"OW",50,1965,6450,"Esperance","Female",1,1,NA,NA,3,NA,"Red blow up dingy","4/23/2022 2:01:02 AM","Nicole.Hamre_UWA","4/23/2022 2:02:46 AM","Nicole.Hamre_UWA"
59,"2d8e2e28-f9d8-47a5-bc0a-e161d2ee2f22","128459a5-22c9-4f8f-ab70-07c848e61ad6",3,10,"None",NA,1973,6450,"Esperance","Male",NA,1,NA,NA,4,"Gh547",NA,"4/23/2022 3:16:49 AM","Nicole.Hamre_UWA","4/23/2022 3:16:49 AM","Nicole.Hamre_UWA"
60,"5db3c879-8a3b-4211-bf89-14f443b33a51","c2516254-3ad8-42c3-a767-d8ad52b1f4c2",15,20,"None",NA,1970,6450,"Esperance","Male",NA,NA,NA,1,4,"Gi455",NA,"4/23/2022 3:29:24 AM","Nicole.Hamre_UWA","4/23/2022 3:29:24 AM","Nicole.Hamre_UWA"
61,"6fe3f49f-f935-47a8-b428-8cf17d04bf92","f4883840-d4df-48bf-aaf8-af8e99101ac2",40,30,"None",NA,1984,6450,"Esperance","Male",NA,1,NA,NA,4,"Bt135",NA,"4/23/2022 4:03:08 AM","Nicole.Hamre_UWA","4/23/2022 4:14:01 AM","Nicole.Hamre_UWA"
62,"3118bb1e-3deb-4fc0-b6e2-f461d2a500c0","6a9677c1-831a-48f8-9ffd-8f1ea1011869",4,60,"None",NA,1953,6450,"Esperance","Male",NA,NA,NA,1,5,"Df511",NA,"4/23/2022 5:34:46 AM","Nicole.Hamre_UWA","4/23/2022 5:36:08 AM","Nicole.Hamre_UWA"
63,"f640401e-357d-44d6-a9de-99557ebf3e86","e9b5764b-0150-4106-a54e-1af88e101169",10,20,"None",0,1996,6450,"Esperance","Male",0,1,0,0,3,"GI633",NA,"4/24/2022 2:29:10 AM","Nicole.Hamre_UWA","4/24/2022 2:29:10 AM","Nicole.Hamre_UWA"
64,"918c953a-3ebd-48d1-bba0-fa82ece23824","1345a27e-274a-4108-a1a1-c044f702c843",3,28,"OW",100,1990,6450,"Esperance","Male",0,1,0,0,3,"GB833",NA,"4/24/2022 2:35:06 AM","Nicole.Hamre_UWA","4/24/2022 2:35:06 AM","Nicole.Hamre_UWA"
65,"9d2211d8-1a7d-492d-99da-98fe3611fe49","9271e86d-8379-4603-bc80-fec576ca47d6",30,30,"None",0,1985,6450,"Esperance","Male",1,0,0,1,3,"EW129",NA,"4/24/2022 2:41:06 AM","Nicole.Hamre_UWA","4/24/2022 2:41:06 AM","Nicole.Hamre_UWA"
66,"383e878d-30ed-4ce3-bb74-207e88d07f10","760483b0-4b5c-468c-aa95-0e0054e13304",50,30,"None",0,1974,6450,"Esperance","Female",0,1,0,0,4,"EP923",NA,"4/24/2022 2:47:28 AM","Nicole.Hamre_UWA","4/24/2022 2:47:28 AM","Nicole.Hamre_UWA"
67,"759f38fa-7802-4e30-b3a5-9962444de832","8e2a6fcc-ea41-4c4c-a8c1-c4a6a441e9f4",10,30,"None",0,1971,6450,"Esperance","Male",0,1,0,0,5,"B0145",NA,"4/24/2022 2:51:25 AM","Nicole.Hamre_UWA","4/24/2022 2:51:25 AM","Nicole.Hamre_UWA"
68,"f04ea4cf-d080-4834-9575-45c237e14f35","3c5b8fb3-dd96-4185-bfbe-26bf858c8d7e",80,10,"None",0,1995,6430,"Esperance","Male",0,1,0,0,6,"ED013",NA,"4/24/2022 3:00:42 AM","Nicole.Hamre_UWA","4/24/2022 3:00:42 AM","Nicole.Hamre_UWA"
69,"0bc6f3bf-3c3b-409c-b470-385a44354770","d096f056-14f8-4ff7-9c91-573ab4fec41e",30,40,"None",0,1979,6450,"Esperance","Male",0,0,0,0,4,"GU265",NA,"4/24/2022 3:45:28 AM","Nicole.Hamre_UWA","4/24/2022 3:45:28 AM","Nicole.Hamre_UWA"
70,"b962c96d-ea6e-4b20-a5e1-f52785059f30","10fd9da0-9bb9-4d72-83de-a8baf86b584a",52,3,"None",0,1987,6450,"Esperance","Female",0,1,1,1,4,"EX236",NA,"4/24/2022 3:49:06 AM","Nicole.Hamre_UWA","4/24/2022 3:49:06 AM","Nicole.Hamre_UWA"
71,"e73e338c-f023-4bc7-958d-9254bd378810","5e619fef-eede-4068-b654-bf606799c4b9",0,0,"I",500,1966,6450,"Esperance","Male",1,1,0,0,7,"BS249",NA,"4/24/2022 5:33:58 AM","Nicole.Hamre_UWA","4/24/2022 5:33:58 AM","Nicole.Hamre_UWA"
72,"abd1290c-8792-42ea-82a1-a044364f54c4","c8e4bedc-bbe8-45a9-b6a6-d7d26f561b24",5,12,"None",0,1985,6450,"Esperance","Female",1,1,2,0,6,"GS174","Had stayed two nights at O’Brien’s and went swimming and squidding there too.","4/25/2022 4:44:05 AM","Nicole.Hamre_UWA","4/25/2022 4:50:02 AM","Nicole.Hamre_UWA"
73,"ffc99a36-d89d-4229-957c-1d6bf428e8b1","0a75c3ab-08d8-493e-9777-2a75718f2d3a",4,50,"None",0,1989,6450,"Esperance","Male",1,0,0,0,5,"DA174",NA,"4/25/2022 5:57:08 AM","Nicole.Hamre_UWA","4/25/2022 5:57:08 AM","Nicole.Hamre_UWA"
74,"9e4793fc-6ca9-4b1c-89dc-c87abfe4b2a8","85703500-8453-46c4-99a4-1ae3decc4a3f",12,20,"None",0,1969,6450,"Esperance","Male",0,1,0,0,5,"BS400",NA,"4/25/2022 6:32:12 AM","Nicole.Hamre_UWA","4/25/2022 6:32:12 AM","Nicole.Hamre_UWA"
75,"1b45710b-a4ed-48c1-bc62-4f380530dc56","ca5f587e-76e4-498e-ab83-0a6c1cdc6ee5",30,30,"None",0,1978,6459,"Esperance","Male",0,2,0,0,6,"EU799",NA,"4/25/2022 6:49:26 AM","Nicole.Hamre_UWA","4/25/2022 6:49:26 AM","Nicole.Hamre_UWA"
76,"42971a20-28c4-48da-b576-033e35850757","264dca1b-824f-4bfb-93ed-471b58aca0be",15,50,"None",0,1964,6450,"Esperance","Male",0,1,0,0,4,"GN359",NA,"4/25/2022 6:55:51 AM","Nicole.Hamre_UWA","4/25/2022 6:55:51 AM","Nicole.Hamre_UWA"
77,"542590f9-34e0-40d0-b3b6-8c87107523fa","dca1e2b4-0f7f-4e3d-b856-72e69f063c23",29,47,"None",0,1965,6430,"Esperance","Male",0,0,0,0,5,"EC082",NA,"4/21/2022 1:36:54 AM","Nicole.Hamre_UWA","4/21/2022 1:45:41 AM","Nicole.Hamre_UWA"
78,"90607474-af64-4428-bfa5-db196a1a5410","855f0abc-69d4-4cdc-95b9-62c61f3d9944",10,49,"None",0,1982,6450,"Esperance","Female",2,2,0,0,5,"18131",NA,"4/23/2022 3:08:09 AM","Nicole.Hamre_UWA","4/23/2022 3:08:09 AM","Nicole.Hamre_UWA"
79,"8ccdac8d-21fa-4cbc-808c-c588f6fc97f7","ed839688-edf8-4880-98a4-7b4c8d355496",30,10,"None",0,1990,6432,"Esperance","Male",0,1,0,2,6,"DZ719",NA,"4/23/2022 3:13:11 AM","Nicole.Hamre_UWA","4/23/2022 3:13:11 AM","Nicole.Hamre_UWA"
80,"51d1cde2-11f6-478e-86ff-7d34c0955310","ef798543-ba4c-4748-aed6-838b31d9034b",100,30,"OW",NA,1982,6450,"Esperance","Male",0,0,1,0,5,"EH423",NA,"4/23/2022 3:25:03 AM","Nicole.Hamre_UWA","4/23/2022 3:25:03 AM","Nicole.Hamre_UWA"
81,"0ca17ec6-473b-4236-8918-bfa9938b3882","6cda72e2-3fe1-43ae-b55f-1b3f2e875187",200,30,"OW",500,1982,6450,"Esperance","Male",NA,NA,NA,NA,3,"Eh423",NA,"4/24/2022 2:42:52 AM","Nicole.Hamre_UWA","4/24/2022 2:42:52 AM","Nicole.Hamre_UWA"
82,"7598b845-9f8d-4191-bedf-63df746ecd5c","40378532-8984-4589-be89-8707e6ee6f10",30,5,"OW",20,1999,6450,"Esperance","Male",NA,1,NA,NA,3,"459259",NA,"4/24/2022 4:13:03 AM","Nicole.Hamre_UWA","4/24/2022 4:13:03 AM","Nicole.Hamre_UWA"
83,"8650f2b0-b0a6-419a-bd44-9c19e77d8998","3f124f53-c96d-46bc-b609-fbc432239587",20,70,"None",NA,1945,6450,"Esperance","Male",NA,NA,NA,NA,3,"Dq898","Also sailed there and back - was in a sail boat","4/24/2022 4:31:07 AM","Nicole.Hamre_UWA","4/24/2022 4:31:07 AM","Nicole.Hamre_UWA"
84,"c175c1db-b65d-4b77-bcf5-072acc5fa161","893c4caa-555a-48af-a8f2-748ceb77b8f8",3,50,"None",NA,1966,6450,"Esperance","Male",NA,1,NA,NA,4,"Ax495",NA,"4/24/2022 4:48:41 AM","Nicole.Hamre_UWA","4/24/2022 4:48:41 AM","Nicole.Hamre_UWA"
85,"28254704-ead7-47ee-a0e5-fdfca511aeff","1c7ae422-e9ed-4be2-8497-738fc10d348a",24,30,"None",NA,1969,6450,"Esperance","Male",NA,1,NA,NA,4,"Be791",NA,"4/24/2022 4:58:55 AM","Nicole.Hamre_UWA","4/24/2022 5:01:59 AM","Nicole.Hamre_UWA"
86,"2cd96792-1362-4f7e-b8f6-05dc1a33106b","d1add4ed-41f0-4cb1-bda5-08e60773486d",20,15,"None",NA,1995,6450,"Esperance","Male",NA,1,NA,NA,4,"Gi455",NA,"4/24/2022 5:13:39 AM","Nicole.Hamre_UWA","4/24/2022 5:13:39 AM","Nicole.Hamre_UWA"
