"ID","Date","numYear","facYear","Interviewer","FieldTrip","mLat","mLong","PersonID","Screen18","PrevInter","Agreement","binRecall","TripDate","TripMonth","TripJulianDay","TripNum","SiteNum","Site","SiteType","Resident","BoatAccess","nDaysInArea","nBoatDays","nShoreDays","nTimesLast12m","UseLat","UseLong","ActivityType","Activity","Start","Stop","MedianTime","decMedianTime","decDuration","FishingType","BaitLure","MaxHook","KeptUndam","RelUndam","nDP","CaughtUndam","nHooked","binDP","perDP","proDP","nUndamHr","nDPHr","DPrateHr","Species","DiveMaxDepth","WhyChoose","WhyLeave","Detract","exTimes12m","exYrs","nexTimes12m","nexYrs","DiveCert","nDives","YrBorn","Postcode","Accom","Sex","nFemales","nMales","nGirls","nBoys","nAdults","nChild","PartySize","BoatLength","BoatID","Comments","LunarPhase"
1,2022-01-17,2022,"2022","EH","1",-33.8659716657517,121.894753332989,4,"Yes","No","Yes","0",2022-01-17,"January",19009,1,1,"EsperanceBR","Boat","Yes","No",NA,NA,NA,0,-33.8649257389032,121.906247054267,"NonExtractive","WindSport","07:45","09:25","08:35",8.58,1.67,NA,NA,NA,NA,NA,NA,NA,NA,NA,NA,NA,NA,NA,NA,NA,NA,"Access","ActivityChange",NA,0,0,150,40,"None",NA,1954,"14","Esperance","Male",0,1,0,0,1,0,1,3,"Weto","NA|NA|Non-motorised boat, (sail boat)- not sure if ‘weto’ is brand or boat name, but there was no other number","Full"
2,2022-01-17,2022,"2022","EH","1",-33.9353883321729,122.589428333287,5,"Yes","No","Yes","0",2022-01-17,"January",19009,1,1,"Wharton","Boat","Yes","Yes",NA,NA,NA,0,-33.9334078762736,122.593151335405,"Extractive","Fishing","11:00","12:00","11:30",11.5,1,"Casting","Bait",8,12,2,0,14,14,"0",0,0,14,0,0,"Herring",NA,NA,"ActivityChange",NA,10,20,NA,NA,"None",NA,1978,"14","Esperance","Male",2,2,3,4,4,7,11,3,"Bm079","NA|NA|NA","Full"
3,2022-01-21,2022,"2022","EH","1",-33.8654804011965,121.89458047467,6,"Yes","No","Yes","0",2022-01-21,"January",19013,1,1,"EsperanceBR","Boat","Yes","Yes",NA,NA,NA,0,-33.8622236713842,121.897042414606,"Extractive","Fishing","06:00","10:00","08:00",8,4,"Casting","Bait",5,6,6,0,12,12,"0",0,0,3,0,0,"Snook, skippers, herrings, yellow tails",NA,NA,"LowCatch",NA,60,65,NA,NA,"None",NA,1946,"14","Esperance","Male",0,2,0,0,2,0,2,3,"90856","NA|NA|NA","Waning"
4,2022-01-21,2022,"2022","EH","1",-33.8642844376034,121.893823326938,7,"Yes","No","Yes","0",2022-01-21,"January",19013,1,1,"EsperanceBR","Boat","Yes","Yes",NA,NA,NA,0,-33.8730594685367,121.915099287537,"Extractive","Fishing","06:30","08:00","07:15",7.25,1.5,"Casting","Bait",15,5,5,0,10,10,"0",0,0,6.67,0,0,"King George whiting , herrings",NA,NA,"Weather",NA,6,38,NA,NA,"None",NA,1980,"14","Esperance","Male",0,2,0,0,2,0,2,3,"BG566","NA|NA|NA","Waning"
5,2022-01-21,2022,"2022","EH","1",-33.8642844376034,121.893823326938,7,"Yes","No","Yes","0",2022-01-21,"January",19013,1,2,"EsperanceBR","Boat","Yes","Yes",NA,NA,NA,0,-33.8558097067878,121.908876513833,"Extractive","Fishing","08:30","10:30","09:30",9.5,2,"Casting","Bait",2,0,6,0,6,6,"0",0,0,3,0,0,"Rock cod wrasse",NA,NA,"Weather",NA,6,38,NA,NA,"None",NA,1980,"14","Esperance","Male",0,2,0,0,2,0,2,3,"BG566","NA|NA|NA","Waning"
6,2022-01-21,2022,"2022","EH","1",-33.8651313677191,121.894188276505,8,"Yes","No","Yes","0",2022-01-21,"January",19013,1,1,"EsperanceBR","Boat","No","Yes",8,2,8,1,-33.8881236710603,121.908945439769,"Extractive","Fishing","06:30","11:50","09:10",9.17,5.33,"Casting","Both",15,3,6,0,9,9,"0",0,0,1.69,0,0,"Squid, flathead, whiting",NA,NA,"Weather",NA,5,1,NA,NA,"None",NA,1970,"15","Esperance","Female",1,1,2,0,2,2,4,3,"Gd329","NA|NA|NA","Waning"
7,2022-01-21,2022,"2022","EH","1",-33.8326395400089,121.930944148014,9,"Yes","Yes","Yes","0",2022-01-21,"January",19013,1,1,"BandyCreekBR","Boat","Yes","Yes",NA,NA,NA,0,-33.9207713363878,121.993608563296,"Extractive","Fishing","06:30","07:20","06:55",6.92,0.83,"Cray","Bait",18,0,0,0,0,0,"0",0,0,0,0,0,NA,NA,NA,"Other",NA,20,10,NA,NA,"None",NA,1992,"14","Esperance","Female",1,1,0,0,2,0,2,3,"42950","Sea sick|NA|NA","Waning"
8,2022-01-22,2022,"2022","EH","1",-33.8314666655246,121.932418333701,10,"Yes","No","Yes","0",2022-01-22,"January",19014,1,1,"BandyCreekBR","Boat","Yes","Yes",NA,NA,NA,0,-33.8736862561993,122.005736828439,"Extractive","Fishing","06:00","10:00","08:00",8,4,"Demersal","Bait",40,7,15,0,22,22,"0",0,0,5.5,0,0,"Sweep, queenies, nanniguie, estuary cod",NA,NA,"Weather",NA,8,30,NA,NA,"None",NA,1973,"14","Esperance","Male",0,2,0,0,2,0,2,6,"48677","NA|NA|Lives half the year in Kalgoorlie","Waning"
9,2022-01-22,2022,"2022","EH","1",-33.8314666655246,121.932418333701,10,"Yes","No","Yes","0",2022-01-22,"January",19014,1,2,"BandyCreekBR","Boat","Yes","Yes",NA,NA,NA,0,-33.8513768333025,121.957170114188,"Extractive","Fishing","10:00","12:20","11:10",11.17,2.33,"Trolling","Bait",0,0,0,0,0,0,"0",0,0,0,0,0,"0",NA,NA,"Weather",NA,8,30,NA,NA,"None",NA,1973,"14","Esperance","Male",0,2,0,0,2,0,2,6,"48677","NA|NA|Lives half the year in Kalgoorlie","Waning"
10,2022-01-22,2022,"2022","EH","1",-33.8314266655947,121.932263332992,11,"Yes","Yes","Yes","0",2022-01-22,"January",19014,1,1,"BandyCreekBR","Boat","No","Yes",7,2,7,0,-33.8535190393639,121.962209345826,"Extractive","Fishing","08:00","11:30","09:45",9.75,3.5,"Demersal","Both",15,4,10,0,14,14,"0",0,0,4,0,0,"Herring, wrasse, leather jacket",NA,NA,"Weather",NA,6,20,NA,NA,"None",NA,1975,"9","PinkLake","Female",1,1,0,3,2,3,5,4,"D1578","Also trawling in same spot. Shallowest 8m, deepest 20m|NA|NA","Waning"
11,2022-01-22,2022,"2022","EH","1",-33.831414999318,121.932253332946,12,"Yes","No","Yes","0",2022-01-22,"January",19014,1,1,"BandyCreekBR","Boat","Yes","Yes",NA,NA,NA,0,-34.2853765193011,122.118591659255,"Extractive","Fishing","05:00","08:00","06:30",6.5,3,"Trolling","Bait",0,13,30,0,43,43,"0",0,0,14.33,0,0,"Nanniguie , break sea cod , queen snapper",NA,NA,"Explore",NA,5,20,NA,NA,"None",NA,1984,"14","Esperance","Male",0,3,0,0,3,0,3,6,"EB769","NA|NA|Concerned about marine park, said that even if they don’t close of beach and marine space initially, that the govt has the power to do so in future - which seems to be his main concern","Waning"
12,2022-01-22,2022,"2022","EH","1",-33.831414999318,121.932253332946,12,"Yes","No","Yes","0",2022-01-22,"January",19014,1,2,"BandyCreekBR","Boat","Yes","Yes",NA,NA,NA,0,-34.0515122000308,121.960111731129,"Extractive","Fishing","08:00","11:30","09:45",9.75,3.5,"Trolling","Bait",0,4,10,0,14,14,"0",0,0,4,0,0,"Nanniguie",NA,NA,"EndOfDay",NA,5,20,NA,NA,"None",NA,1984,"14","Esperance","Male",0,3,0,0,3,0,3,6,"EB769","NA|NA|Concerned about marine park, said that even if they don’t close of beach and marine space initially, that the govt has the power to do so in future - which seems to be his main concern","Waning"
13,2022-01-22,2022,"2022","EH","1",-33.8314016660021,121.932181666251,13,"Yes","No","Yes","0",2022-01-22,"January",19014,1,1,"BandyCreekBR","Boat","No","Yes",4,1,4,3,-33.8560932120199,121.961331152804,"Extractive","Fishing","11:00","12:40","11:50",11.83,1.67,"Casting","Bait",15,10,10,0,20,20,"0",0,0,11.98,0,0,"Herring",NA,NA,"Weather",NA,2,30,NA,NA,"None",NA,1987,"13","Esperance","Female",2,2,2,0,4,2,6,7,"Gg053","NA|NA|NA","Waning"
14,2022-01-22,2022,"2022","EH","1",-33.8310216656231,121.932191666297,14,"Yes","No","Yes","0",2022-01-22,"January",19014,1,1,"BandyCreekBR","Boat","Yes","Yes",NA,NA,NA,0,-34.0312952946689,121.898905657049,"Extractive","Fishing","04:45","06:00","05:22",5.37,1.25,"Casting","Bait",55,0,1,0,1,1,"0",0,0,0.8,0,0,NA,NA,NA,"Weather",NA,10,35,NA,NA,"None",NA,1976,"14","Esperance","Male",0,1,0,0,1,0,1,7,"CU900","NA|NA|NA","Waning"
15,2022-01-22,2022,"2022","EH","1",-33.8310216656231,121.932191666297,14,"Yes","No","Yes","0",2022-01-22,"January",19014,1,2,"BandyCreekBR","Boat","Yes","Yes",NA,NA,NA,0,-33.9231781709875,122.024507848546,"Extractive","Fishing","06:30","11:00","08:45",8.75,4.5,"Casting","Bait",50,0,0,0,0,0,"0",0,0,0,0,0,"0",NA,NA,"Weather",NA,10,35,NA,NA,"None",NA,1976,"14","Esperance","Male",0,1,0,0,1,0,1,7,"CU900","NA|NA|NA","Waning"
16,2022-01-23,2022,"2022","EH","1",-33.989663249911,122.218262184344,15,"Yes","No","Yes","0",2022-01-23,"January",19015,1,1,"LuckyBay","Boat","Yes","Yes",NA,NA,NA,0,-34.0352034027057,122.238631482513,"Extractive","Fishing","04:30","09:00","06:45",6.75,4.5,"Demersal","Both",45,9,6,0,15,15,"0",0,0,3.33,0,0,"Naniigue",NA,NA,"LowCatch",NA,20,25,NA,NA,"None",NA,1982,"14","Esperance","Male",0,2,0,2,2,2,4,8,"Df511","NA|NA|Have been deprecated twice ever, say it’s really rare. Also concern for marine park - not sure if commercial fishers will be impacted e.g. will purse-line fishers be allowed to operate in marine parks. Said that a valuable source of info is the fishing club.","Waning"
17,2022-01-23,2022,"2022","EH","1",-33.989663249911,122.218262184344,15,"Yes","No","Yes","0",2022-01-23,"January",19015,1,2,"LuckyBay","Boat","Yes","Yes",NA,NA,NA,0,-34.0297296172338,122.244896247965,"Extractive","Fishing","09:00","10:00","09:30",9.5,1,"Trolling","Both",0,0,0,0,0,0,"0",0,0,0,0,0,NA,NA,NA,"Weather",NA,20,25,NA,NA,"None",NA,1982,"14","Esperance","Male",0,2,0,2,2,2,4,8,"Df511","NA|NA|Have been deprecated twice ever, say it’s really rare. Also concern for marine park - not sure if commercial fishers will be impacted e.g. will purse-line fishers be allowed to operate in marine parks. Said that a valuable source of info is the fishing club.","Waning"
18,2022-01-23,2022,"2022","EH","1",-33.8653721025551,121.893653217464,16,"Yes","No","Yes","0",2022-01-23,"January",19015,1,1,"EsperanceBR","Boat","Yes","Yes",NA,NA,NA,0,-33.8663206659574,121.900625406202,"Extractive","Fishing","11:00","12:00","11:30",11.5,1,"Casting","Bait",8,0,0,0,0,0,"0",0,0,0,0,0,NA,NA,NA,"ActivityChange",NA,12,38,NA,NA,"None",NA,1980,"14","Esperance","Male",1,1,1,1,2,2,4,3,"GJ315","NA|NA|NA","Waning"
19,2022-01-23,2022,"2022","EH","1",-33.8658564300139,121.894180863608,17,"Yes","No","Yes","0",2022-01-23,"January",19015,1,1,"EsperanceBR","Boat","Yes","Yes",2,2,0,0,-33.9182448460485,121.902737804474,"Extractive","Fishing","10:00","12:00","11:00",11,2,"Casting","Bait",15,3,4,0,7,7,"0",0,0,3.5,0,0,"Black ark break sea cod,",NA,NA,"Weather",NA,1,30,NA,NA,"None",NA,1977,"14","Esperance","Male",0,2,0,0,2,0,2,3,"BR445","NA|NA|NA","Waning"
20,2022-01-23,2022,"2022","EH","1",-33.8681733813924,121.89422355155,18,"Yes","No","Yes","1",2022-01-22,"January",19014,1,1,"EsperanceBR","Boat","Yes","Yes",NA,NA,NA,0,-33.9914785187218,122.110308911163,"Extractive","Fishing","07:30","19:00","13:15",13.25,11.5,"Spearing","Bait",12,3,0,0,3,3,"0",0,0,0.26,0,0,"Abalone, harlequin, queen snapper",0,"NaturalSurroundings","EndOfDay",NA,10,35,21,30,"DM",500,1977,"14","Esperance","Male",1,1,2,0,2,2,4,3,"DD038","Thinks shark culls in recreational areas, they also swam throughout the day|NA|Commercial diver in the past","Waning"
21,2022-01-23,2022,"2022","EH","1",-33.8663605361748,121.89428659352,19,"Yes","No","Yes","0",2022-01-23,"January",19015,1,1,"EsperanceBR","Boat","Yes","Yes",NA,NA,NA,0,-33.9745238618564,122.009084049104,"Extractive","Fishing","04:30","12:30","08:30",8.5,8,"Casting","Bait",40,7,10,0,17,17,"0",0,0,2.12,0,0,"Harlequin, rake sea cod, nanniguie",NA,NA,"Weather",NA,75,20,NA,NA,"None",NA,1999,"14","Esperance","Male",0,2,0,0,2,0,2,4,"AV079","NA|NA|NA","Waning"
22,2022-01-23,2022,"2022","EH","1",-33.833185642664,121.931260668506,20,"Yes","Yes","No","0",2022-01-23,"January",19015,1,1,"BandyCreekBR",NA,"Yes","Yes",NA,NA,NA,0,NA,NA,NA,NA,NA,NA,NA,NA,NA,NA,NA,NA,NA,NA,NA,NA,NA,NA,NA,NA,NA,NA,NA,NA,NA,NA,NA,NA,NA,NA,NA,NA,NA,NA,NA,"14",NA,NA,0,0,0,0,0,0,0,NA,NA,"NA|NA|NA","Waning"
23,2022-01-23,2022,"2022","EH","1",-33.8336794822774,121.931365582748,21,"Yes","No","No","0",2022-01-23,"January",19015,1,1,"BandyCreekBR",NA,"Yes","Yes",NA,NA,NA,0,NA,NA,NA,NA,NA,NA,NA,NA,NA,NA,NA,NA,NA,NA,NA,NA,NA,NA,NA,NA,NA,NA,NA,NA,NA,NA,NA,NA,NA,NA,NA,NA,NA,NA,NA,"14",NA,NA,0,0,0,0,0,0,0,NA,NA,"NA|NA|NA","Waning"
24,2022-01-23,2022,"2022","EH","1",-33.8339990235536,121.930806039226,22,"Yes","No","No","0",2022-01-23,"January",19015,1,1,"BandyCreekBR",NA,"Yes","Yes",NA,NA,NA,0,NA,NA,NA,NA,NA,NA,NA,NA,NA,NA,NA,NA,NA,NA,NA,NA,NA,NA,NA,NA,NA,NA,NA,NA,NA,NA,NA,NA,NA,NA,NA,NA,NA,NA,NA,"14",NA,NA,0,0,0,0,0,0,0,NA,NA,"NA|NA|NA","Waning"
25,2022-01-20,2022,"2022","NSH","1",-33.8328537935203,121.931274256423,23,"Yes","No","Yes","0",2022-01-20,"January",19012,1,1,"BandyCreekBR","Boat","No","Yes",7,2,4,0,-33.8529186121195,121.996181293354,"Extractive","Fishing","06:15","07:15","06:45",6.75,1,"Demersal","Bait",20,0,2,0,2,2,"0",0,0,2,0,0,"0",NA,NA,"Explore",NA,12,20,NA,NA,"None",0,1975,"9","PinkLake","Female",1,1,0,4,2,4,6,4,"D1507","NA|NA|Flat rock - 2km off Wyllie point","Full"
26,2022-01-20,2022,"2022","NSH","1",-33.8328537935203,121.931274256423,23,"Yes","No","Yes","0",2022-01-20,"January",19012,1,2,"BandyCreekBR","Boat","No","Yes",7,2,4,0,-33.899863345554,121.987983725313,"Extractive","Fishing","07:30","08:00","07:45",7.75,0.5,"Demersal","Bait",30,0,0,0,0,0,"0",0,0,0,0,0,NA,NA,NA,"Weather",NA,12,20,NA,NA,"None",0,1975,"9","PinkLake","Female",1,1,0,4,2,4,6,4,"D1507","NA|NA|Flat rock - 2km off Wyllie point","Full"
27,2022-01-20,2022,"2022","NSH","1",-33.8328537935203,121.931274256423,23,"Yes","No","Yes","0",2022-01-20,"January",19012,1,3,"BandyCreekBR","Boat","No","Yes",7,2,4,0,-33.8535197182412,121.987161982424,"Extractive","Fishing","08:15","11:00","09:37",9.62,2.75,"Demersal","Bait",20,1,7,0,8,8,"0",0,0,2.91,0,0,"Herring",NA,NA,"Weather",NA,12,20,NA,NA,"None",0,1975,"9","PinkLake","Female",1,1,0,4,2,4,6,4,"D1507","NA|NA|Flat rock - 2km off Wyllie point","Full"
28,2022-01-20,2022,"2022","NSH","1",-33.8330267116199,121.931409901133,24,"Yes","No","Yes","0",2022-01-20,"January",19012,1,1,"BandyCreekBR","Boat","Yes","Yes",NA,NA,NA,0,-33.9736627220033,122.088953259219,"Extractive","Fishing","05:00","10:30","07:45",7.75,5.5,"Demersal","Bait",20,24,24,0,48,48,"0",0,0,8.73,0,0,"School whiting",NA,NA,"Weather",NA,50,55,NA,NA,"None",0,1963,"14","Esperance","Female",1,0,0,0,1,0,1,6,"GF954","NA|NA|NA","Full"
29,2022-01-20,2022,"2022","NSH","1",-33.8330255094951,121.931554591877,25,"Yes","No","Yes","0",2022-01-20,"January",19012,1,1,"BandyCreekBR","Boat","Yes","Yes",NA,NA,NA,0,-33.9254901829534,121.766190801863,"NonExtractive","Diving","06:30","07:00","06:45",6.75,0.5,NA,NA,NA,NA,NA,NA,NA,NA,NA,NA,NA,NA,NA,NA,NA,50,"Other","Other",NA,30,30,125,20,"I",550,1985,"14","Esperance","Male",0,1,0,0,1,0,1,8,"Dm262","NA|Shell diving x commercial but for fun today|Wasn’t an instructor but very experience commercial tech diver with over 5000 dives","Full"
30,2022-01-20,2022,"2022","NSH","1",-33.8331887199782,121.931633240279,26,"Yes","No","Yes","0",2022-01-20,"January",19012,1,1,"BandyCreekBR","Boat","Yes","Yes",NA,NA,NA,0,-33.9689002074294,122.031922989364,"Extractive","Fishing","10:00","12:00","11:00",11,2,"Squidding","Lure",30,1,0,0,1,1,"0",0,0,0.5,0,0,"Nannygui - sweet lips emp",NA,NA,"Weather",NA,30,30,NA,NA,"None",0,1961,"14","Esperance","Male",0,1,0,0,1,0,1,5,"GQ273","Jigging|NA|MP is a good thing we can’t keep raping and pillaging the ocean, as a red fisher we go out for enjoyment. We’ve been told we will be consider so just have to hope that’s true.","Full"
31,2022-01-20,2022,"2022","EH","1",-33.8644885776094,121.89421383627,27,"Yes","No","Yes","1",2020-01-20,"January",18281,1,1,"EsperanceBR","Boat","No","Yes",4,1,0,1,-33.9248249237348,121.907974846037,"Extractive","Fishing","08:30","12:00","10:15",10.25,3.5,"Demersal","Both",30,6,10,0,16,16,"0",0,0,4.57,0,0,"Nannygai (sweet lip emp), harlequin, swallow",NA,NA,"Weather",NA,30,30,NA,NA,"OW",200,1980,"7","Castletown","Male",0,2,0,1,2,1,3,4,"Bt632","NA|NA|NA","Full"
32,2022-01-21,2022,"2022","NSH","1",-33.833156547712,121.931259126099,28,"Yes","No","Yes","0",2022-01-21,"January",19013,1,1,"BandyCreekBR","Boat","No","Yes",10,2,8,1,-33.8731964561326,122.022362846819,"Extractive","Fishing","05:30","07:00","06:15",6.25,1.5,"Demersal","Bait",49,2,1,0,3,3,"0",0,0,2,0,0,"Break sea cod",NA,NA,"Explore",NA,6,40,NA,NA,"OW",6,1979,"10","Esperance","Male",0,1,0,0,1,0,1,4,"GJ987","NA|NA|NA","Waning"
33,2022-01-21,2022,"2022","NSH","1",-33.833156547712,121.931259126099,28,"Yes","No","Yes","0",2022-01-21,"January",19013,1,2,"BandyCreekBR","Boat","No","Yes",10,2,8,1,-33.9271078780122,121.89403980026,"Extractive","Fishing","07:30","08:30","08:00",8,1,"Demersal","Bait",40,2,2,0,4,4,"0",0,0,4,0,0,"Harelequin",NA,NA,"Necessity",NA,6,40,NA,NA,"OW",6,1979,"10","Esperance","Male",0,1,0,0,1,0,1,4,"GJ987","NA|NA|NA","Waning"
34,2022-01-21,2022,"2022","NSH","1",-33.8330509182754,121.931378572387,29,"Yes","No","Yes","0",2022-01-21,"January",19013,1,1,"BandyCreekBR","Boat","No","Yes",7,3,3,0,-33.8456152931751,121.910229522178,"NonExtractive","TowSport","09:00","11:00","10:00",10,2,NA,NA,NA,NA,NA,NA,NA,NA,NA,NA,NA,NA,NA,NA,NA,NA,"Access","Weather",NA,12,30,1,0,"None",0,1987,"4","Esperance","Female",1,1,2,2,2,4,6,5,"49621/Pegasus","NA|NA|NA","Waning"
35,2022-01-21,2022,"2022","NSH","1",-33.833053503104,121.931520350793,30,"Yes","No","Yes","0",2022-01-21,"January",19013,1,1,"BandyCreekBR","Boat","Yes","Yes",NA,NA,NA,0,-33.9235037810963,121.986051185032,"Extractive","Fishing","09:45","11:00","10:22",10.37,1.25,"Cray","Bait",18,0,0,0,0,0,"0",0,0,0,0,0,NA,NA,NA,"Weather",NA,20,10,NA,NA,"None",0,1992,"14","Esperance","Female",1,1,0,0,2,0,2,3,"42950","Cray pot|NA|NA","Waning"
36,2022-01-21,2022,"2022","NSH","1",-33.8655253820636,121.893974597842,31,"Yes","No","Yes","0",2022-01-21,"January",19013,1,1,"EsperanceBR","Boat","Yes","Yes",NA,NA,NA,0,-33.8643236889083,121.905139888764,"Extractive","Fishing","06:30","08:00","07:15",7.25,1.5,"Demersal","Bait",4,2,1,0,3,3,"0",0,0,2,0,0,"King George whiting",NA,NA,"LowCatch",NA,50,45,NA,NA,"None",0,1969,"14","Esperance","Male",1,2,0,0,3,0,3,3,"BA299","NA|NA|NA","Waning"
37,2022-01-22,2022,"2022","NSH","1",-33.8655253820636,121.893974597842,32,"Yes","No","Yes","0",2022-01-22,"January",19014,1,1,"EsperanceBR","Boat","Yes","Yes",NA,NA,NA,0,-33.8989201327676,121.814859195524,"Extractive","Fishing","06:00","07:30","06:45",6.75,1.5,"Demersal","Bait",30,10,7,0,17,17,"0",0,0,11.33,0,0,"Whiting and herring",NA,NA,"Necessity",NA,20,30,NA,NA,"None",0,1983,"14","Esperance","Male",1,1,0,0,2,0,2,3,"BT630","NA|NA|NA","Waning"
38,2022-01-22,2022,"2022","NSH","1",-33.8655253820636,121.893974597842,33,"Yes","No","Yes","0",2022-01-22,"January",19014,1,1,"EsperanceBR","Boat","Yes","Yes",NA,NA,NA,0,-33.8930934713682,121.914067358634,"Extractive","Fishing","07:00","08:00","07:30",7.5,1,"Trolling","Lure",0,0,0,0,0,0,"0",0,0,0,0,0,NA,NA,NA,"LowCatch",NA,10,20,NA,NA,"None",0,1989,"14","Esperance","Male",0,1,0,0,1,0,1,3,"DX354","NA|NA|NA","Waning"
39,2022-01-22,2022,"2022","NSH","1",-33.8655253820636,121.893974597842,34,"Yes","No","No","0",2022-01-22,"January",19014,1,1,"EsperanceBR",NA,"Yes","Yes",NA,NA,NA,0,NA,NA,NA,NA,NA,NA,NA,NA,NA,NA,NA,NA,NA,NA,NA,NA,NA,NA,NA,NA,NA,NA,NA,NA,NA,NA,NA,NA,NA,NA,NA,NA,NA,NA,NA,"14",NA,NA,0,0,0,0,0,0,0,NA,NA,"NA|NA|NA","Waning"
40,2022-01-22,2022,"2022","NSH","1",-33.8638078029448,121.89401561402,35,"Yes","No","Yes","0",2022-01-22,"January",19014,1,1,"EsperanceBR","Boat","Yes","Yes",NA,NA,NA,0,-33.9192256904982,121.981084345029,"Extractive","Fishing","09:00","10:30","09:45",9.75,1.5,"Demersal","Bait",24,2,5,0,7,7,"0",0,0,4.67,0,0,"Harlequin, sweep",NA,NA,"Weather",NA,50,26,NA,NA,"None",0,1970,"14","Esperance","Female",1,2,0,0,3,0,3,4,"86310","NA|NA|NA","Waning"
41,2022-01-22,2022,"2022","NSH","1",-33.8644885776094,121.89421383627,36,"Yes","No","Yes","0",2022-01-22,"January",19014,1,1,"EsperanceBR","Boat","Yes","Yes",NA,NA,NA,0,-33.8672873777255,121.924435647168,"NonExtractive","Other","11:00","11:30","11:15",11.25,0.5,NA,NA,NA,NA,NA,NA,NA,NA,NA,NA,NA,NA,NA,NA,NA,0,"Access","EndOfDay",NA,4,40,0,0,"None",0,1977,"14","Esperance","Male",0,1,0,0,1,0,1,3,"BW453","NA|Going on a multi day trip to middle island tomorrow so took the boat out to check everything was functioning properly|NA","Waning"
42,2022-01-22,2022,"2022","NSH","1",-33.8643385454864,121.893927226084,37,"Yes","No","Yes","0",2022-01-22,"January",19014,1,1,"EsperanceBR","Boat","Yes","Yes",NA,NA,NA,0,-33.9157625515744,121.902118796971,"Extractive","Fishing","09:00","11:40","10:20",10.33,2.67,"Demersal","Bait",25,8,20,0,28,28,"0",0,0,10.49,0,0,"Herring",NA,NA,"EndOfDay",NA,20,40,NA,NA,"None",0,1966,"14","Esperance","Female",1,1,0,0,2,0,2,6,NA,"NA|NA|From Kalgoorlie - have 2 holiday homes here. Fishing avidity depends how often they get down here in a year","Waning"
43,2022-01-22,2022,"2022","NSH","1",-33.8645346428248,121.894146180553,38,"Yes","No","Yes","0",2022-01-22,"January",19014,1,1,"EsperanceBR","Boat","Yes","Yes",NA,NA,NA,0,-34.0230489034754,121.981507465901,"Extractive","Fishing","06:00","11:00","08:30",8.5,5,"Demersal","Bait",40,8,6,0,14,14,"0",0,0,2.8,0,0,"Break sea cod, blue grouper",NA,NA,"EndOfDay",NA,10,40,NA,NA,"None",0,1974,"14","Esperance","Male",0,4,0,0,4,0,4,6,"BJ468","NA|NA|NA","Waning"
44,2022-01-22,2022,"2022","NSH","1",-33.8654891865764,121.893983569317,39,"Yes","No","Yes","0",2022-01-22,"January",19014,1,1,"EsperanceBR","Boat","Yes","Yes",NA,NA,NA,0,-33.9007428739043,121.840106770589,"NonExtractive","Other","10:00","12:15","11:07",11.12,2.25,NA,NA,NA,NA,NA,NA,NA,NA,NA,NA,NA,NA,NA,NA,NA,0,"Megafauna","EndOfDay",NA,1,20,50,4,"None",0,1994,"14","Esperance","Male",1,1,0,0,2,0,2,2,"Er673","NA|Jet skiing, tried to find dolphins - put point in middle of transect, went from boat ramp to twilight and back|JetSki","Waning"
45,2022-01-22,2022,"2022","NSH","1",-33.8645657201971,121.894243516607,40,"Yes","No","Yes","0",2022-01-22,"January",19014,1,1,"EsperanceBR","Boat","Yes","Yes",NA,NA,NA,0,-33.8632540398249,121.930048393827,"Extractive","Fishing","07:00","12:30","09:45",9.75,5.5,"Squidding","Lure",30,5,0,0,5,5,"0",0,0,0.91,0,0,"Squid, snook, yellowtail scad",NA,NA,"Weather",NA,26,40,NA,NA,"None",0,1960,"14","Esperance","Male",0,1,0,2,1,2,3,4,"DP921","NA|NA|NA","Waning"
46,2022-01-22,2022,"2022","NSH","1",-33.8645696907421,121.894212358542,41,"Yes","No","Yes","0",2022-01-22,"January",19014,1,1,"EsperanceBR","Boat","Yes","Yes",NA,NA,NA,0,-33.8579619716197,121.912405140287,"Extractive","Fishing","11:00","11:30","11:15",11.25,0.5,"Demersal","Bait",0,0,1,0,1,1,"0",0,0,2,0,0,NA,NA,NA,"LowCatch",NA,10,15,NA,NA,"None",0,1991,"14","Esperance","Female",1,1,0,0,2,0,2,4,"AQ064","Don’t know depth|NA|NA","Waning"
47,2022-01-22,2022,"2022","NSH","1",-33.8645696907421,121.894212358542,41,"Yes","No","Yes","0",2022-01-22,"January",19014,1,2,"EsperanceBR","Boat","Yes","Yes",NA,NA,NA,0,-33.869363550957,121.902178890671,"Extractive","Fishing","12:00","12:40","12:20",12.33,0.67,"Demersal","Bait",0,0,0,0,0,0,"0",0,0,0,0,0,NA,NA,NA,"Weather",NA,10,15,NA,NA,"None",0,1991,"14","Esperance","Female",1,1,0,0,2,0,2,4,"AQ064","Don’t know depth|NA|NA","Waning"
48,2022-01-23,2022,"2022","NSH","1",-33.992167117553,122.221312721115,42,"Yes","No","Yes","0",2022-01-23,"January",19015,1,1,"LuckyBay","Boat","No","Yes",10,5,10,0,-33.9920471493655,122.227992999606,"Extractive","Fishing","08:00","08:15","08:07",8.12,0.25,"Squidding","Lure",3,0,0,0,0,0,"0",0,0,0,0,0,NA,NA,NA,"LowCatch",NA,20,30,NA,NA,"None",0,1979,"8","LuckyBay","Male",0,1,0,1,1,1,2,3,"AR059","NA|NA|NA","Waning"
49,2022-01-23,2022,"2022","NSH","1",-33.992167117553,122.221312721115,42,"Yes","No","Yes","0",2022-01-23,"January",19015,1,2,"LuckyBay","Boat","No","Yes",10,5,10,0,-34.0001058899952,122.224949433762,"Extractive","Fishing","08:15","10:15","09:15",9.25,2,"Demersal","Bait",30,1,10,0,11,11,"0",0,0,5.5,0,0,"Break sea cod",NA,NA,"EndOfDay",NA,20,30,NA,NA,"None",0,1979,"8","LuckyBay","Male",0,1,0,1,1,1,2,3,"AR059","NA|NA|NA","Waning"
50,2022-01-23,2022,"2022","NSH","1",-33.8333453113995,121.931353754631,43,"Yes","No","Yes","0",2022-01-23,"January",19015,1,1,"BandyCreekBR","Boat","Yes","Yes",NA,NA,NA,0,-34.043262312011,122.008138173416,"Extractive","Fishing","06:30","10:30","08:30",8.5,4,"Demersal","Bait",40,9,1,0,10,10,"0",0,0,2.5,0,0,"Break sea cod, nannygui, harlequin, queenside,",NA,NA,"EndOfDay",NA,26,3,NA,NA,"None",0,1987,"14","Esperance","Male",0,4,0,0,4,0,4,7,"DZ982","NA|NA|NA","Waning"
51,2022-01-23,2022,"2022","NSH","1",-33.8328048958072,121.931547808698,44,"Yes","No","Yes","0",2022-01-23,"January",19015,1,1,"BandyCreekBR","Boat","Yes","Yes",NA,NA,NA,0,-34.0861923179471,121.997422023068,"Extractive","Fishing","05:30","11:00","08:15",8.25,5.5,"Demersal","Bait",70,9,10,0,19,19,"0",0,0,3.45,0,0,"Breaks sea, nannagi, blue grouper",NA,NA,"Weather",NA,5,30,NA,NA,"None",0,1954,"14","Esperance","Female",1,2,0,0,3,0,3,6,"Gg053","NA|NA|NA","Waning"
52,2022-01-23,2022,"2022","NSH","1",-33.8333453113995,121.931353754631,45,"Yes","Yes","Yes","0",2022-01-23,"January",19015,1,1,"BandyCreekBR","Boat","Yes","Yes",NA,NA,NA,0,-33.9806956593913,121.802516201586,"NonExtractive","Diving","07:00","09:00","08:00",8,2,NA,NA,NA,NA,NA,NA,NA,NA,NA,NA,NA,NA,NA,NA,NA,50,"Other","Weather",NA,125,20,125,20,"I",500,1985,"14","Esperance","Male",0,1,0,0,1,0,1,7,"Dm262","NA|She’ll diving - got 3 shells|NA","Waning"
53,2022-01-23,2022,"2022","NSH","1",-33.8333947796423,121.931378423267,46,"Yes","No","Yes","0",2022-01-23,"January",19015,1,1,"BandyCreekBR","Boat","Yes","Yes",NA,NA,NA,0,-34.0295265037353,121.964016341156,"Extractive","Fishing","09:30","10:00","09:45",9.75,0.5,"Demersal","Both",42,3,1,0,4,4,"0",0,0,8,0,0,"Queen snapper, western blue devil, break sea cod",NA,NA,"EndOfDay",NA,12,21,NA,NA,"None",0,1994,"14","Esperance","Male",0,1,0,1,1,1,2,6,"E1686","NA|NA|Concerned about MP, part of fishing club, weather stops us fishing so we can deplete stocks, should manage using bag limits","Waning"
54,2022-01-23,2022,"2022","NSH","1",-33.8335264209637,121.931468412,47,"Yes","Yes","No","0",2022-01-23,"January",19015,1,1,"BandyCreekBR",NA,"No","Yes",NA,NA,NA,0,NA,NA,NA,NA,NA,NA,NA,NA,NA,NA,NA,NA,NA,NA,NA,NA,NA,NA,NA,NA,NA,NA,NA,NA,NA,NA,NA,NA,NA,NA,NA,NA,NA,NA,NA,NA,NA,NA,0,0,0,0,0,0,0,NA,NA,"NA|NA|NA","Waning"
55,2022-01-24,2022,"2022","EH","1",-33.833291359239,121.930851282875,48,"Yes","No","Yes","1",2022-01-23,"January",19015,1,1,"BandyCreekBR","Boat","Yes","Yes",7,4,7,3,-33.9250878891947,122.596467349495,"Extractive","Fishing","05:00","12:00","08:30",8.5,7,"Casting","Bait",35,6,7,0,13,13,"0",0,0,1.86,0,0,"Black ass, harlequin, wolf cod",NA,NA,"Weather",NA,6,20,NA,NA,"None",NA,1957,"14","DukeOrleans","Male",0,1,0,0,1,0,1,3,"EU550","NA|NA|NA","Waning"
57,2022-02-16,2022,"2022","EH","2",-33.8647372530948,121.89408627011,51,"Yes","No","NE","0",2022-02-16,"February",19039,1,1,"EsperanceBR",NA,"Yes","Yes",NA,NA,NA,0,NA,NA,NA,NA,NA,NA,NA,NA,NA,NA,NA,NA,NA,NA,NA,NA,NA,NA,NA,NA,NA,NA,NA,NA,NA,NA,NA,NA,NA,NA,NA,NA,NA,NA,NA,"14",NA,NA,0,0,0,0,0,0,0,NA,NA,"NA|NA|NA","Full"
58,2022-02-16,2022,"2022","NSH","2",-33.8336959835695,121.930545340045,52,"Yes","No","Yes","0",2022-02-16,"February",19039,1,1,"BandyCreekBR","Boat","Yes","Yes",NA,NA,NA,0,-33.8724153277123,121.928329046221,"NonExtractive","Other","08:30","09:40","09:05",9.08,1.17,NA,NA,NA,NA,NA,NA,NA,NA,NA,NA,NA,NA,NA,NA,NA,0,"NaturalSurroundings","Weather",NA,25,40,30,20,"None",0,1976,"14","Esperance","Male",0,1,0,0,1,0,1,6,"AK488","NA|Cruising - went from bandy creek through the bay to west beach and back - not windy yet but to beat wind|NA","Full"
59,2022-02-16,2022,"2022","NSH","2",-33.8332706060456,121.931405624254,53,"Yes","Yes","Yes","0",2022-02-16,"February",19039,1,1,"BandyCreekBR","Boat","Yes","Yes",NA,NA,NA,0,-33.8761683034738,122.019782861967,"Extractive","Fishing","05:00","10:00","07:30",7.5,5,"Demersal","Bait",20,0,15,0,15,15,"0",0,0,3,0,0,NA,NA,NA,"Weather",NA,35,57,NA,NA,"None",0,1962,"14","Esperance","Male",0,1,0,0,1,0,1,4,"GF954","Targeting whiting|NA|NA","Full"
60,2022-02-16,2022,"2022","NSH","2",-33.8335264209637,121.931468412,54,"Yes","No","Yes","0",2022-02-16,"February",19039,1,1,"BandyCreekBR","Boat","No","Yes",7,1,7,0,-33.8530694528533,121.96426369227,"Extractive","Fishing","10:50","11:40","11:15",11.25,0.83,"Casting","Lure",15,0,2,0,2,2,"0",0,0,2.41,0,0,NA,NA,NA,"Weather","Conditions",24,15,NA,NA,"None",0,1990,"6","Castletown","Male",1,1,0,0,2,0,2,3,"GQ675","NA|NA|First time on the water in Esperance","Full"
61,2022-02-16,2022,"2022","NSH","2",-33.833156547712,121.931259126099,55,"Yes","No","Yes","0",2022-02-16,"February",19039,1,1,"BandyCreekBR","Boat","No","Yes",14,5,7,1,-34.2448485916969,121.833972330922,"Extractive","Fishing","08:00","11:30","09:45",9.75,3.5,"Demersal","Bait",72,7,4,0,11,11,"0",0,0,3.14,0,0,"Nannagai, breakdea cod",NA,NA,"Weather","Conditions",35,35,NA,NA,"None",0,1990,"11","PinkLake","Male",1,1,0,0,2,0,2,5,"Du287","NA|NA|NA","Full"
62,2022-02-17,2022,"2022","NSH","2",-33.9245027616709,122.579708316673,56,"Yes","No","Yes","0",2022-02-17,"February",19040,1,1,"DukeOrleans","Boat","Yes","Yes",5,2,5,0,-33.9318412467127,122.588592034097,"Extractive","Fishing","10:30","11:30","11:00",11,1,"Trolling","Bait",0,4,5,0,9,9,"0",0,0,9,0,0,"Rock cod",NA,NA,"Explore",NA,20,55,NA,NA,"None",0,1959,"14","DukeOrleans","Male",0,2,0,0,2,0,2,3,"EH259","NA|NA|NA","Full"
63,2022-02-17,2022,"2022","NSH","2",-33.9245027616709,122.579708316673,56,"Yes","No","Yes","0",2022-02-17,"February",19040,1,2,"DukeOrleans","Boat","Yes","Yes",5,2,5,0,-33.9232556227759,122.582392702829,"Extractive","Fishing","11:30","11:50","11:40",11.67,0.33,"Squidding","Lure",3,2,0,0,2,2,"0",0,0,6.06,0,0,"Squid",NA,NA,"Necessity",NA,20,55,NA,NA,"None",0,1959,"14","DukeOrleans","Male",0,2,0,0,2,0,2,3,"EH259","NA|NA|NA","Full"
64,2022-02-17,2022,"2022","NSH","2",-33.9245202203901,122.579729229452,57,"Yes","No","Yes","0",2022-02-17,"February",19040,1,1,"DukeOrleans","Boat","Yes","Yes",30,4,30,0,-33.921942942416,122.592113271907,"Extractive","Fishing","09:30","12:15","10:52",10.87,2.75,"Demersal","Bait",12,6,7,0,13,13,"0",0,0,4.73,0,0,"Herring, whiting",NA,NA,"Necessity","Other",12,2,NA,NA,"None",0,1990,"14","DukeOrleans","Male",1,1,1,1,2,2,4,3,"GP647","Sea sickness|NA|NA","Full"
65,2022-02-18,2022,"2022","EH","2",-33.8686086389614,121.893906541476,58,"Yes","No","Yes","0",2022-02-18,"February",19041,1,1,"EsperanceBR","Boat","Yes","Yes",NA,NA,NA,0,-33.8653849457253,121.908377206842,"Extractive","Fishing","06:30","08:00","07:15",7.25,1.5,"Trolling","Lure",0,3,4,0,7,7,"0",0,0,4.67,0,0,"Herring",NA,NA,"ActivityChange",NA,50,15,NA,NA,"None",NA,1987,"14","Esperance","Male",0,2,0,0,2,0,2,3,"Island inflatables","NA|NA|NA","Full"
66,2022-02-19,2022,"2022","EH","2",-33.8332791216309,121.931698261237,59,"Yes","No","Yes","0",2022-02-19,"February",19042,1,1,"BandyCreekBR","Boat","Yes","Yes",NA,NA,NA,0,-33.8661965230556,121.944150024986,"Extractive","Fishing","08:30","10:20","09:25",9.42,1.83,"Casting","Bait",40,0,15,0,15,15,"0",0,0,8.2,0,0,"Roc cod, Herron",NA,NA,"ActivityChange",NA,25,22,NA,NA,"OW",4,1996,"14","Esperance","Male",0,1,0,0,1,0,1,3,"Ez853","NA|NA|Does a lot of free diving","Full"
67,2022-02-19,2022,"2022","EH","2",-33.8336476482211,121.930976277158,60,"Yes","No","Yes","0",2022-02-19,"February",19042,1,1,"BandyCreekBR","Boat","Yes","Yes",NA,NA,NA,0,-33.8358198965281,121.931014030655,"NonExtractive","RowSport","09:00","10:30","09:45",9.75,1.5,NA,NA,NA,NA,NA,NA,NA,NA,NA,NA,NA,NA,NA,NA,NA,NA,"NaturalSurroundings","EndOfDay","EnviroImpacts",6,25,1,3,"None",NA,1989,"14","Esperance","Female",1,1,0,0,2,0,2,NA,NA,"NA|NA|Kayak, don’t like the slime that’s building up around the boat ramps.","Full"
68,2022-02-19,2022,"2022","EH","2",-33.8337281220541,121.931383601156,61,"Yes","No","Yes","0",2022-02-19,"February",19042,1,1,"BandyCreekBR","Boat","No","Yes",2,1,1,0,-33.8550805949093,121.963056544276,"Extractive","Fishing","09:30","11:00","10:15",10.25,1.5,"Casting","Bait",15,0,0,0,0,0,"0",0,0,0,0,0,NA,NA,NA,"Weather",NA,12,15,NA,NA,"None",NA,1982,"12","Esperance","Male",0,3,0,0,3,0,3,5,"Dr157","NA|NA|NA","Full"
69,2022-02-19,2022,"2022","EH","2",-33.833999627967,121.931120374117,62,"Yes","No","Yes","0",2022-02-19,"February",19042,1,1,"BandyCreekBR","Boat","Yes","Yes",NA,NA,NA,0,-33.9741092516412,122.047349680483,"Extractive","Fishing","09:00","10:00","09:30",9.5,1,"Trolling","Lure",0,0,2,0,2,2,"0",0,0,2,0,0,NA,NA,"NaturalSurroundings","Explore",NA,52,35,3,4,"OW",500,1982,"14","Esperance","Male",0,1,0,0,1,0,1,NA,NA,"NA|Dropping Bruvs for fun|Never used to have fish taken, but now it occasionally does ie in the last 5 years. Also more bronzes than there used to be. Also, his uses overlapped between fishing and bruvs","Full"
70,2022-02-19,2022,"2022","EH","2",-33.833999627967,121.931120374117,62,"Yes","No","Yes","0",2022-02-19,"February",19042,1,2,"BandyCreekBR","Boat","Yes","Yes",NA,NA,NA,0,-34.0518292292061,122.002021472781,"Extractive","Fishing","09:30","10:30","10:00",10,1,"Trolling","Lure",0,0,2,0,2,2,"0",0,0,2,0,0,NA,NA,"NaturalSurroundings","EndOfDay",NA,52,35,3,4,"OW",500,1982,"14","Esperance","Male",0,1,0,0,1,0,1,NA,NA,"NA|Dropping Bruvs for fun|Never used to have fish taken, but now it occasionally does ie in the last 5 years. Also more bronzes than there used to be. Also, his uses overlapped between fishing and bruvs","Full"
71,2022-02-19,2022,"2022","EH","2",-33.8337412445811,121.930876097038,63,"Yes","No","Yes","0",2022-02-19,"February",19042,1,1,"BandyCreekBR","Boat","Yes","Yes",NA,NA,NA,0,-34.1329996382498,122.221932400558,"Extractive","Fishing","07:30","10:30","09:00",9,3,"Casting","Lure",40,4,6,0,10,10,"0",0,0,3.33,0,0,"Break sea CD, harlequin, tuna",NA,NA,"EndOfDay",NA,14,30,NA,NA,"None",NA,1978,"14","Esperance","Male",1,1,0,0,2,0,2,6,"Gi784","Jigging|NA|NA","Full"
72,2022-02-19,2022,"2022","EH","2",-33.8334548176971,121.931282999726,64,"Yes","No","Yes","0",2022-02-19,"February",19042,1,1,"BandyCreekBR","Boat","Yes","Yes",NA,NA,NA,0,-33.9099666445672,121.794103205862,"Extractive","Fishing","05:30","11:00","08:15",8.25,5.5,"Casting","Bait",30,0,12,0,12,12,"0",0,0,2.18,0,0,NA,NA,NA,"Weather",NA,45,55,NA,NA,"None",NA,1963,"14","Esperance","Male",0,1,0,0,1,0,1,4,"Gf954","NA|NA|Never used to see white sharks but in the last 15 yrs has seen them egularly","Full"
73,2022-02-19,2022,"2022","EH","2",-33.8335092861205,121.931221449857,65,"Yes","No","Yes","0",2022-02-19,"February",19042,1,1,"BandyCreekBR","Boat","Yes","Yes",NA,NA,NA,0,-33.8909370409846,121.89892337542,"Extractive","Fishing","08:20","11:45","10:02",10.03,3.42,"Casting","Bait",23,15,15,1,30,31,"1",3.23,0.03,8.77,0.29,0.03,"Whiting",NA,NA,"Weather","Conditions",12,45,NA,NA,"None",NA,1968,"14","Esperance","Female",2,2,1,2,4,3,7,7,NA,"Sea sickness,|NA|NA","Full"
74,2022-02-19,2022,"2022","EH","2",-33.8337800569839,121.931194534535,66,"Yes","No","Yes","0",2022-02-19,"February",19042,1,1,"BandyCreekBR","Boat","Yes","Yes",NA,NA,NA,0,-33.8886475062523,121.855225272192,"NonExtractive","Other","10:30","12:00","11:15",11.25,1.5,NA,NA,NA,NA,NA,NA,NA,NA,NA,NA,NA,NA,NA,NA,NA,NA,"NaturalSurroundings","ActivityChange",NA,12,12,12,12,"None",NA,1976,"14","Esperance","Female",1,1,1,1,2,2,4,6,"Du613","NA|Swinging|NA","Full"
75,2022-02-19,2022,"2022","EH","2",-33.8334443896335,121.931163887611,67,"Yes","No","Yes","0",2022-02-19,"February",19042,1,1,"BandyCreekBR","Boat","Yes","Yes",NA,NA,NA,0,-34.0334604472799,122.006442084091,"Extractive","Fishing","08:30","09:30","09:00",9,1,"Trolling","Lure",0,0,0,0,0,0,"0",0,0,0,0,0,NA,NA,"Explore","Explore",NA,40,50,1,1,"None",NA,1963,"14","Esperance","Male",0,1,0,0,1,0,1,7,"Go967","NA|Photography|NA","Full"
76,2022-02-19,2022,"2022","EH","2",-33.8334443896335,121.931163887611,67,"Yes","No","Yes","0",2022-02-19,"February",19042,1,2,"BandyCreekBR","Boat","Yes","Yes",NA,NA,NA,0,-34.0187487014679,121.969091113741,"Extractive","Fishing","10:00","10:45","10:22",10.37,0.75,"Demersal","Bait",25,0,2,0,2,2,"0",0,0,2.67,0,0,NA,NA,"Explore","Explore",NA,40,50,1,1,"None",NA,1963,"14","Esperance","Male",0,1,0,0,1,0,1,7,"Go967","NA|Photography|NA","Full"
77,2022-02-19,2022,"2022","EH","2",-33.8334443896335,121.931163887611,67,"Yes","No","Yes","0",2022-02-19,"February",19042,1,3,"BandyCreekBR","Boat","Yes","Yes",NA,NA,NA,0,-33.9552514634618,122.017998016397,"Extractive","Fishing","11:00","11:30","11:15",11.25,0.5,"Demersal","Bait",25,0,5,0,5,5,"0",0,0,10,0,0,NA,NA,"Explore","EndOfDay",NA,40,50,1,1,"None",NA,1963,"14","Esperance","Male",0,1,0,0,1,0,1,7,"Go967","NA|Photography|NA","Full"
78,2022-02-19,2022,"2022","EH","2",-33.8336817096611,121.931293686084,68,"Yes","No","Yes","0",2022-02-19,"February",19042,1,1,"BandyCreekBR","Boat","Yes","Yes",NA,NA,NA,0,-33.9181602385661,121.902414649025,"Extractive","Fishing","08:30","09:00","08:45",8.75,0.5,"Trolling","Lure",0,0,0,0,0,0,"0",0,0,0,0,0,NA,NA,NA,"LowCatch",NA,30,9,NA,NA,"None",NA,2000,"14","Esperance","Male",0,2,0,0,2,0,2,4,"Gn359","NA|NA|NA","Full"
79,2022-02-19,2022,"2022","EH","2",-33.8336817096611,121.931293686084,68,"Yes","No","Yes","0",2022-02-19,"February",19042,1,2,"BandyCreekBR","Boat","Yes","Yes",NA,NA,NA,0,-33.8890662918526,121.855746132461,"Extractive","Fishing","09:30","11:00","10:15",10.25,1.5,"Casting","Bait",11,4,3,0,7,7,"0",0,0,4.67,0,0,"Herring",NA,NA,"Weather",NA,30,9,NA,NA,"None",NA,2000,"14","Esperance","Male",0,2,0,0,2,0,2,4,"Gn359","NA|NA|NA","Full"
80,2022-02-19,2022,"2022","EH","2",-33.8336790345621,121.931069646252,69,"Yes","No","Yes","0",2022-02-19,"February",19042,1,1,"BandyCreekBR","Boat","Yes","Yes",NA,NA,NA,0,-34.0464593205531,122.002831539368,"Extractive","Fishing","08:00","09:00","08:30",8.5,1,"Trolling","Lure",0,0,0,0,0,0,"0",0,0,0,0,0,NA,NA,NA,"Explore",NA,3,30,NA,NA,"None",NA,1985,"14","Esperance","Male",0,2,0,0,2,0,2,4,"83430","NA|NA|NA","Full"
81,2022-02-19,2022,"2022","EH","2",-33.8336790345621,121.931069646252,69,"Yes","No","Yes","0",2022-02-19,"February",19042,1,2,"BandyCreekBR","Boat","Yes","Yes",NA,NA,NA,0,-33.964424974512,122.0470904761,"Extractive","Fishing","09:30","12:00","10:45",10.75,2.5,"Demersal","Bait",20,0,15,0,15,15,"0",0,0,6,0,0,NA,NA,NA,"Weather",NA,3,30,NA,NA,"None",NA,1985,"14","Esperance","Male",0,2,0,0,2,0,2,4,"83430","NA|NA|NA","Full"
82,2022-02-19,2022,"2022","EH","2",-33.8331800133575,121.930828465667,70,"Yes","No","NE","0",2022-02-19,"February",19042,1,1,"BandyCreekBR",NA,"Yes","Yes",NA,NA,NA,0,NA,NA,NA,NA,NA,NA,NA,NA,NA,NA,NA,NA,NA,NA,NA,NA,NA,NA,NA,NA,NA,NA,NA,NA,NA,NA,NA,NA,NA,NA,NA,NA,NA,NA,NA,"14",NA,NA,0,0,0,0,0,0,0,NA,NA,"NA|NA|NA","Full"
83,2022-02-19,2022,"2022","EH","2",-33.8333449069617,121.930884710983,71,"Yes","Yes","Yes","0",2022-02-19,"February",19042,1,1,"BandyCreekBR","Boat","Yes","Yes",NA,NA,NA,0,-33.9168055338437,121.887053038154,"Extractive","Fishing","04:30","12:00","08:15",8.25,7.5,"Casting","Bait",50,2,5,0,7,7,"0",0,0,0.93,0,0,"Blue fin tuna",NA,NA,"Weather",NA,12,40,NA,NA,"None",NA,1976,"14","Esperance","Male",0,1,0,0,1,0,1,5,"Cu900","NA|NA|NA","Full"
84,2022-02-19,2022,"2022","EH","2",-33.8339600627586,121.931306569722,72,"Yes","No","Yes","0",2022-02-19,"February",19042,1,1,"BandyCreekBR","Boat","Yes","Yes",NA,NA,NA,0,-33.9181679793588,121.905240388685,"Extractive","Fishing","07:00","08:30","07:45",7.75,1.5,"Trolling","Lure",0,0,0,0,0,0,"0",0,0,0,0,0,NA,NA,NA,"Weather","Conditions",20,40,NA,NA,"None",NA,1975,"14","Esperance","Male",0,1,0,1,1,1,2,6,"Silver ace","NA|NA|NA","Full"
85,2022-02-19,2022,"2022","EH","2",-33.8339600627586,121.931306569722,72,"Yes","No","Yes","0",2022-02-19,"February",19042,1,2,"BandyCreekBR","Boat","Yes","Yes",NA,NA,NA,0,-33.8791346291289,122.022944230183,"Extractive","Fishing","09:00","11:00","10:00",10,2,"Trolling","Lure",0,5,2,0,7,7,"0",0,0,3.5,0,0,"Blue fin tuna",NA,NA,"ActivityChange",NA,20,40,NA,NA,"None",NA,1975,"14","Esperance","Male",0,1,0,1,1,1,2,6,"Silver ace","NA|NA|NA","Full"
86,2022-02-19,2022,"2022","EH","2",-33.8339600627586,121.931306569722,72,"Yes","No","Yes","0",2022-02-19,"February",19042,1,3,"BandyCreekBR","Boat","Yes","Yes",NA,NA,NA,0,-33.9679144749454,122.013731575753,"Extractive","Fishing","11:00","12:00","11:30",11.5,1,"Demersal","Lure",25,1,2,0,3,3,"0",0,0,3,0,0,"Harlequin",NA,NA,"ActivityChange",NA,20,40,NA,NA,"None",NA,1975,"14","Esperance","Male",0,1,0,1,1,1,2,6,"Silver ace","NA|NA|NA","Full"
87,2022-02-19,2022,"2022","EH","2",-33.8325130319403,121.931258867384,73,"Yes","No","Yes","0",2022-02-19,"February",19042,1,1,"BandyCreekBR","Boat","Yes","Yes",2,2,2,0,-33.8909658470603,121.865630286549,"Extractive","Fishing","06:00","12:45","09:22",9.37,6.75,"Demersal","Bait",28,5,25,0,30,30,"0",0,0,4.44,0,0,"Black ass, queens,",NA,NA,"Weather",NA,280,45,NA,NA,"None",NA,1961,"14","Esperance","Male",0,2,0,0,2,0,2,7,"Eo195","NA|NA|NA","Full"
88,2022-02-19,2022,"2022","EH","2",-33.8336591694317,121.9308571884,74,"Yes","No","Yes","0",2022-02-19,"February",19042,1,1,"BandyCreekBR","Boat","Yes","Yes",NA,NA,NA,0,-33.8914058219327,121.863691875778,"Extractive","Fishing","06:00","12:30","09:15",9.25,6.5,"Demersal","Bait",60,40,10,0,50,50,"0",0,0,7.69,0,0,"Sand whiting,",NA,NA,"Weather",NA,4,45,NA,NA,"None",NA,1958,"14","Esperance","Male",0,2,0,0,2,0,2,6,"90529","NA|NA|NA","Full"
89,2022-02-19,2022,"2022","EH","2",-33.8337725450758,121.931703691553,75,"Yes","No","Yes","0",2022-02-19,"February",19042,1,1,"BandyCreekBR","Boat","Yes","Yes",NA,NA,NA,0,-34.043049303391,122.030060341606,"Extractive","Fishing","07:30","13:00","10:15",10.25,5.5,"Demersal","Bait",50,10,2,0,12,12,"0",0,0,2.18,0,0,"Nanniguie, queen fish, break sea cod, swallowtail,",NA,NA,"Weather",NA,8,50,NA,NA,"None",NA,1951,"14","Esperance","Male",0,3,0,0,3,0,3,6,"54607","NA|NA|NA","Full"
90,2022-02-19,2022,"2022","EH","2",-33.8338607135089,121.930832903344,76,"Yes","No","Yes","0",2022-02-19,"February",19042,1,1,"BandyCreekBR","Boat","Yes","Yes",NA,NA,NA,0,-34.1633939343294,122.244547476157,"Extractive","Fishing","07:00","11:30","09:15",9.25,4.5,"Demersal","Bait",60,29,15,1,44,45,"1",2.22,0.02,9.78,0.22,0.02,"Harlequin, western blue devil, cuttlefish, black ass, queen snapper",NA,NA,"BagLimit",NA,15,40,NA,NA,"None",NA,1969,"14","Esperance","Male",0,3,0,0,3,0,3,6,"33261","NA|NA|NA","Full"
91,2022-02-19,2022,"2022","EH","2",-33.8344245929533,121.929719281649,77,"Yes","Yes","Yes","0",2022-02-19,"February",19042,1,1,"BandyCreekBR","Boat","Yes","Yes",NA,NA,NA,0,-34.1207957681094,121.989951753539,"Extractive","Fishing","07:00","12:30","09:45",9.75,5.5,"Casting","Bait",55,10,5,0,15,15,"0",0,0,2.73,0,0,"Nanneguie, break sea cod, blue grouper, queeny",NA,NA,"Weather",NA,100,35,NA,NA,"None",NA,1971,"14","Esperance","Male",0,2,0,0,2,0,2,6,"Gs185","NA|NA|NA","Full"
92,2022-02-19,2022,"2022","EH","2",-33.8336210852582,121.931357559894,78,"Yes","No","Yes","0",2022-02-19,"February",19042,1,1,"BandyCreekBR","Boat","Yes","Yes",4,4,0,2,-34.0090171108147,121.676358121811,"Extractive","Fishing","08:30","13:00","10:45",10.75,4.5,"Demersal","Bait",25,8,0,0,8,8,"0",0,0,1.78,0,0,"Black ass cod, harlequin, salmon",NA,NA,"Weather",NA,8,40,NA,NA,"None",NA,1968,"14","Esperance","Male",0,2,0,0,2,0,2,4,"E8416","NA|NA|No to the marine park, they like fishing. They believe there should be places to wash down your boat. More toilet facilities needed too. Seemed to listen when told that marine parks are not all no fishing zones.","Full"
93,2022-02-19,2022,"2022","EH","2",-33.8331749869776,121.931157424232,79,"Yes","No","Yes","0",2022-02-19,"February",19042,1,1,"BandyCreekBR","Boat","No","Yes",7,1,7,0,-33.9578697133729,122.001141846946,"NonExtractive","Snorkeling","07:30","10:00","08:45",8.75,2.5,NA,NA,NA,NA,NA,NA,NA,NA,NA,NA,NA,NA,NA,NA,NA,NA,"NaturalSurroundings","EndOfDay",NA,35,20,100,12,"OW",10,1993,"2","Esperance","Male",2,1,0,0,3,0,3,8,"Ey801","NA|NA|NA","Full"
94,2022-02-19,2022,"2022","EH","2",-33.8332592511842,121.931311333488,80,"Yes","No","Yes","0",2022-02-19,"February",19042,1,1,"BandyCreekBR","Boat","Yes","Yes",NA,NA,NA,0,-34.2468074095418,122.233677217128,"Extractive","Fishing","06:30","14:00","10:15",10.25,7.5,"Demersal","Both",65,9,12,0,21,21,"0",0,0,2.8,0,0,"Nanniguie, gummy shark, black ass,",NA,NA,"Weather","Conditions",50,20,NA,NA,"None",NA,1998,"14","Esperance","Male",0,4,0,0,4,0,4,8,"Eu799","NA|NA|Asked about marine park and were very willing to listen","Full"
95,2022-02-22,2022,"2022","NSH","2",-33.8651313677191,121.894188276505,81,"Yes","No","Yes","0",2022-02-22,"February",19045,1,1,"EsperanceBR","Boat","Yes","Yes",NA,NA,NA,0,-33.8532964240394,121.902528916526,"Extractive","Fishing","08:00","09:55","08:57",8.95,1.92,"Casting","Lure",0,24,100,0,124,124,"0",0,0,64.58,0,0,"Herring",NA,NA,"EndOfDay",NA,0,62,NA,NA,"None",0,1952,"14","Esperance","Male",0,3,0,0,3,0,3,NA,"90856","NA|NA|NA","Waning"
96,2022-02-22,2022,"2022","NSH","2",-33.8654891865764,121.893983569317,82,"Yes","No","Yes","0",2022-02-22,"February",19045,2,1,"EsperanceBR","Boat","Yes","Yes",NA,NA,NA,0,-33.9254288679162,121.901858942208,"Extractive","Fishing","10:40","11:10","10:55",10.92,0.5,"Cray",NA,26,10,0,0,10,10,"0",0,0,20,0,0,"Abalone",NA,NA,"BagLimit",NA,42,40,NA,NA,"AOW",500,1963,"14","Esperance","Male",1,1,0,0,2,0,2,4,"GB557","Scuba diving|NA|Avidity for extractive diving, only fishing he does","Waning"
97,2022-02-22,2022,"2022","NSH","2",-33.8654891865764,121.893983569317,82,"Yes","No","Yes","1",2022-02-19,"February",19042,1,1,"EsperanceBR","Boat","Yes","Yes",NA,NA,NA,0,-33.9922200531184,122.22561431104,"Extractive","Fishing","09:00","09:39","09:19",9.32,0.65,"Cray",NA,29,2,0,0,2,2,"0",0,0,3.08,0,0,"Cray",NA,NA,"Other",NA,42,40,NA,NA,"AOW",500,1963,"14","Esperance","Male",1,1,0,0,2,0,2,4,"GB557","No air, scuba diving|NA|Avidity for extractive diving, only fishing he does","Waning"
98,2022-02-22,2022,"2022","NSH","2",-33.8654891865764,121.893983569317,82,"Yes","No","Yes","1",2022-02-19,"February",19042,1,1,"EsperanceBR","Boat","Yes","Yes",NA,NA,NA,0,-33.9901177127873,122.227685148755,"Extractive","Fishing","11:00","11:30","11:15",11.25,0.5,"Cray",NA,24,4,0,0,4,4,"0",0,0,8,0,0,"4 abalone, 1 cray",NA,NA,"Other",NA,42,40,NA,NA,"AOW",500,1963,"14","Esperance","Male",1,1,0,0,2,0,2,4,"GB557","No air, scuba diving|NA|Avidity for extractive diving, only fishing he does","Waning"
99,2022-02-22,2022,"2022","NSH","2",-33.8646769916126,121.894190158476,83,"Yes","Yes","Yes","0",2022-02-22,"February",19045,1,1,"EsperanceBR","Boat","Yes","Yes",NA,NA,NA,0,-33.9280215239494,121.87663777851,"Extractive","Fishing","08:30","12:00","10:15",10.25,3.5,"Demersal","Bait",45,5,2,0,7,7,"0",0,0,2,0,0,"Blue morwong, breaksea cod, blue devil",NA,NA,"EndOfDay",NA,100,60,NA,NA,"None",0,1951,"14","Esperance","Male",0,2,0,0,2,0,2,4,"DX350","NA|NA|NA","Waning"
100,2022-02-22,2022,"2022","NSH","2",-33.8651313677191,121.894188276505,84,"Yes","No","Yes","0",2022-02-22,"February",19045,1,1,"EsperanceBR","Boat","Yes","Yes",NA,NA,NA,0,-33.8798356647241,121.906288136021,"NonExtractive","JetSki","11:90","12:45",NA,NA,NA,NA,NA,NA,NA,NA,NA,NA,NA,NA,NA,NA,NA,NA,NA,NA,NA,"Access","Weather",NA,7,27,1,4,"None",NA,1990,"14","Esperance","Male",0,1,0,0,1,0,1,3,"Gm620","NA|NA|NA","Waning"
101,2022-02-26,2022,"2022","NSH","2",-33.8637716507393,121.89375221091,85,"Yes","No","No","0",2022-02-26,"February",19049,1,1,"EsperanceBR",NA,"No","Yes",NA,NA,NA,0,NA,NA,NA,NA,NA,NA,NA,NA,NA,NA,NA,NA,NA,NA,NA,NA,NA,NA,NA,NA,NA,NA,NA,NA,NA,NA,NA,NA,NA,NA,NA,NA,NA,NA,NA,NA,NA,NA,0,0,0,0,0,0,0,NA,NA,"NA|NA|NA","Waning"
102,2022-02-26,2022,"2022","NSH","2",-33.8657920906764,121.894219027634,86,"Yes","No","Yes","0",2022-02-26,"February",19049,1,1,"EsperanceBR","Boat","No","Yes",2,1,0,6,-33.8913999302527,121.859800253593,"Extractive","Fishing","07:00","09:45","08:22",8.37,2.75,"Demersal","Bait",50,1,2,0,3,3,"0",0,0,1.09,0,0,"Blue fin tuna",NA,NA,"ActivityChange","Conditions",6,50,NA,NA,"None",0,1959,"5","Esperance","Male",1,2,0,0,3,0,3,5,"75708","NA|NA|NA","Waning"
103,2022-02-17,2022,"2022","EH","2",-33.8333601957516,121.931554546961,87,"Yes","No","Yes","0",2022-02-17,"February",19040,1,1,"BandyCreekBR","Boat","Yes","Yes",NA,NA,NA,0,-33.9157347334301,121.912876722573,"Extractive","Fishing","07:00","10:00","08:30",8.5,3,"Trolling","Lure",0,1,0,0,1,1,"0",0,0,0.33,0,0,"Snook",NA,NA,"EndOfDay",NA,52,20,NA,NA,"OW",400,1989,"14","Esperance","Male",0,1,0,0,1,0,1,4,"Ey540","NA|NA|NA","Full"
104,2022-02-17,2022,"2022","EH","2",-33.8331969273926,121.931631622413,88,"Yes","No","Yes","0",2022-02-17,"February",19040,1,1,"BandyCreekBR","Boat","Yes","Yes",NA,NA,NA,0,-33.9242098449453,121.97304738588,"Extractive","Fishing","05:00","09:00","07:00",7,4,"Demersal","Both",50,10,10,0,20,20,"0",0,0,5,0,0,"Nannygui, break sea cod, harlequin, break sea, swallow rail, queen snapper",NA,NA,"EndOfDay","Other",10,30,NA,NA,"None",NA,1982,"14","Esperance","Male",0,2,0,0,2,0,2,5,"201","Too many octopus traps and marine debri|NA|NA","Full"
105,2022-02-17,2022,"2022","EH","2",-33.8332986077823,121.930904880856,89,"Yes","Yes","Yes","0",2022-02-17,"February",19040,1,1,"BandyCreekBR","Boat","Yes","Yes",7,2,7,0,-33.8555228309262,121.955693878545,"Extractive","Fishing","08:00","10:00","09:00",9,2,"Casting","Lure",11,0,20,0,20,20,"0",0,0,10,0,0,"Herring",NA,NA,"Weather",NA,24,15,NA,NA,"None",NA,1990,"14","Esperance","Male",1,1,0,0,2,0,2,3,"Gq675","NA|NA|NA","Full"
106,2022-02-17,2022,"2022","EH","2",-33.8330929060611,121.931310454037,90,"Yes","No","Yes","0",2022-02-17,"February",19040,1,1,"BandyCreekBR","Boat","Yes","Yes",NA,NA,NA,0,-33.9366275334383,122.029399892124,"Extractive","Fishing","06:30","11:30","09:00",9,5,"Casting","Both",13,26,12,0,38,38,"0",0,0,7.6,0,0,"Herring, whiting, squid",NA,NA,"Weather",NA,20,8,NA,NA,"None",NA,1964,"14","Esperance","Female",1,0,0,0,1,0,1,5,"Bu962","NA|NA|NA","Full"
107,2022-02-17,2022,"2022","EH","2",-33.8335526011589,121.930971801752,91,"Yes","No","Yes","0",2022-02-17,"February",19040,1,1,"BandyCreekBR","Boat","Yes","Yes",NA,NA,NA,0,-33.8353134633522,121.996375529779,"Extractive","Fishing","08:00","11:30","09:45",9.75,3.5,"Casting","Both",8,4,3,0,7,7,"0",0,0,2,0,0,"Herring",NA,NA,"Weather",NA,55,20,NA,NA,"None",NA,1999,"14","Esperance","Female",1,1,0,0,2,0,2,3,"Ab405","NA|NA|NA","Full"
108,2022-02-17,2022,"2022","EH","2",-33.833446108865,121.931014457355,92,"Yes","No","Yes","0",2022-02-17,"February",19040,1,1,"BandyCreekBR","Boat","Yes","Yes",NA,NA,NA,0,-33.8437479533773,121.950602102649,"Extractive","Fishing","09:00","10:00","09:30",9.5,1,"Casting","Lure",4,1,0,0,1,1,"0",0,0,1,0,0,"Squid",NA,"Explore","ActivityChange",NA,20,41,1,3,"None",NA,1974,"14","Esperance","Male",2,2,0,0,4,0,4,6,"Gs158","NA|They went for lunch at woody island , the restaurant.|NA","Full"
109,2022-02-17,2022,"2022","EH","2",-33.8331372838948,121.931146692958,93,"Yes","Yes","Yes","0",2022-02-17,"February",19040,1,1,"BandyCreekBR","Boat","Yes","Yes",14,5,7,0,-34.1357772461529,121.926797841768,"Extractive","Fishing","08:00","08:30","08:15",8.25,0.5,"Casting","Both",40,0,0,0,0,0,"0",0,0,0,0,0,"0",NA,NA,"LowCatch",NA,30,28,NA,NA,"None",NA,1990,"14","Esperance","Male",1,1,0,0,2,0,2,4,"Du287","NA|NA|NA","Full"
110,2022-02-17,2022,"2022","EH","2",-33.8331372838948,121.931146692958,93,"Yes","Yes","Yes","0",2022-02-17,"February",19040,1,2,"BandyCreekBR","Boat","Yes","Yes",14,5,7,0,-34.2516343854631,121.82813163676,"Extractive","Fishing","08:40","11:00","09:50",9.83,2.33,"Casting","Both",70,3,1,0,4,4,"0",0,0,1.72,0,0,"Break sea cod, queen snapper",NA,NA,"Weather",NA,30,28,NA,NA,"None",NA,1990,"14","Esperance","Male",1,1,0,0,2,0,2,4,"Du287","NA|NA|NA","Full"
111,2022-02-18,2022,"2022","EH","2",-33.8331268132593,121.931156523222,94,"Yes","No","Yes","0",2022-02-18,"February",19041,1,1,"BandyCreekBR","Boat","Yes","Yes",NA,NA,NA,0,-33.8638690257964,121.949034742802,"Extractive","Fishing","07:30","09:20","08:25",8.42,1.83,"Casting","Both",20,2,5,0,7,7,"0",0,0,3.83,0,0,"Herring, black arse, flatly",NA,NA,"ActivityChange",NA,12,6,NA,NA,"OW",20,2001,"14","Esperance","Male",0,2,0,0,2,0,2,4,"Catcher (small writing)","NA|NA|NA","Full"
112,2022-02-18,2022,"2022","EH","2",-33.8335862111899,121.931232881818,95,"Yes","Yes","Yes","0",2022-02-18,"February",19041,1,1,"BandyCreekBR","Boat","Yes","Yes",NA,NA,NA,0,-33.9024671036727,121.989716440749,"Extractive","Fishing","07:30","11:00","09:15",9.25,3.5,"Casting","Bait",30,0,0,0,0,0,"0",0,0,0,0,0,NA,NA,NA,"Weather",NA,100,35,NA,NA,"None",NA,1971,"14","Esperance","Male",0,2,0,0,2,0,2,6,"Gs185","Checking out the artificial reef, but no luck with catching anything|NA|NA","Full"
113,2022-02-18,2022,"2022","EH","2",-33.8332003770584,121.931301224746,96,"Yes","No","Yes","0",2022-02-18,"February",19041,1,1,"BandyCreekBR","Boat","Yes","Yes",NA,NA,NA,0,-34.1985083163575,122.107096518639,"Extractive","Fishing","08:00","11:00","09:30",9.5,3,"Casting","Bait",70,15,6,0,21,21,"0",0,0,7,0,0,"Red snapper, black ass, break sea cod, queeny,",NA,NA,"Weather",NA,24,15,NA,NA,"None",NA,1975,"14","Esperance","Female",2,1,0,0,3,0,3,9,"Gn707","NA|NA|NA","Full"
114,2022-02-19,2022,"2022","NSH","2",-33.8646425464441,121.893601184348,97,"Yes","No","Yes","0",2022-02-19,"February",19042,1,1,"EsperanceBR","Boat","No","Yes",NA,NA,NA,0,-33.8479562702501,121.962134340093,"NonExtractive","JetSki","09:45","10:15","10:00",10,0.5,NA,NA,NA,NA,NA,NA,NA,NA,NA,NA,NA,NA,NA,NA,NA,0,"NaturalSurroundings","EndOfDay",NA,6,30,12,9,"OW",39,1978,"1","Esperance","Female",1,2,0,2,3,2,5,2,"EP001","NA|To while bay and back|NA","Full"
115,2022-02-19,2022,"2022","NSH","2",-33.8644885776094,121.89421383627,98,"Yes","No","Yes","0",2022-02-19,"February",19042,1,1,"EsperanceBR","Boat","No","Yes",3,1,3,3,-33.8515829901124,121.944337295875,"NonExtractive","JetSki","07:30","09:45","08:37",8.62,2.25,NA,NA,NA,NA,NA,NA,NA,NA,NA,NA,NA,NA,NA,NA,NA,NA,"Megafauna","EndOfDay","Other",0,0,1,1,"None",NA,1981,"12","Esperance","Female",2,1,1,0,3,1,4,2,NA,"NA|Looking for dolphins, saw adult and calf|JetSki training","Full"
116,2022-02-19,2022,"2022","NSH","2",-33.8646572537823,121.893826233886,99,"Yes","No","Yes","0",2022-02-19,"February",19042,1,1,"EsperanceBR","Boat","Yes","Yes",NA,NA,NA,0,-33.8629952704877,121.914762261202,"Extractive","Fishing","08:00","10:00","09:00",9,2,"Trolling","Lure",0,5,1,0,6,6,"0",0,0,3,0,0,"Herring",NA,NA,"Weather","ConflictDifferent",5,40,NA,NA,"None",0,1956,"14","Esperance","Female",1,1,1,0,2,1,3,4,"DM815","Saw pod dolphin - not direct conflict but worried about getting in way off sailing club|NA|NA","Full"
117,2022-02-19,2022,"2022","NSH","2",-33.8647509034469,121.894178860365,100,"Yes","No","Yes","0",2022-02-19,"February",19042,1,1,"EsperanceBR","Boat","Yes","Yes",NA,NA,NA,0,-33.8644506272708,121.898810454494,"Extractive","Fishing","09:46","10:30","10:08",10.13,0.73,"Casting","Bait",8,0,0,0,0,0,"0",0,0,0,0,0,NA,NA,NA,"EndOfDay",NA,20,20,NA,NA,"None",0,1988,"14","Esperance","Male",0,1,0,1,1,1,2,3,"69823","NA|NA|NA","Full"
118,2022-02-19,2022,"2022","NSH","2",-33.8655776288516,121.894364547524,101,"Yes","No","Yes","0",2022-02-19,"February",19042,1,1,"EsperanceBR","Boat","Yes","Yes",NA,NA,NA,0,-33.8445026494317,121.916589639306,"NonExtractive","TowSport","09:00","10:45","09:52",9.87,1.75,NA,NA,NA,NA,NA,NA,NA,NA,NA,NA,NA,NA,NA,NA,NA,NA,"Access","EndOfDay",NA,10,4,12,2,"None",0,2000,"14","Esperance","Male",1,2,0,0,3,0,3,2,"Gj673","NA|NA|Jet ski","Full"
119,2022-02-19,2022,"2022","NSH","2",-33.8646572537823,121.893826233886,102,"Yes","No","Yes","0",2022-02-19,"February",19042,1,1,"EsperanceBR","Boat","Yes","Yes",NA,NA,NA,0,-33.9239095290822,121.863847258271,"Extractive","Fishing","06:00","09:30","07:45",7.75,3.5,"Demersal","Bait",20,2,6,0,8,8,"0",0,0,2.29,0,0,"Samson, queen snapper,",NA,NA,"EndOfDay",NA,24,3,NA,NA,"None",0,1987,"14","Esperance","Female",1,1,0,1,2,1,3,2,"EX236","NA|NA|NA","Full"
120,2022-02-19,2022,"2022","NSH","2",-33.8646425464441,121.893601184348,103,"Yes","No","Yes","0",2022-02-19,"February",19042,1,1,"EsperanceBR","Boat","Yes","Yes",5,1,3,0,-33.8812865468637,121.895356805027,"Extractive","Fishing","09:00","11:00","10:00",10,2,"Demersal","Bait",24,0,0,0,0,0,"0",0,0,0,0,0,NA,NA,NA,"ActivityChange",NA,20,15,NA,NA,"OW",12,1969,"14","Esperance","Male",0,2,0,0,2,0,2,3,"A3O10","NA|NA|NA","Full"
121,2022-02-19,2022,"2022","NSH","2",-33.8646572537823,121.893826233886,104,"Yes","No","No","0",2022-02-19,"February",19042,1,1,"EsperanceBR",NA,"Yes","Yes",NA,1,3,0,NA,NA,NA,NA,NA,NA,NA,NA,NA,NA,NA,NA,NA,NA,NA,NA,NA,NA,NA,NA,NA,NA,NA,NA,NA,NA,NA,NA,NA,NA,NA,NA,NA,NA,NA,"14",NA,NA,0,0,0,0,0,0,0,NA,NA,"NA|NA|NA","Full"
122,2022-02-19,2022,"2022","NSH","2",-33.8646572537823,121.893826233886,105,"Yes","Yes","No","0",2022-02-19,"February",19042,1,1,"EsperanceBR",NA,"Yes","Yes",NA,NA,NA,0,NA,NA,NA,NA,NA,NA,NA,NA,NA,NA,NA,NA,NA,NA,NA,NA,NA,NA,NA,NA,NA,NA,NA,NA,NA,NA,NA,NA,NA,NA,NA,NA,NA,NA,NA,"14",NA,NA,0,0,0,0,0,0,0,NA,NA,"NA|NA|NA","Full"
123,2022-02-19,2022,"2022","NSH","2",-33.8655776288516,121.894364547524,106,"Yes","Yes","No","0",2022-02-19,"February",19042,1,1,"EsperanceBR",NA,"Yes","Yes",NA,NA,NA,0,NA,NA,NA,NA,NA,NA,NA,NA,NA,NA,NA,NA,NA,NA,NA,NA,NA,NA,NA,NA,NA,NA,NA,NA,NA,NA,NA,NA,NA,NA,NA,NA,NA,NA,NA,"14",NA,NA,0,0,0,0,0,0,0,NA,NA,"NA|NA|NA","Full"
124,2022-02-19,2022,"2022","NSH","2",-33.8651313677191,121.894188276505,107,"Yes","No","Yes","0",2022-02-19,"February",19042,1,1,"EsperanceBR","Boat","Yes","Yes",NA,NA,NA,0,-34.1384036131576,121.93638070091,"Extractive","Fishing","07:00","08:00","07:30",7.5,1,"Demersal","Bait",60,2,0,0,2,2,"0",0,0,2,0,0,"Swallow tail, nannygui",NA,NA,"LowCatch",NA,1,11,NA,NA,"None",0,2002,"14","Esperance","Male",0,3,0,0,3,0,3,4,"EB752","NA|NA|NA","Full"
125,2022-02-19,2022,"2022","NSH","2",-33.865724200002,121.89399898261,108,"Yes","No","Yes","0",2022-02-19,"February",19042,1,1,"EsperanceBR","Boat","Yes","Yes",NA,NA,NA,0,-33.9713020280841,122.01131530437,"Extractive","Fishing","10:00","11:00","10:30",10.5,1,"Demersal","Bait",40,2,0,0,2,2,"0",0,0,2,0,0,"Nannagui, black arse",NA,NA,"ActivityChange",NA,20,35,NA,NA,"None",0,1974,"14","Esperance","Male",0,2,0,1,2,1,3,4,"BS603","NA|NA|Wearing EDSAC top","Full"
126,2022-02-19,2022,"2022","NSH","2",-33.865724200002,121.89399898261,108,"Yes","No","Yes","0",2022-02-19,"February",19042,1,2,"EsperanceBR","Boat","Yes","Yes",NA,NA,NA,0,-33.9456512403989,121.952538066409,"Extractive","Fishing","11:20","11:45","11:32",11.53,0.42,"Trolling","Lure",0,0,0,0,0,0,"0",0,0,0,0,0,NA,NA,NA,"ActivityChange",NA,20,35,NA,NA,"None",0,1974,"14","Esperance","Male",0,2,0,1,2,1,3,4,"BS603","Between woody and cull island|NA|Wearing EDSAC top","Full"
127,2022-02-19,2022,"2022","NSH","2",-33.865724200002,121.89399898261,108,"Yes","No","Yes","0",2022-02-19,"February",19042,1,3,"EsperanceBR","Boat","Yes","Yes",NA,NA,NA,0,-33.9143667756437,121.905655508262,"Extractive","Fishing","12:00","12:15","12:07",12.12,0.25,"Casting","Lure",0,5,0,0,5,5,"0",0,0,20,0,0,"Herring",NA,NA,"Weather",NA,20,35,NA,NA,"None",0,1974,"14","Esperance","Male",0,2,0,1,2,1,3,4,"BS603","NA|NA|Wearing EDSAC top","Full"
128,2022-02-19,2022,"2022","NSH","2",-33.8339321955526,121.93110378942,109,"Yes","No","Yes","0",2022-02-19,"February",19042,1,1,"BandyCreekBR","Boat","Yes","Yes",NA,NA,NA,0,-34.1127653266187,121.983862497335,"Extractive","Fishing","07:30","12:00","09:45",9.75,4.5,"Demersal","Bait",40,25,15,0,40,40,"0",0,0,8.89,0,0,"Nannagui, queen snapper, sweep, queenie",NA,NA,"Other","Other",20,60,NA,NA,"None",0,1947,"14","Esperance","Male",0,4,0,0,4,0,4,8,"DV847","Motor problem|NA|NA","Full"
129,2022-02-19,2022,"2022","NSH","2",-33.8334782123724,121.931281839102,110,"Yes","No","Yes","0",2022-02-19,"February",19042,1,1,"BandyCreekBR","Boat","Yes","Yes",NA,NA,NA,0,-33.9193448027645,121.806719750279,"Extractive","Fishing","08:00","12:30","10:15",10.25,4.5,"Demersal","Bait",20,13,6,0,19,19,"0",0,0,4.22,0,0,"Whiting, herring",NA,NA,"EndOfDay","Safety",18,30,NA,NA,"None",0,1957,"14","Esperance","Male",0,1,0,0,1,0,1,3,"BA799","Too hot|NA|NA","Full"
130,2022-02-19,2022,"2022","NSH","2",-33.8334055240985,121.931498530715,111,"Yes","No","Yes","0",2022-02-19,"February",19042,1,1,"BandyCreekBR","Boat","Yes","Yes",NA,NA,NA,0,-33.9544532594134,121.770110287093,"Extractive","Fishing","07:30","09:00","08:15",8.25,1.5,"Demersal","Bait",40,7,3,0,10,10,"0",0,0,6.67,0,0,"Queen snapper, break sea cod",NA,NA,"LowCatch",NA,4,60,NA,NA,"None",0,1955,"14","Esperance","Male",0,2,0,0,2,0,2,5,"35452","NA|NA|NA","Full"
131,2022-02-19,2022,"2022","NSH","2",-33.8334055240985,121.931498530715,111,"Yes","No","Yes","0",2022-02-19,"February",19042,1,2,"BandyCreekBR","Boat","Yes","Yes",NA,NA,NA,0,-34.0473175907079,121.882036916574,"Extractive","Fishing","10:00","10:00","10:00",10,0,"Demersal","Bait",40,0,0,0,0,0,"0",0,0,NA,NA,0,NA,NA,NA,"LowCatch",NA,4,60,NA,NA,"None",0,1955,"14","Esperance","Male",0,2,0,0,2,0,2,5,"35452","NA|NA|NA","Full"
132,2022-02-19,2022,"2022","NSH","2",-33.8339321955526,121.93110378942,112,"Yes","Yes","No","0",2022-02-19,"February",19042,1,1,"BandyCreekBR",NA,"Yes","Yes",NA,NA,NA,0,NA,NA,NA,NA,NA,NA,NA,NA,NA,NA,NA,NA,NA,NA,NA,NA,NA,NA,NA,NA,NA,NA,NA,NA,NA,NA,NA,NA,NA,NA,NA,NA,NA,NA,NA,"14",NA,NA,0,0,0,0,0,0,0,NA,NA,"NA|NA|NA","Full"
133,2022-02-19,2022,"2022","NSH","2",-33.8339990235536,121.930806039226,113,"Yes","No","Yes","0",2022-02-19,"February",19042,1,1,"BandyCreekBR","Boat","Yes","Yes",NA,NA,NA,0,-34.4321807377211,122.024640016776,"Extractive","Fishing","07:30","13:00","10:15",10.25,5.5,"Demersal","Both",76,3,2,0,5,5,"0",0,0,0.91,0,0,"Break sea",NA,NA,"EndOfDay",NA,6,36,NA,NA,"None",0,1972,"14","Esperance","Male",0,2,0,0,2,0,2,5,"GP863","NA|NA|NA","Full"
134,2022-02-19,2022,"2022","NSH","2",-33.8335626710366,121.931465546375,114,"Yes","No","Yes","0",2022-02-19,"February",19042,1,1,"BandyCreekBR","Boat","Yes","Yes",NA,NA,NA,0,-33.8855486662041,121.865320827714,"NonExtractive","Beachgoing","10:00","11:00","10:30",10.5,1,NA,NA,NA,NA,NA,NA,NA,NA,NA,NA,NA,NA,NA,NA,NA,NA,"Weather","ActivityChange",NA,15,15,3,10,"None",0,1972,"14","Esperance","Female",2,1,0,0,3,0,3,5,"52926","NA|NA|NA","Full"
135,2022-02-19,2022,"2022","NSH","2",-33.8339321955526,121.93110378942,115,"Yes","No","Yes","0",2022-02-19,"February",19042,1,1,"BandyCreekBR","Boat","Yes","Yes",NA,NA,NA,0,-34.4488695741258,121.952469339002,"Extractive","Fishing","06:45","12:00","09:22",9.37,5.25,"Demersal","Both",80,45,25,0,70,70,"0",0,0,13.33,0,0,"Nannagui, breaksea, yellowtail king fish, queeni fish, sansom fish",NA,NA,"EndOfDay",NA,3,23,NA,NA,"None",0,1991,"14","Esperance","Male",0,3,0,0,3,0,3,7,"BI410","Bagged out on nannygui and kingfish|NA|NA","Full"
136,2022-02-19,2022,"2022","NSH","2",-33.833337737519,121.931509518908,116,"Yes","No","Yes","0",2022-02-19,"February",19042,1,1,"BandyCreekBR","Boat","Yes","Yes",NA,NA,NA,0,-34.4701541301251,121.978287440392,"Extractive","Fishing","08:30","13:30","11:00",11,5,"Demersal","Bait",60,70,20,1,90,91,"1",1.1,0.01,18,0.2,0.01,"Blackwater, nannagui, Samson, duh fish",NA,NA,"EndOfDay",NA,24,35,NA,NA,"None",0,1974,"14","Esperance","Male",1,3,0,0,4,0,4,10,"GN707","NA|NA|NA","Full"
137,2022-02-22,2022,"2022","EH","2",-33.8336275853424,121.930681462659,117,"Yes","No","Yes","0",2022-02-22,"February",19045,1,1,"BandyCreekBR","Boat","Yes","Yes",NA,NA,NA,0,-33.8886857709626,121.854989103307,"Extractive","Fishing","10:30","11:45","11:07",11.12,1.25,"Casting","Bait",12,10,5,0,15,15,"0",0,0,12,0,0,"Whiting",NA,NA,"Weather",NA,10,25,NA,NA,"None",NA,1985,"14","Esperance","Male",0,1,0,0,1,0,1,3,"E345","NA|NA|NA","Waning"
138,2022-02-22,2022,"2022","EH","2",-33.8336866091586,121.931071470731,118,"Yes","Yes","Yes","0",2022-02-22,"February",19045,1,1,"BandyCreekBR","Boat","Yes","Yes",NA,NA,NA,0,-33.8695020466854,121.942497548868,"Extractive","Fishing","20:00","11:45","15:52",15.87,-8.25,"Casting","Lure",9,0,0,0,0,0,"0",0,0,0,0,0,NA,NA,NA,"Weather","Safety",38,63,NA,NA,"I",500,1958,"14","Esperance","Male",0,1,0,0,1,0,1,3,"Ed284","Too many bouys,|NA|NA","Waning"
139,2022-02-22,2022,"2022","EH","2",-33.8331765733914,121.931048309468,119,"Yes","No","Yes","0",2022-02-22,"February",19045,1,1,"BandyCreekBR","Boat","Yes","Yes",NA,NA,NA,0,-34.1797535438884,122.093112202964,"Extractive","Fishing","06:00","09:00","07:30",7.5,3,"Casting","Bait",70,27,14,0,41,41,"0",0,0,13.67,0,0,"Nannygui, break",NA,"NaturalSurroundings","BagLimit","Safety",12,14,12,18,"None",NA,1989,"14","Esperance","Male",0,3,0,0,3,0,3,6,"Dj707","Too many octopus pots|Had a swim because the conditions were good|NA","Waning"
140,2022-02-22,2022,"2022","EH","2",-33.8337643653257,121.931361540329,120,"Yes","Yes","Yes","0",2022-02-22,"February",19045,1,1,"BandyCreekBR","Boat","Yes","Yes",NA,NA,NA,0,-34.1746964797865,121.669028711712,"Extractive","Fishing","06:30","11:30","09:00",9,5,"Demersal","Bait",50,14,6,0,20,20,"0",0,0,4,0,0,"Nannagui, queen snapper, black arse, harlequin",NA,NA,"Weather",NA,40,40,NA,NA,"None",NA,1971,"14","Esperance","Male",0,4,0,0,4,0,4,7,"Gs134","NA|NA|Used to scuba, didn’t voice any reason he stopped","Waning"
141,2022-02-22,2022,"2022","EH","2",-33.8341638797609,121.931285418889,121,"Yes","Yes","No","0",2022-02-22,"February",19045,1,1,"BandyCreekBR",NA,"Yes","Yes",NA,NA,NA,0,NA,NA,NA,NA,NA,NA,NA,NA,NA,NA,NA,NA,NA,NA,NA,NA,NA,NA,NA,NA,NA,NA,NA,NA,NA,NA,NA,NA,NA,NA,NA,NA,NA,NA,NA,"14",NA,NA,0,0,0,0,0,0,0,NA,NA,"NA|NA|NA","Waning"
142,2022-02-22,2022,"2022","EH","2",-33.8333127974347,121.931268361678,122,"Yes","No","Yes","0",2022-02-22,"February",19045,1,1,"BandyCreekBR","Boat","Yes","Yes",NA,NA,NA,0,-33.9185661819637,121.902322220468,"Extractive","Fishing","09:30","12:30","11:00",11,3,"Trolling","Lure",0,0,0,0,0,0,"0",0,0,0,0,0,NA,NA,NA,"Weather",NA,12,20,NA,NA,"None",NA,1961,"14","Esperance","Male",0,2,0,0,2,0,2,4,"Wet day","NA|NA|NA","Waning"
143,2022-02-22,2022,"2022","EH","2",-33.8333127974347,121.931268361678,122,"Yes","No","Yes","0",2022-02-22,"February",19045,1,2,"BandyCreekBR","Boat","Yes","Yes",NA,NA,NA,0,-33.8524904259922,121.930558822859,"Extractive","Fishing","11:30","13:30","12:30",12.5,2,"Casting","Bait",9,8,4,0,12,12,"0",0,0,6,0,0,"King George, herring",NA,NA,"EndOfDay",NA,12,20,NA,NA,"None",NA,1961,"14","Esperance","Male",0,2,0,0,2,0,2,4,"Wet day","NA|NA|NA","Waning"
144,2022-02-22,2022,"2022","EH","2",-33.8336956977779,121.931202597813,123,"Yes","No","Yes","0",2022-02-22,"February",19045,1,1,"BandyCreekBR","Boat","Yes","Yes",NA,NA,NA,0,-34.132818097155,121.776679382899,"Extractive","Fishing","06:00","11:00","08:30",8.5,5,"Demersal","Bait",45,15,3,0,18,18,"0",0,0,3.6,0,0,"Nannagui even, harlequin, queen snapper, swallowtail,",NA,NA,"EndOfDay",NA,5,10,NA,NA,"None",NA,1993,"14","Esperance","Male",0,3,0,0,3,0,3,5,"44823","NA|NA|Free dive, occasionally","Waning"
145,2022-02-22,2022,"2022","EH","2",-33.8337885523713,121.931123571221,124,"Yes","No","NE","0",2022-02-22,"February",19045,1,1,"BandyCreekBR",NA,"Yes","Yes",NA,NA,NA,0,NA,NA,NA,NA,NA,NA,NA,NA,NA,NA,NA,NA,NA,NA,NA,NA,NA,NA,NA,NA,NA,NA,NA,NA,NA,NA,NA,NA,NA,NA,NA,NA,NA,NA,NA,"14",NA,NA,0,0,0,0,0,0,0,NA,NA,"NA|NA|NA","Waning"
146,2022-02-22,2022,"2022","EH","2",-33.8339830513684,121.931031199257,125,"Yes","No","Yes","0",2022-02-22,"February",19045,1,1,"BandyCreekBR","Boat","Yes","Yes",NA,NA,NA,0,-34.0367794180525,122.00163457288,"Extractive","Fishing","10:30","13:00","11:45",11.75,2.5,"Casting","Both",30,4,5,0,9,9,"0",0,0,3.6,0,0,"Black ass, fox fish,",NA,NA,"LowCatch",NA,10,50,NA,NA,"None",NA,1963,"14","Esperance","Male",1,3,0,0,4,0,4,6,"Dm476","NA|NA|NA","Waning"
147,2022-02-26,2022,"2022","EH","2",-33.8334861384439,121.93109579621,126,"Yes","No","Yes","0",2022-02-26,"February",19049,1,1,"BandyCreekBR","Boat","Yes","Yes",4,1,3,1,-33.8394323250977,121.986626129272,"NonExtractive","Other","06:30","09:00","07:45",7.75,2.5,NA,NA,NA,NA,NA,NA,NA,NA,NA,NA,NA,NA,NA,NA,NA,NA,"Weather","Other",NA,3,1,2,1,"None",NA,1967,"14","Esperance","Female",2,1,0,0,3,0,3,5,"BU868","NA|Coastal viewing, came in due to no fuel|Were considering fishing but decided to just chill out","Waning"
148,2022-02-26,2022,"2022","EH","2",-33.8334314349546,121.931387156688,127,"No","No","NE","0",2022-02-26,"February",19049,1,1,"BandyCreekBR",NA,"Yes","Yes",NA,NA,NA,0,NA,NA,NA,NA,NA,NA,NA,NA,NA,NA,NA,NA,NA,NA,NA,NA,NA,NA,NA,NA,NA,NA,NA,NA,NA,NA,NA,NA,NA,NA,NA,NA,NA,NA,NA,"14",NA,NA,0,0,0,0,0,0,0,NA,NA,"NA|NA|NA","Waning"
149,2022-02-26,2022,"2022","EH","2",-33.8334637205389,121.931387156688,128,"Yes","Yes","No","0",2022-02-26,"February",19049,1,1,"BandyCreekBR",NA,"Yes","Yes",NA,NA,NA,0,NA,NA,NA,NA,NA,NA,NA,NA,NA,NA,NA,NA,NA,NA,NA,NA,NA,NA,NA,NA,NA,NA,NA,NA,NA,NA,NA,NA,NA,NA,NA,NA,NA,NA,NA,"14",NA,NA,0,0,0,0,0,0,0,NA,NA,"NA|NA|NA","Waning"
150,2022-02-26,2022,"2022","EH","2",-33.8336176042692,121.931411935817,129,"No","No","Yes","0",2022-02-26,"February",19049,1,1,"BandyCreekBR","Boat","Yes","Yes",NA,NA,NA,0,-33.9813153543905,122.105899819848,"NonExtractive","Other","07:30","11:20","09:25",9.42,3.83,NA,NA,NA,NA,NA,NA,NA,NA,NA,NA,NA,NA,NA,NA,NA,NA,"Weather","Weather",NA,8,20,20,4,"None",NA,1977,"14","Esperance","Female",1,1,0,0,2,0,2,6,"Gj407","NA|NA|Went out for a cruise","Waning"
151,2022-02-16,2022,"2022","EH","2",-33.8657026662566,121.894706828105,130,"Yes","No","Yes","0",2022-02-16,"February",19039,1,1,"EsperanceBR","Boat","Yes","Yes",NA,NA,NA,0,-33.8886674234712,121.843616725559,"Extractive","Fishing","07:00","10:15","08:37",8.62,3.25,"Casting","Bait",20,24,24,0,48,48,"0",0,0,14.77,0,0,"Whiting, squid",NA,NA,"ActivityChange",NA,36,40,NA,NA,"OW",50,1971,"14","Esperance","Male",1,1,0,0,2,0,2,6,"GS134","NA|NA|Believes increase size, decrease bag limit on south coast is necessary- also that you need to travel out further to get the same quality of fish as they used to.","Full"
152,2022-02-16,2022,"2022","EH","2",-33.8655548292536,121.894402027034,131,"Yes","No","Yes","0",2022-02-16,"February",19039,1,1,"EsperanceBR","Boat","No","Yes",5,2,0,0,-33.8486593136376,121.923587161433,"Extractive","Fishing","07:30","11:00","09:15",9.25,3.5,"Casting","Bait",3,7,5,0,12,12,"0",0,0,3.43,0,0,"Herring",NA,NA,"Weather",NA,12,40,NA,NA,"None",NA,1944,"3","Esperance","Male",1,2,0,0,3,0,3,3,"63031","NA|NA|NA","Full"
153,2022-02-16,2022,"2022","EH","2",-33.8654751492127,121.894120546228,132,"Yes","No","Yes","0",2022-02-16,"February",19039,1,1,"EsperanceBR","Boat","Yes","Yes",NA,NA,NA,0,-33.8647860422777,121.931845248974,"Extractive","Fishing","09:00","10:30","09:45",9.75,1.5,"Casting","Bait",8,0,6,0,6,6,"0",0,0,4,0,0,"Herring",NA,NA,"Weather",NA,52,47,NA,NA,"None",NA,1970,"14","Esperance","Male",0,1,0,0,1,0,1,3,NA,"NA|NA|Ginger Scottish guy, black boat Yamaha motor.","Full"
154,2022-02-16,2022,"2022","EH","2",-33.8679914352807,121.894158124553,133,"Yes","No","Yes","0",2022-02-16,"February",19039,1,1,"EsperanceBR","Boat","Yes","Yes",NA,NA,NA,0,-33.8568836639643,121.964546836756,"Extractive","Fishing","06:00","10:30","08:15",8.25,4.5,"Casting","Both",5,9,2,0,11,11,"0",0,0,2.44,0,0,"Herring, squid",NA,NA,"Weather",NA,20,30,NA,NA,"None",NA,1987,"14","Esperance","Male",0,2,0,0,2,0,2,3,"54516","NA|NA|NA","Full"
155,2022-02-16,2022,"2022","EH","2",-33.8679914352807,121.894158124553,133,"Yes","No","Yes","0",2022-02-16,"February",19039,1,2,"EsperanceBR","Boat","Yes","Yes",NA,NA,NA,0,-33.8676436681573,121.903876412809,"Extractive","Fishing","10:30","11:30","11:00",11,1,"Casting","Bait",4,2,0,0,2,2,"0",0,0,2,0,0,"Squid",NA,NA,"Weather",NA,20,30,NA,NA,"None",NA,1987,"14","Esperance","Male",0,2,0,0,2,0,2,3,"54516","NA|NA|NA","Full"
156,2022-02-16,2022,"2022","EH","2",-33.8680947420766,121.894786030767,134,"Yes","No","Yes","0",2022-02-16,"February",19039,1,1,"EsperanceBR","Boat","Yes","Yes",NA,NA,NA,0,-33.88708279279,121.912387327593,"Extractive","Fishing","09:30","09:45","09:37",9.62,0.25,"Squidding","Lure",18,0,0,0,0,0,"0",0,0,0,0,0,NA,NA,NA,"Weather",NA,120,45,NA,NA,"None",NA,1971,"14","Esperance","Male",0,1,0,0,1,0,1,1,"Gn895","NA|NA|Jet ski","Full"
157,2022-02-16,2022,"2022","EH","2",-33.8680947420766,121.894786030767,134,"Yes","No","Yes","0",2022-02-16,"February",19039,1,2,"EsperanceBR","Boat","Yes","Yes",NA,NA,NA,0,-33.8697185886002,121.903007212821,"Extractive","Fishing","09:50","11:30","10:40",10.67,1.67,"Casting","Lure",3,9,0,0,9,9,"0",0,0,5.39,0,0,"Herring",NA,NA,"ActivityChange",NA,120,45,NA,NA,"None",NA,1971,"14","Esperance","Male",0,1,0,0,1,0,1,1,"Gn895","NA|NA|Jet ski","Full"
158,2022-02-16,2022,"2022","EH","2",-33.8665951548559,121.893700000826,135,"Yes","No","Yes","0",2022-02-16,"February",19039,1,1,"EsperanceBR","Boat","Yes","Yes",NA,NA,NA,0,-33.9243471037108,121.890040145781,"Extractive","Fishing","08:00","09:30","08:45",8.75,1.5,"Trolling","Lure",0,1,1,0,2,2,"0",0,0,1.33,0,0,"Tuna blue fin",NA,NA,"Explore",NA,24,25,NA,NA,"DM",400,1974,"14","Esperance","Male",1,1,0,0,2,0,2,5,"459259","NA|NA|NA","Full"
159,2022-02-16,2022,"2022","EH","2",-33.8665951548559,121.893700000826,135,"Yes","No","Yes","0",2022-02-16,"February",19039,1,2,"EsperanceBR","Boat","Yes","Yes",NA,NA,NA,0,-33.8881645691295,121.8407692835,"Extractive","Fishing","10:30","11:30","11:00",11,1,"Casting","Bait",14,12,0,0,12,12,"0",0,0,12,0,0,"Mackerel, sand whiting",NA,NA,"ActivityChange",NA,24,25,NA,NA,"DM",400,1974,"14","Esperance","Male",1,1,0,0,2,0,2,5,"459259","NA|NA|NA","Full"
160,2022-02-16,2022,"2022","EH","2",-33.8661584899344,121.893357985248,136,"Yes","No","No","0",2022-02-16,"February",19039,1,1,"EsperanceBR",NA,"No","No",0,0,0,0,NA,NA,NA,NA,NA,NA,NA,NA,NA,NA,NA,NA,NA,NA,NA,NA,NA,NA,NA,NA,NA,NA,NA,NA,NA,NA,NA,NA,NA,NA,NA,NA,NA,NA,NA,NA,NA,NA,0,0,0,0,0,0,0,NA,NA,"NA|NA|NA","Full"
161,2022-02-16,2022,"2022","EH","2",-33.8665697724608,121.894322194653,137,"Yes","No","Yes","0",2022-02-16,"February",19039,1,1,"EsperanceBR","Boat","Yes","Yes",NA,NA,NA,0,-33.9043300807332,121.797286070763,"Extractive","Fishing","07:45","12:00","09:52",9.87,4.25,"Casting","Bait",17,30,12,0,42,42,"0",0,0,9.88,0,0,"Whiting",NA,NA,"Weather",NA,20,55,NA,NA,"None",NA,1957,"14","Esperance","Male",0,2,0,0,2,0,2,6,"A311","NA|NA|Quotas are too confusing and vary between species. Eg whiting quotas affect herring allowances. Also thinks there are too many whites, lost a friend to white pointer.","Full"
162,2022-02-16,2022,"2022","EH","2",-33.8322005374937,121.931431010644,138,"Yes","No","Yes","0",2022-02-16,"February",19039,1,1,"BandyCreekBR","Boat","Yes","Yes",NA,NA,NA,0,-34.1457098319384,121.951177360401,"Extractive","Fishing","07:00","08:00","07:30",7.5,1,"Casting","Bait",45,6,3,0,9,9,"0",0,0,9,0,0,"Sea sweep, break sea cod",NA,NA,"Explore",NA,50,3,NA,NA,"None",NA,1964,"14","Esperance","Female",1,1,0,0,2,0,2,6,"Dc609","NA|NA|NA","Full"
163,2022-02-16,2022,"2022","EH","2",-33.8322005374937,121.931431010644,138,"Yes","No","Yes","0",2022-02-16,"February",19039,1,2,"BandyCreekBR","Boat","Yes","Yes",NA,NA,NA,0,-34.1489135521649,122.046211528493,"Extractive","Fishing","08:30","12:00","10:15",10.25,3.5,"Casting","Bait",50,6,8,0,14,14,"0",0,0,4,0,0,"Break sea cod, nanniguie, swallowtail",NA,NA,"ActivityChange",NA,50,3,NA,NA,"None",NA,1964,"14","Esperance","Female",1,1,0,0,2,0,2,6,"Dc609","NA|NA|NA","Full"
164,2022-02-16,2022,"2022","NSH","2",-33.8328850704615,121.931623851986,139,"Yes","No","Yes","0",2022-02-16,"February",19039,1,1,"BandyCreekBR","Boat","Yes","Yes",4,1,4,0,-33.9143665147233,121.895733528813,"NonExtractive","Diving","11:30","12:30","12:00",12,1,NA,NA,NA,NA,NA,NA,NA,NA,NA,NA,NA,NA,NA,NA,NA,18,"Access","Weather","Safety",0,0,52,44,"DM",500,1950,"14","Esperance","Male",1,1,0,0,2,0,2,NA,NA,"NA|NA|NA","Full"
