ID,WhosData,Date,InterviewTime,Interviewer,Transect,Access,TotDaysInArea,BoatAccess,DaysOnBoat,DaysOnShore,TimesInTwenty,TimesInNineteen,Covid,Meta.x,Meta.y,Use.x,Use.y,ActivityDate,FishingType,BaitLure,TimeStartEX,TimeEndEX,MedianTimeEX,DecMedianTimeEX,HoursEX,DecHourEX,MaxDepth,KeptUndam,ReleasedUndam,TotalUndam,DP,TotalHooked,PerDP,ProDP,Species,WhyLeaveEx,Activity,TimeStartNEX,TimeEndNEX,MedianTimeNEX,DecMedianTimeNEX,HoursNEX,DecHourNEX,DivingDepth,WhyThisSite,WhyLeaveNEX,DaysOfYrFishedBoat,DaysOfYrFishedShore,DaysOfYrFished,DaysOfYrNEX,YrsFishing,YrsNEX,DiveCert,DiveNum,YrBorn,Postcode,Accom,Sex,Party,BoatLength,BoatType,BoatName,Comments
37,Nicole,9/29/2020,16:37:59,Nicole,Bundegi,Wobiri,7,No,0,7,0,0,No,114.0682568,-21.82939322,114.1453513,-21.79557687,9/28/2020,NA,NA,NA,NA,NA,NA,NA,NA,NA,NA,NA,NA,NA,NA,NA,NA,NA,NA,Surfing,15:00,17:00,16:00:00,16,02:00:00,2,NA,Surf,EndOfDay,0,2,2,5,20,0,AOW,NA,1974,6015,YardieHomestead,Male,1m1f5k,NA,NA,NA,Just started surfing 
117,Nicole,9/27/2020,09:48:12,Sam,ExmouthS,ExmouthSouth,180,Yes,20,7,2,2,Yes,114.1378144,-21.95815241,114.1379928,-21.95813863,9/27/2020,NA,NA,NA,NA,NA,NA,NA,NA,NA,NA,NA,NA,NA,NA,NA,NA,NA,NA,Other,NA,NA,NA,NA,NA,NA,NA,Quiet,NA,50,0,50,NA,30,0,None,NA,1955,6171,Exmouth,Male,1m,NA,NA,NA,With dog
141,Nicole,9/26/2020,18:02:46,Sam,Exmouth,ExBR,10,Yes,10,0,2,0,No,114.1383659,-21.95469447,114.2167,-22.05,9/26/2020,Demersal,Lure,14:00,18:00,16:00,16,04:00:00,4,10,1,0,1,0,1,0,0,School mackrel,End of day,NA,NA,NA,NA,NA,NA,NA,NA,NA,NA,50,0,50,0,45,0,None,NA,1970,6100,EscapeFourExmouth,Male,2m,5,F,NA,NA
190,Nicole,9/26/2020,18:08:56,Nicole,Exmouth,ExBR,10,Yes,10,3,1,0,No,114.1385473,-21.95454764,114.2585143,-21.96235367,9/26/2020,Trolling,Bait,10:00,12:00,11:00,11,02:00:00,2,8,5,1,6,30,36,83,0.83,"Mackerel 3 so, trevallu, spangled emp",End of day,NA,NA,NA,NA,NA,NA,NA,NA,NA,NA,20,0,20,NA,24,0,None,NA,1990,6065,NA,Male,5m2f1k,6,G,NA,"Very biased, he said hundreds, cull them all. Didnt give answer but said maximum. "
29,Nicole,9/26/2020,18:09:23,Gabby,Exmouth,ExBR,5,Yes,5,5,0,1,No,114.1383569,-21.95473273,114.2390974,-21.88140294,9/26/2020,Demersal,Bait,14:00,18:00,16:00,16,04:00:00,4,NA,5,2,7,0,7,0,0,"4 dog mackerel, 2 snapper; threw one shit fish back",End of day,NA,NA,NA,NA,NA,NA,NA,NA,NA,NA,52,0,52,NA,44,0,None,NA,1976,NA,Exmouth,Female,2m2f5k,8,G,NA,"Did some trolling as well, nly interviewed about bottom bashing; Came up from perth not speecific about postcode.  "
256,Nicole,9/27/2020,10:15:28,Nicole,ExmouthS,McLeodSt,Resident,Yes,NA,NA,NA,NA,NA,114.1372019,-21.96000751,114.1371947,-21.96049641,9/27/2020,Spearing,NA,NA,NA,NA,NA,NA,NA,NA,NA,NA,NA,NA,NA,NA,NA,NA,NA,Sand Boarding,09:00,10:30,09:45:00,9.75,01:30:00,1.5,NA,NaturalSurroundings,NA,25,0,25,NA,26,0,None,NA,1953,NA,NA,Male,3m2f5k,NA,NA,NA,"25 times in a year, once a fortnight. Average 900km a year.Always come back with a feed. Hadn't been fishing when I interviewed but said that when fishing from a boat he said on average 70% depredated, which is an increase. He also said there was less fish; Guy interviewed was resident family on holiday."
244,Nicole,9/28/2020,10:46:36,Nicole,CoralBay,CBBR,1,No,0,1,0,0,Yes,113.767977,-23.15529662,113.7668429,-23.15732213,9/28/2020,NA,NA,NA,NA,NA,NA,NA,NA,NA,NA,NA,NA,NA,NA,NA,NA,NA,NA,Snorkling,10:40,10:50,10:45:00,10.75,00:10:00,0.166666667,NA,Biodiveristy,NA,0,0,0,NA,0,0,None,NA,1975,6148,CoralBay,Female,1m1f2k,NA,NA,NA,Walkway near by; No end time  
140,Nicole,9/28/2020,10:58:16,Nicole,CoralBay,CBBR,14,No,0,14,0,2,No,113.7667622,-23.15744321,113.7669581,-23.15717284,9/28/2020,NA,NA,NA,NA,NA,NA,NA,NA,NA,NA,NA,NA,NA,NA,NA,NA,NA,NA,NA,10:50,Still here 11:05,10:50:00,10.83333333,NA,NA,NA,Fishing,NA,0,0,0,NA,0,0,None,NA,NA,NA,NA,NA,NA,NA,NA,NA,You are allowed to fish off boat ramp
32,Nicole,9/28/2020,10:58:16,Nicole,CoralBay,CBBR,14,No,0,14,0,2,No,113.7667622,-23.15744321,113.45068,-23.10501,9/28/2020,Casting,Lure,09:30,10:30,10:00,10,01:00:00,1,NA,NA,1,1,NA,1,NA,NA,NA,Weather,Relaxing,NA,NA,NA,NA,NA,NA,NA,NA,NA,0,0,0,NA,0,0,None,NA,1983,6164,NA,Female,2m2f,NA,NA,NA,NA
165,Nicole,9/30/2020,10:59:39,Gabby,Tantabiddi,TantBR,90,No,0,90,0,0,No,113.9783494,-21.91261931,113.9810406,-21.91091148,9/30/2020,NA,NA,NA,NA,NA,NA,NA,NA,NA,NA,NA,NA,NA,NA,NA,NA,NA,NA,Relaxing,10:00,12:00,11:00:00,11,02:00:00,2,NA,Necessity,NA,0,0,0,NA,0,0,None,NA,198,6111,YardieHomestead,Male,1m,NA,NA,NA,Time planning to leave; necessity: dog friendly 
240,Nicole,9/28/2020,11:07:53,Sam,CoralBay,MaudsLanding,14,No,0,14,0,1,No,113.8156179,-23.07398326,113.8146539,-23.0773421,9/28/2020,Casting,Bait,10:00,13:00,11:30,11.5,03:00:00,3,NA,2,1,3,NA,3,NA,NA,Blowy,NA,NA,NA,NA,NA,NA,NA,NA,NA,NA,NA,0,0,0,NA,30,0,None,NA,1988,6166,BayView,Female,1m1f2k,NA,NA,NA,NA
239,Nicole,9/30/2020,11:08:07,Gabby,Tantabiddi,TantBR,12,Yes,10,12,0,1,No,113.9791303,-21.91246222,113.9024884,-21.73243536,9/30/2020 ,Demersal,Bait,14:00,16:00,15:00,15,02:00:00,2,30,3,0,3,1,4,25,0.25,Snapper,ActivityChange,NA,NA,NA,NA,NA,NA,NA,NA,NA,NA,20,0,20,NA,20,0,None,NA,1985,6157,Exmouth,Male,2m,5,F, BO 343,Was hungry so came back to eat
268,Nicole,9/28/2020,11:13:07,Gabby,CoralBay,MaudsLanding,14,No,0,14,0,0,No,113.7762221,-23.11392034,113.7762221,-23.11392034,9/28/2020,NA,NA,NA,NA,NA,NA,NA,NA,NA,NA,NA,NA,NA,NA,NA,NA,NA,NA,Relaxing,11:00,NA,11:00:00,11,NA,NA,NA,Quiet,NA,0,0,0,10,0,0,OW,15,1995,6012,Exmouth,Male,1m,NA,NA,NA,No end time 
53,Nicole,9/28/2020,11:14:25,Sam,CoralBay,MaudsLanding,7,No,1,7,0,0,No,113.7594662,-23.15743439,113.7684932,-23.15331666,9/28/2020,Casting,Lure,10:30,12:30,11:30,11.5,02:00:00,2,NA,0,NA,NA,NA,NA,NA,NA,NA,Weather,NA,NA,NA,NA,NA,NA,NA,NA,NA,NA,0,0,0,0,10,0,None,NA,1979,6151,PeoplesPark,Female,NA,NA,NA,NA,NA
74,Nicole,9/28/2020,11:18:17,Nicole,CoralBay,CBBR,14,No,0,14,0,0,No,113.7664054,-23.15776351,113.7660358,-23.15784944,9/28/2020,NA,NA,NA,NA,NA,NA,NA,NA,NA,NA,NA,NA,NA,NA,NA,NA,NA,NA,Snorkling,10:00,11:22,10:41:00,10.68333333,01:22:00,1.366666667,NA,Quiet,NA,0,0,0,NA,0,0,None,NA,1977,6171,CoralBay,Female,3m3f3k,NA,NA,NA,No end time 
112,Nicole,9/28/2020,11:19:56,Gabby,CoralBay,MaudsLanding,14,Yes,10,14,0,0,No,113.7762221,-23.11392034,113.7764956,-23.11388531,9/28/2020,NA,NA,NA,NA,NA,NA,NA,NA,NA,NA,NA,NA,NA,NA,NA,NA,NA,NA,Relaxing,10:30,NA,10:30:00,10.5,NA,NA,NA,NaturalSurroundings,NA,0,0,0,NA,30,0,None,NA,198,6233,CoralBay,Male,1m1f4k,NA,NA,NA,"Not a serious fisher, infrequent; No end time "
52,Nicole,9/28/2020,11:23:32,Sam,CoralBay,MaudsLanding,10,No,0,10,0,0,No,113.769123,-23.14244268,113.7701026,-23.14215313,9/28/2020,Casting,Bait,11:15,14:00,12:37,12.63,02:45:00,2.75,NA,NA,NA,NA,NA,NA,NA,NA,NA,NA,NA,NA,NA,NA,NA,NA,NA,NA,Fishing,NA,0,0,0,0,0,0,None,NA,1976,6028,BayView,NA,NA,NA,NA,NA,NA
191,Nicole,9/27/2020,11:27:17,Sam,ExmouthS,PebbleBeachRoad,5,No,0,5,1,0,No,114.121629,-22.01785162,114.1205861,-22.01743841,9/27/2020,NA,NA,NA,NA,NA,NA,NA,NA,NA,NA,NA,NA,NA,NA,NA,NA,NA,NA,Snorkling,10:00,16:00,13:00:00,13,06:00:00,6,NA,Access,EndOfDay,0,0,0,NA,0,0,None,NA,1989,6167,RACHolPark,Female,1m1f2k,NA,NA,NA,Kids playing on beach; can drive 4x4 on beach
215,Nicole,9/30/2020,11:27:21,Gabby,Tantabiddi,TantBR,9,Yes,10,11,1,1,No,113.9756834,-21.91546811,113.9767258,-21.9153047,9/30/2020,Demersal,Bait,11:15,12:30,11:52,11.88,01:15:00,1.25,2,NA,NA,NA,NA,NA,NA,NA,NA,Necessity,Relaxing,930,15:30,07:45:00,11167.75,-08:30:00,-22304.5,NA,Access,EndOfDay,56,0,56,56,40,0,None,NA,1975,6103,Exmouth,Female,1m1f5k,3,C,NA,The lady being interviewed is non extractive now but her family is extractive and she is telling me where they are going; Boat launching area available for dingy and jetski; Necessity: ran out of food and drink 
136,Nicole,9/30/2020,11:34:45,Nicole,Tantabiddi,SandyBay,11,No,0,6,0,1,No,113.8426458,-22.23085386,113.8423941,-22.23088714,9/30/2020,NA,NA,NA,NA,NA,NA,NA,NA,NA,NA,NA,NA,NA,NA,NA,NA,NA,NA,Snorkling,10:30,11:39,11:04:30,11.075,01:09:00,1.15,NA,Quiet,NA,0,0,0,NA,0,0,None,NA,NA,NA,NA,NA,NA,NA,NA,NA,Kid friendl; No end time 
267,Nicole,9/30/2020,11:34:45,Nicole,Tantabiddi,SandyBay,11,No,0,6,0,1,No,113.8426458,-22.23085386,113.875689,-22.132361,9/30/2020,NA,NA,NA,NA,NA,NA,NA,NA,NA,NA,NA,NA,NA,NA,NA,NA,NA,NA,Snorkling,09:30,10:15,09:52:30,9.875,00:45:00,0.75,NA,Biodiveristy,BetterSite,12,0,12,0,0,0,None,NA,1976,6173,RACHolPark,Female,1m1f3k,NA,NA,NA,Holiday snorkler; Left because it was busy and wanted quieter spot
223,Nicole,9/30/2020,11:34:58,Sam,Tantabiddi,SandyBay,5,No,1,5,0,0,No,113.8428878,-22.23223202,113.8425999,-22.23152948,9/30/2020,NA,NA,NA,NA,NA,NA,NA,NA,NA,NA,NA,NA,NA,NA,NA,NA,NA,NA,Relaxing,11,1,00:00:00,144,-00:00:00,-240,NA,NaturalSurroundings,ActivityChange,0,0,0,NA,0,0,None,NA,NA,NA,NA,NA,NA,NA,NA,NA,NA
169,Nicole,9/28/2020,11:37:39,Nicole,CoralBay,CBBR,7,No,0,7,0,1,Yes,113.7667722,-23.15748751,113.760128,-23.173577,9/28/2020,NA,NA,NA,NA,NA,NA,NA,NA,NA,NA,NA,NA,NA,NA,NA,NA,NA,NA,WindSport,10:40,11:40,11:10:00,11.16666667,01:00:00,1,NA,Necessity,Weather,0,0,0,26,0,3,None,NA,1974,6018,CoralBay,Male,1m,NA,NA,NA,Kiting; Only option with CB kiting regualtions - unless you walk 1km north of CB
172,Nicole,9/30/2020,11:43:43,Sam,Tantabiddi,SandyBay,10,No,0,10,0,0,Yes,113.842469,-22.23111698,113.8418147,-22.23157727,9/30/2020,NA,NA,NA,NA,NA,NA,NA,NA,NA,NA,NA,NA,NA,NA,NA,NA,NA,NA,NA,10:00,13:00,11:30:00,11.5,03:00:00,3,NA,Quiet,ActivityChange,3,0,3,NA,2,0,None,NA,1999,6407,Exmouth,Male,1m1f,NA,NA,NA,NA
45,Nicole,9/30/2020,11:43:43,Sam,Tantabiddi,SandyBay,10,No,0,10,0,0,Yes,113.842469,-22.23111698,113.884509,-22.100206,9/30/2020,NA,NA,NA,NA,NA,NA,NA,NA,NA,NA,NA,NA,NA,NA,NA,NA,NA,NA,Snorkling,13:00,15:00,14:00:00,14,02:00:00,2,NA,Biodiveristy,NA,0,0,0,NA,0,0,None,NA,NA,NA,NA,NA,NA,NA,NA,NA,NA
76,Nicole,9/30/2020,11:44:48,Nicole,Tantabiddi,SandyBay,9,No,0,5,0,0,No,113.8423458,-22.23088379,113.8423146,-22.23081556,9/30/2020,NA,NA,NA,NA,NA,NA,NA,NA,NA,NA,NA,NA,NA,NA,NA,NA,NA,NA,Snorkling,09:00,11:48,10:24:00,10.4,02:48:00,2.8,NA,Quiet,NA,0,0,0,NA,0,0,None,NA,1987,6714,Exmouth,Female,1m1f1k,NA,NA,NA,Reccommended as quiet site; No end time 
170,Nicole,9/30/2020,11:50:23,Sam,Tantabiddi,SandyBay,10,No,0,10,0,1,Yes,113.8430971,-22.23276433,113.8428847,-22.23164424,9/30/2020,NA,NA,NA,NA,NA,NA,NA,NA,NA,NA,NA,NA,NA,NA,NA,NA,NA,NA,Relaxing,09:50,12:15,11:02:30,11.04166667,02:25:00,2.416666667,NA,NaturalSurroundings,Necessity,0,0,0,NA,0,45,None,NA,1970,6307,YardieHomestead,Male,1m1f4k,NA,NA,NA,Necessity: Set up camp 
144,Nicole,9/30/2020,11:52:07,Nicole,Tantabiddi,SandyBay,20,Yes,18,20,1,1,No,113.8422895,-22.23075378,113.9425667,-21.87527448,9/29/2020,Trolling,Lure,11:00,15:00,13:00,13,04:00:00,4,20,0,1,1,2,3,67,0.67,Mackerels and barracuda,Weather,NA,NA,NA,NA,NA,NA,NA,NA,NA,NA,0,0,0,NA,0,0,None,NA,NA,NA,NA,NA,NA,NA,NA,NA,NA
148,Nicole,9/30/2020,11:52:07,Nicole,Tantabiddi,SandyBay,20,Yes,18,20,1,1,No,113.8422895,-22.23075378,113.841923,-22.23072906,9/30/2020,NA,NA,NA,NA,NA,NA,NA,NA,NA,NA,NA,NA,NA,NA,NA,NA,NA,NA,Relaxing,10:30,11:56,11:13:00,11.21666667,01:26:00,1.433333333,NA,Quiet,NA,35,0,35,NA,5,0,OW,NA,1991,6020,Exmouth,Female,6f,NA,NA,NA,Reccommended as quiet site; No end time 
157,Nicole,9/28/2020,11:57:48,Nicole,CoralBay,CBBR,3,Yes,3,0,0,1,No,113.7677011,-23.15559563,113.7529563,-23.16944425,9/28/2020,Trolling,Lure,10:00,11:00,10:30,10.5,01:00:00,1,30,NA,1,1,0,1,0,0,Mackeral,Weather,NA,NA,NA,NA,NA,NA,NA,NA,NA,NA,26,0,26,NA,33,0,OW,NA,1987,6285,Exmouth,Male,2m,4,F,NA,"Caught 2 fish yesterday, 1 which was depredated"
92,Nicole,9/30/2020,11:58:05,Sam,Tantabiddi,SandyBay,7,No,0,7,1,1,Yes,113.8423089,-22.23203185,113.8433296,-22.2317896,9/30/2020,NA,NA,NA,NA,NA,NA,NA,NA,NA,NA,NA,NA,NA,NA,NA,NA,NA,NA,NA,09:30,15:30,12:30:00,12.5,06:00:00,6,NA,Explore,EndOfDay,18,0,18,NA,15,0,None,NA,1973,6713,RACHolPark,Male,NA,NA,NA,NA,NA
96,Nicole,9/30/2020,12:02:34,Nicole,Tantabiddi,SandyBay,10,Yes,9,10,2,1,No,113.8419198,-22.23073291,113.8419183,-22.23073421,9/30/2020,NA,NA,NA,NA,NA,NA,NA,NA,NA,NA,NA,NA,NA,NA,NA,NA,NA,NA,Relaxing,12:00,13:30,12:45:00,12.75,01:30:00,1.5,NA,Quiet,NA,5,0,5,NA,5,0,AOW,70,1990,6023,Lighthouse,Female,6f,NA,NA,NA,Reccommended as quiet site
107,Nicole,9/30/2020,12:02:34,Nicole,Tantabiddi,SandyBay,10,Yes,9,10,2,1,No,113.8419198,-22.23073291,114.2167,-22.05,9/27/2020,Casting,Both,12:00,16:30,14:15,14.25,04:30:00,4.5,5,3,0,3,0,3,0,0,"2 squid, 1 snapper blue line empower",End of day,NA,NA,NA,NA,NA,NA,NA,NA,NA,NA,0,0,0,NA,0,0,None,NA,NA,NA,NA,NA,NA,NA,NA,NA,NA
7,Nicole,9/30/2020,12:06:16,Sam,Tantabiddi,SandyBay,14,No,0,10,0,NA,Yes,113.8433783,-22.23127155,113.8435138,-22.23177299,9/30/2020,NA,NA,NA,NA,NA,NA,NA,NA,NA,NA,NA,NA,NA,NA,NA,NA,NA,NA,Relaxing,10:00,15:00,12:30:00,12.5,05:00:00,5,NA,Explore,ActivityChange,1,0,1,NA,0,0,None,NA,1982,6155,ExmouthEscape,Male,1m1f2k,NA,NA,NA,NA
48,Nicole,9/30/2020,12:08:25,Gabby,Tantabiddi,TantBR,7,Yes,7,7,0,0,No,113.9782728,-21.91368002,113.9420672,-21.90029955,9/30/2020,Squidding,Lure,11:00,12:00,11:30,11.5,01:00:00,1,0,4,NA,4,NA,4,NA,NA,Squid,Necessity,NA,NA,NA,NA,NA,NA,NA,NA,NA,NA,50,0,50,NA,20,0,OW,20,1985,3143,Exmouth,Male,2m2k,4,C,NA,Necessity: Needed shade
211,Nicole,9/28/2020,12:08:28,Nicole,CoralBay,CBBR,5,Yes,2,3,0,0,No,113.7679433,-23.1551894,´Žè113.707,´Žè-22.801,9/28/2020,Spearing,NA,06:30,11:00,08:45,8.75,04:30:00,4.5,NA,1,NA,1,NA,1,NA,NA,Mackeral,Weather,NA,NA,NA,NA,NA,NA,NA,NA,NA,NA,80,0,80,NA,4,0,None,NA,1981,6019,CoralBay,Male,4m,3,F,23399,NA
130,Nicole,9/27/2020,12:09:09,Sam,ExmouthS,LearmonthJetty,10,No,1,10,1,0,No,114.0991979,-22.21189274,114.099775,-22.21085979,9/27/2020,Casting,Lure,11:45,NA,11:45,11.75,NA,NA,5,NA,2,2,NA,2,NA,NA,"Flatty, catfish?",NA,NA,NA,NA,NA,NA,NA,NA,NA,Biodiveristy,NA,0,0,0,NA,39,0,None,NA,1982,6330,Lighthouse,Male,1m1f3k,NA,NA,NA,NA
243,Nicole,9/27/2020,12:09:23,Nicole,ExmouthS,LearmonthJetty,7,No,0,7,1,1,No,114.0991845,-22.21210639,114.0995704,-22.21197248,9/27/2020,NA,NA,NA,NA,NA,NA,NA,NA,NA,NA,NA,NA,NA,NA,NA,NA,NA,NA,Relaxing,11:23,12:23,11:53:00,11.88333333,01:00:00,1,NA,NaturalSurroundings,NA,0,0,0,NA,40,0,None,NA,1967,6031,NA,Male,2m2f3k,NA,NA,NA,No end time 
166,Nicole,9/27/2020,12:10:52,Gabby,ExmouthS,LearmonthJetty,7,No,0,7,0,0,Yes,114.0991757,-22.21168579,114.11473,-22.0409017,9/27/2020,Demersal,Bait,10:00,NA,10:00,10,NA,NA,2,8,NA,8,0,8,0,0,Brim and blue bone and trevally,NA,NA,NA,NA,NA,NA,NA,NA,NA,NA,NA,0,0,0,NA,20,0,None,NA,1973,6122,Exmouth,Male,1m2k,NA,NA,NA,7 days fishing; They would likely be home in South Africa visiting if it wasnt for travel restrictions
260,Nicole,9/28/2020,12:15:36,Gabby,CoralBay,Bills Bay,12,No,0,12,0,0,No,113.7669724,-23.14326648,113.768065,-23.14183359,9/28/2020,NA,NA,NA,NA,NA,NA,NA,NA,NA,NA,NA,NA,NA,NA,NA,NA,NA,NA,Snorkling,12:00,12:19,12:09:30,12.15833333,00:19:00,0.316666667,NA,Biodiveristy,Necessity,0,0,0,104,0,0,None,NA,1991,6014,CoralBay,Female,1f,NA,NA,NA,Necessity: cold
26,Nicole,9/28/2020,12:15:41,Sam,CoralBay,Bills Bay,10,No,0,10,0,1,No,113.7697868,-23.14207984,113.769354,-23.14219144,9/28/2020,NA,NA,NA,NA,NA,NA,NA,NA,NA,NA,NA,NA,NA,NA,NA,NA,NA,NA,Snorkling,10:00,15:30,12:45:00,12.75,05:30:00,5.5,NA,Access,EndOfDay,0,0,0,NA,0,0,None,NA,1979,6009,NA,Male,1m1f2k,NA,NA,NA,NA
124,Nicole,9/27/2020,12:18:12,Nicole,ExmouthS,LearmonthJetty,10,Yes,1,10,0,1,No,114.099182,-22.2121022,114.0993522,-22.21183809,9/27/2020,Casting,Lure,12:20,13:20,12:50,12.83,01:00:00,1,NA,NA,NA,NA,NA,NA,NA,NA,NA,NA,NA,NA,NA,NA,NA,NA,NA,NA,NA,NA,10,0,10,NA,35,0,OW,5,1972,6714,NA,Male,1m1f2k,NA,NA,NA,"From Karratha, said notice a big increase in shark depredation, said on average 85% are taken. Interviewed them before the stared fishing. Targeting squid."
150,Nicole,9/30/2020,12:19:18,Gabby,Tantabiddi,TantBR,5,Yes,5,5,0,1,No,113.978936,-21.91299456,113.9993717,-21.81474727,9/30/2020,Demersal,Bait,NA,09:30,09:30,9.5,NA,NA,26,0,0,NA,0,NA,NA,NA,Blowfish,ActivityChange,NA,NA,NA,NA,NA,NA,NA,NA,NA,NA,24,0,24,NA,15,0,None,NA,2001,6172,Exmouth,Male,2m,6,F,NA,Stopped activity to have lunch; had 2 dogs with them 
40,Nicole,9/28/2020,12:22:19,Gabby,CoralBay,Bills Bay,7,No,0,7,0,1,No,113.7681464,-23.14175413,113.7687415,-23.14132087,9/28/2020,NA,NA,NA,NA,NA,NA,NA,NA,NA,NA,NA,NA,NA,NA,NA,NA,NA,NA,Snorkling,11:00,12:30,11:45:00,11.75,01:30:00,1.5,NA,Fishing,NA,0,0,0,100,0,59,None,NA,1961,6000,CoralBay,Male,1m1f1k,NA,NA,NA,Targetting snapper
11,Nicole,9/28/2020,12:23:37,Nicole,CoralBay,CBBR,3,No,0,3,0,1,No,113.7668277,-23.15726358,113.7668184,-23.15746703,9/28/2020,Casting,Both,12:15,12:30,12:22,12.38,00:15:00,0.25,1,0,0,NA,0,NA,NA,NA,NA,NA,Snorkling,11:00,NA,11:00:00,11,NA,NA,NA,Fishing,NA,0,250,250,NA,25,0,OW,NA,NA,6701,CoralBay,Male,1m1f2k,NA,NA,NA,Out of SZ so you can fish 
103,Nicole,9/28/2020,12:32:35,Gabby,CoralBay,Bills Bay,11,No,0,11,0,1,Yes,113.7692946,-23.1415735,113.7698265,-23.14231681,9/28/2020,NA,NA,NA,NA,NA,NA,NA,NA,NA,NA,NA,NA,NA,NA,NA,NA,NA,NA,Relaxing,10:00,NA,10:00:00,10,NA,NA,NA,NaturalSurroundings,EndOfDay,0,0,0,100,0,0,None,NA,1972,6110,CoralBay,Male,3m4f5k,NA,NA,NA,"Chilling hat the beach, spending time with family and playing footy; No end time "
47,Nicole,9/28/2020,12:35:34,Sam,CoralBay,Bills Bay,8,No,0,8,0,0,No,113.7691454,-23.14195026,113.7698544,-23.14212645,9/28/2020,NA,NA,NA,NA,NA,NA,NA,NA,NA,NA,NA,NA,NA,NA,NA,NA,NA,NA,Relaxing,11:00,18:00,14:30:00,14.5,07:00:00,7,NA,Access,EndOfDay,10,0,10,NA,40,0,None,NA,1968,6012,PeoplesPark,Female,1m1f,NA,NA,NA,NA
177,Nicole,9/28/2020,12:56:22,Gabby,CoralBay,Bills Bay,10,No,0,10,0,1,No,113.7681052,-23.14294778,113.7741739,-23.14159584,9/28/2020,NA,NA,NA,NA,NA,NA,NA,NA,NA,NA,NA,NA,NA,NA,NA,NA,NA,NA,RowSport,09:00,16:30,12:45:00,12.75,07:30:00,7.5,NA,Access,EndOfDay,0,0,0,104,0,36,None,NA,1984,6168,CoralBay,Female,1m1f2k,NA,NA,NA,NA
252,Nicole,9/30/2020,15:02:03,Nicole,Bundegi,BunBR,14,Yes,5,14,3,2,No,114.1733446,-21.83075365,114.1738523,-21.83043205,9/30/2020,NA,NA,NA,NA,NA,NA,NA,NA,NA,NA,NA,NA,NA,NA,NA,NA,NA,NA,Snorkling,12:00,15:00,13:30:00,13.5,03:00:00,3,NA,Weather,NA,0,0,0,NA,0,0,OW,NA,1977,6012,EscapeFourExmouth,Female,2f2k,NA,NA,NA,Would of been somewhere else in July school h9idays; No end time 
56,Nicole,9/30/2020,15:02:03,Nicole,Bundegi,BunBR,14,Yes,5,14,3,2,No,114.1733446,-21.83075365,114.1586674,-21.95619146,9/29/2020,Casting,Lure,15:00,18:00,16:30,16.5,03:00:00,3,6,0,2,2,0,2,0,0,Lizard fish and other little fish,End of day,WhaleWatch,15:00,18:00,16:30:00,16.5,03:00:00,3,NA,Weather,EndOfDay,0,0,0,NA,0,0,None,NA,NA,NA,NA,NA,NA,NA,NA,NA,"Would of been somewhere else in July school holidays. Fish were too small to keep. Went to go fishing but hung around megafauna, Whale watching also saw dolphins and turtles. "
101,Nicole,9/30/2020,15:02:03,Nicole,Bundegi,BunBR,14,Yes,5,14,3,2,No,114.1733446,-21.83075365,113.8436301,-22.2304899,9/29/2020,Casting,Lure,NA,NA,NA,NA,NA,NA,NA,NA,1,1,NA,1,NA,NA,NA,NA,Snorkling,10:00,NA,10:00:00,10,NA,NA,NA,Quiet,ActivityChange,0,0,0,NA,0,0,None,NA,NA,NA,NA,NA,NA,NA,NA,NA,Would of been somewhere else in July school h9idays; Ready to move on from site. 
231,Nicole,9/27/2020,15:12:30,Gabby,CoralBay,CBBR,8,Yes,6,8,1,0,Yes,114.101065,-22.21398311,114.0981801,-22.21226047,9/27/2020,Trolling,NA,NA,NA,NA,NA,NA,NA,NA,NA,NA,NA,NA,NA,NA,NA,NA,NA,NA,NA,NA,NA,NA,NA,NA,NA,NA,NA,0,0,0,NA,0,0,None,NA,NA,NA,NA,NA,NA,NA,NA,NA,NA
36,Nicole,9/30/2020,15:16:13,Sam,Bundegi,DunesBeach,90,No,0,90,1,0,Yes,114.146651,-21.79694362,114.147157,-21.79662584,9/30/2020,NA,NA,NA,NA,NA,NA,NA,NA,NA,NA,NA,NA,NA,NA,NA,NA,NA,NA,Surfing,10:00,16:00,13:00:00,13,06:00:00,6,NA,Surf,EndOfDay,0,0,0,5,1,0,None,NA,1992,NA,Lighthouse,Male,1m1f,NA,NA,NA,Backpacker with no base postcode
88,Nicole,9/30/2020,15:17:07,Nicole,Bundegi,BunBR,7,Yes,3,7,0,0,Yes,114.1732904,-21.83080859,114.1318332,-21.80510477,9/30/2020,NA,NA,NA,NA,NA,NA,NA,NA,NA,NA,NA,NA,NA,NA,NA,NA,NA,NA,Surfing,10:30,13:30,12:00:00,12,03:00:00,3,NA,Explore,Weather,42,0,42,NA,4,0,None,NA,1973,6014,Exmouth,NA,1m1f2k,7,G,Eh742,Weather: surf dropped 
104,Nicole,9/27/2020,15:17:17,Sam,ExmouthS,MaudsLanding,7,No,0,4,0,1,No,113.78487,-23.11115388,113.7829134,-23.11115388,9/27/2020,NA,Lure,14:00,16:00,15:00,15,02:00:00,2,NA,0,0,NA,0,NA,NA,NA,NA,Weather,NA,NA,NA,NA,NA,NA,NA,NA,NA,NA,1,0,1,NA,30,0,OW,20,1975,6100,CoralBay,Male,2m,NA,NA,NA,Wind made them stop activit.
75,Nicole,9/30/2020,15:19:02,Gabby,Bundegi,DunesBeach,9,Yes,9,9,1,1,No,114.1800029,-21.77610931,113.9773401,-21.87176066,9/30/2020,Spearing,NA,10:00,10:30,10:15,10.25,00:30:00,0.5,NA,NA,NA,NA,NA,NA,NA,NA,NA,ActivityChange,Surfing,14:00,NA,14:00:00,14,NA,NA,NA,Surf,NA,20,0,20,NA,25,0,None,NA,1995,6018,Lighthouse,Female,1f,4,C,NA,She is a school teacher at church lands-hence holiday in school holidays; Went spear an another site during the day; stopped activity to have lunch; No end time 
204,Nicole,9/27/2020,15:19:19,Gabby,CoralBay,CBBR,8,Yes,6,8,1,0,Yes,113.7671386,-23.15569689,113.7506492,-23.17168566,9/27/2020,Trolling,Lure,12:00,12:20,12:10,12.17,00:20:00,0.33,0,0,0,NA,0,NA,NA,NA,NA,Weather,NA,NA,NA,NA,NA,NA,NA,NA,NA,NA,3,0,3,NA,40,0,None,NA,1971,6016,CoralBay,Female,2m2f24k,6,G,Ad235,Yes they would be overseas; They trawled today but only because they were just visiting friends on another boat.Fish were 'bad' so threw bac.
258,Nicole,9/30/2020,15:22:49,Nicole,Bundegi,BunBR,6,Yes,6,6,0,0,Yes,114.1733144,-21.83074543,114.11235,Î¾-21.54938 ,9/30/2020,Casting,Bait,12:00,14:00,13:00,13,02:00:00,2,40,0,3,3,0,3,0,0,Dont know,NA,NA,NA,NA,NA,NA,NA,NA,NA,NA,NA,42,0,42,NA,4,0,None,NA,1973,6014,Exmouth,Male,1m1f2k,7,G,EH742,NA
87,Nicole,9/30/2020,15:26:22,Sam,Bundegi,DunesBeach,7,No,0,7,0,0,Yes,114.1461153,-21.79650149,114.1460261,-21.79716469,9/30/2020,NA,NA,NA,NA,NA,NA,NA,NA,NA,NA,NA,NA,NA,NA,NA,NA,NA,NA,Surfing,13:30,16:00,14:45:00,14.75,02:30:00,2.5,NA,Surf,ActivityChange,2,0,2,NA,0,0,OW,20,1977,6010,Neds,Male,1m1f2k,NA,NA,NA,Rockpools for kids to look as well
65,Nicole,9/30/2020,15:26:22,Sam,Bundegi,DunesBeach,7,No,0,7,0,0,Yes,114.1461153,-21.79650149,113.932693,-21.999708,9/30/2020,NA,NA,NA,NA,NA,NA,NA,NA,NA,NA,NA,NA,NA,NA,NA,NA,NA,NA,Relaxing,10:00,12:00,11:00:00,11,02:00:00,2,NA,Access,ActivityChange,0,0,0,NA,0,0,None,NA,NA,NA,NA,NA,NA,NA,NA,NA,NA
232,Nicole,9/30/2020,15:34:34,Nicole,Bundegi,BunBR,14,Yes,5,0,1,1,No,114.1732973,-21.83078353,114.1004997,-21.79035751,9/30/2020,Demersal,Bait,12:30,13:30,13:00,13,01:00:00,1,60,2,0,2,6,8,75,0.75,Grassy emp.,Depredation,NA,NA,NA,NA,NA,NA,NA,NA,NA,NA,0,0,0,NA,0,0,None,NA,NA,NA,NA,NA,NA,NA,NA,NA,NA
67,Nicole,9/30/2020,15:34:34,Nicole,Bundegi,BunBR,14,Yes,5,0,1,1,No,114.1732973,-21.83078353,114.0965033,-21.77111624,9/30/2020,Demersal,Bait,10:30,12:00,11:15,11.25,01:30:00,1.5,66,3,0,3,4,7,57,0.57,"Cobia, spangled emp",Depredation,NA,NA,NA,NA,NA,NA,NA,NA,NA,NA,17,0,17,NA,40,0,None,NA,1972,6017,Exmouth,Male,2m1k,7,G,"The bandit, EN443",NA
28,Nicole,9/30/2020,15:34:34,Nicole,Bundegi,BunBR,14,Yes,5,0,1,1,No,114.1732973,-21.83078353,114.1502508,-21.75417897,9/30/2020,Demersal,Bait,14:00,15:30,14:45,14.75,01:30:00,1.5,60,1,0,1,4,5,80,0.8,Black snapper,Depredation,NA,NA,NA,NA,NA,NA,NA,NA,NA,NA,0,0,0,NA,0,0,None,NA,NA,NA,NA,NA,NA,NA,NA,NA,NA
113,Nicole,9/27/2020,15:37:27,Gabby,CoralBay,CBBR,11,Yes,10,11,0,1,No,113.769427,-23.15540535,113.717492,-23.07064568,9/27/2020,NA,NA,NA,NA,NA,NA,NA,NA,NA,NA,NA,NA,NA,NA,NA,NA,NA,NA,Swimming,14:00,15:00,14:30:00,14.5,01:00:00,1,NA,Explore,Weather,52,0,52,NA,50,0,None,NA,1968,6030,CoralBay,Male,1m2f2k,5,F,Guided missile,"Family day boating, no fishing today"
226,Nicole,9/26/2020,15:37:45,Nicole,Exmouth,ExBR,10,Yes,5,3,1,1,No,114.1395932,-21.95592689,114.2062098,-21.98624488,9/26/2020,Trolling,Lure,10:00,10:30,10:15,10.25,00:30:00,0.5,0,0,0,NA,0,NA,NA,NA,NA,ActivityChange,Relaxing,NA,NA,NA,NA,NA,NA,NA,Megafauna,ActivityChange,1,0,1,NA,20,0,None,NA,1969,6175,Exmouth,Female,1m1f,5,F,ITQZ967,NA
70,Nicole,9/26/2020,15:37:45,Nicole,Exmouth,ExBR,10,Yes,5,3,1,1,No,114.1395932,-21.95592689,114.1470785,-22.26431509,9/26/2020,Squidding,Lure,14:00,14:30,14:15,14.25,00:30:00,0.5,5,1,0,1,0,1,0,0,Squid,End of day,NA,NA,NA,NA,NA,NA,NA,NA,NA,NA,0,0,0,NA,0,0,None,NA,NA,NA,NA,NA,NA,NA,NA,NA,NA
13,Nicole,9/27/2020,15:46:12,Gabby,CoralBay,CBBR,10,Yes,10,10,1,1,No,113.7681976,-23.1569764,113.7884303,-23.1523516,9/27/2020,Demersal,Bait,13:00,13:30,13:15,13.25,00:30:00,0.5,40,4,1,5,1,6,17,0.17,"Snapper, trout and a blowfish",BetterSite,NA,NA,NA,NA,NA,NA,NA,NA,NA,NA,20,0,20,NA,30,0,None,NA,1967,6230,CoralBay,Male,2m1f2k,NA,G,Youngbloods,NA
46,Nicole,9/27/2020,15:46:45,Sam,CoralBay,Bills Bay,14,No,2,10,0,1,No,113.7682277,-23.14260997,113.7683965,-23.14260292,9/27/2020,NA,NA,NA,NA,NA,NA,NA,NA,NA,NA,NA,NA,NA,NA,NA,NA,NA,NA,NA,12:00,16:00,14:00:00,14,04:00:00,4,NA,Biodiveristy,Weather,0,0,0,NA,20,0,OW,26,1976,6153,BayView,NA,NA,NA,NA,NA,NA
194,Nicole,9/29/2020,15:52:02,Sam,Bundegi,BunBR,10,Yes,5,5,0,0,No,114.1700072,-21.83563536,´Žè114.1141,´Žè-21.5498,9/29/2020,Casting,Bait,10:00,16:00,13:00,13,06:00:00,6,10,10,4,14,1,15,7,0.07,"Red emperor, Kobe, golbands",End of day,NA,NA,NA,NA,NA,NA,NA,NA,NA,NA,1,0,1,NA,58,0,None,NA,1962,6350,MantaResort,Female,1m1f2k,7,G,Rental,NA
2,Nicole,9/27/2020,15:52:03,Nicole,CoralBay,Bills Bay,14,No,0,14,0,0,No,113.7687808,-23.14233467,113.7689402,-23.14133642,9/27/2020,NA,NA,NA,NA,NA,NA,NA,NA,NA,NA,NA,NA,NA,NA,NA,NA,NA,NA,Snorkling,11:00,16:00,13:30:00,13.5,05:00:00,5,NA,Access,NA,0,0,0,NA,0,0,None,NA,1979,6076,CoralBay,Female,2m2f2k,NA,NA,NA,Dont fish; No end time 
161,Nicole,9/30/2020,15:53:07,Nicole,Bundegi,BunBR,10,Yes,2,10,0,0,No,114.1732519,-21.83078784,113.9489897,-21.87316889,9/30/2020,Casting,Lure,10:00,10:30,10:15,10.25,00:30:00,0.5,30,0,3,3,0,3,0,0,NA,BetterSite,NA,NA,NA,NA,NA,NA,NA,NA,NA,NA,30,0,30,NA,0,33,None,NA,1987,6285,Exmouth,Male,2m,4,F,Bw406,"Caught 2 shark. DonŠ—Èt know species, described them as 'boring little things'. "
5,Nicole,9/30/2020,15:53:07,Nicole,Bundegi,BunBR,10,Yes,2,10,0,0,No,114.1732519,-21.83078784,114.0491174,-21.79507834,9/30/2020,Demersal,Both,NA,NA,NA,NA,NA,NA,30,1,5,6,0,6,0,0,"Honeycomb cod, red spot cod, empowers red throat",LowCatch,NA,NA,NA,NA,NA,NA,NA,NA,NA,NA,0,0,0,NA,0,0,None,NA,NA,NA,NA,Male,2m,NA,NA,NA,6 spots between tantabiddi br to light house outside reef
105,Nicole,9/30/2020,15:53:07,Nicole,Bundegi,BunBR,10,Yes,2,10,0,0,No,114.1732519,-21.83078784,113.9800152,-21.83923144,9/30/2020,Trolling,Lure,11:00,NA,11:00,11,NA,NA,6,0,2,2,0,2,0,0,NA,BetterSite,NA,NA,NA,NA,NA,NA,NA,NA,NA,NA,0,0,0,NA,0,0,None,NA,NA,NA,NA,NA,NA,NA,NA,NA,NA
185,Nicole,9/27/2020,15:55:46,Nicole,CoralBay,Bills Bay,7,No,0,7,0,1,No,113.7682552,-23.14249655,113.7696493,-23.14227888,9/27/2020,NA,NA,NA,NA,NA,NA,NA,NA,NA,NA,NA,NA,NA,NA,NA,NA,NA,NA,Snorkling,09:30,NA,09:30:00,9.5,NA,NA,NA,Access,NA,0,0,0,NA,20,0,OW,NA,1979,6232,CoralBay,Male,2m2f,NA,NA,NA,Not frequent; Kids in wtaer not sure how many.
94,Nicole,9/27/2020,15:58:04,Sam,ExmouthS,Bills Bay,7,Yes,4,6,1,0,No,113.7689566,-23.14231012,113.7686521,-23.14255945,9/27/2020,NA,NA,NA,NA,NA,NA,NA,NA,NA,NA,NA,NA,NA,NA,NA,NA,NA,NA,Snorkling,13:00,16:00,14:30:00,14.5,03:00:00,3,NA,Access,Weather,0,0,0,NA,30,0,Rescue,100,1973,6071,BayView,Male,NA,8,G,NA,NA
123,Nicole,9/27/2020,16:04:23,Nicole,CoralBay,Bills Bay,7,No,0,7,0,1,No,113.7695981,-23.1422697,113.7693292,-23.14218869,9/27/2020,NA,NA,NA,NA,NA,NA,NA,NA,NA,NA,NA,NA,NA,NA,NA,NA,NA,NA,Snorkling,09:50,17:00,13:25:00,13.41666667,07:10:00,7.166666667,NA,Access,NA,0,0,0,NA,0,0,None,NA,1973,6156,NA,Female,1f3k,NA,NA,NA,NA
129,Nicole,9/29/2020,16:04:44,Sam,Bundegi,BunBR,8,Yes,2,6,0,0,No,114.1705692,-21.83502132,114.1914045,-21.82667314,9/29/2020,NA,Bait,11:00,16:00,13:30,13.5,05:00:00,5,56,5,2,7,2,9,22,0.22,"Kobe, trevally, northwest",Weather,NA,NA,NA,NA,NA,NA,NA,NA,Weather,NA,12,0,12,NA,20,0,None,NA,1978,6018,MantaResort,Male,1m1k,7,G,NA,NA
210,Nicole,9/27/2020,16:08:15,Nicole,CoralBay,Bills Bay,5,No,0,5,0,0,Yes,113.769622,-23.14221254,113.7702179,-23.14226329,9/27/2020,NA,NA,NA,NA,NA,NA,NA,NA,NA,NA,NA,NA,NA,NA,NA,NA,NA,NA,Snorkling,10:45,12:30,11:37:30,11.625,01:45:00,1.75,NA,Access,NA,0,0,0,NA,35,0,None,NA,1963,6021,CoralBay,Male,3m5f4k,NA,NA,NA,Kid friendly
224,Nicole,9/26/2020,16:11:52,Sam,Exmouth,ExBR,Resident,Yes,NA,NA,NA,NA,NA,114.138304,-21.95483783,114.1515128,-21.93489079,9/26/2020,Spearing,NA,14:00,16:00,15:00,15,02:00:00,2,5,1,NA,1,0,1,0,0,Kept 1 Flatty,End of day,NA,NA,NA,NA,NA,NA,NA,NA,Other,NA,50,0,50,NA,38,0,None,NA,1982,6707,NA,Female,2f,6,F,NA,NA
133,Nicole,9/26/2020,16:11:52,Sam,Exmouth,ExBR,Resident,Yes,NA,NA,NA,NA,NA,114.138304,-21.95483783,114.1472488,-21.94816646,9/26/2020,Squidding,Lure,16:00,16:20,16:10,16.17,00:20:00,0.33,5,0,NA,NA,0,NA,NA,NA,NA,NA,NA,NA,NA,NA,NA,NA,NA,NA,NA,NA,0,0,0,NA,0,0,None,NA,NA,NA,NA,NA,NA,NA,NA,NA,NA
60,Nicole,9/30/2020,16:11:56,Nicole,Bundegi,BunBR,Resident,NA,NA,NA,NA,NA,NA,114.1732733,-21.8307708,114.1673523,-21.78113473,9/30/2020,NA,NA,NA,NA,NA,NA,NA,NA,NA,NA,NA,NA,NA,NA,NA,NA,NA,NA,WindSport,12:30,16:00,14:15:00,14.25,03:30:00,3.5,NA,Quiet,EndOfDay,25,0,25,10,30,1,OW,100,1967,NA,NA,Male,1m1f,2,H,NA,Wingfoiling by Jetski
176,Nicole,9/30/2020,16:13:17,Sam,Bundegi,Janz,14,Yes,14,0,0,2,No,114.07272,-21.82727495,114.0726413,-21.82708782,9/30/2020,NA,NA,NA,NA,NA,NA,NA,NA,NA,NA,NA,NA,NA,NA,NA,NA,NA,NA,Surfing,14:00,18:00,16:00:00,16,04:00:00,4,NA,Surf,EndOfDay,0,0,0,NA,0,0,None,NA,NA,NA,NA,NA,NA,NA,NA,NA,NA
201,Nicole,9/30/2020,16:13:17,Sam,Bundegi,Janz,14,Yes,14,0,0,2,No,114.07272,-21.82727495,114.067897,-21.827986,9/30/2020,NA,NA,NA,NA,NA,NA,NA,NA,NA,NA,NA,NA,NA,NA,NA,NA,NA,NA,Surfing,10:00,13:00,11:30:00,11.5,03:00:00,3,NA,Surf,ActivityChange,12,0,12,365,30,40,AOW,30,1971,6168,RACHolPark,Male,1m1f,3,A,NA,NA
237,Nicole,9/29/2020,16:14:05,Sam,Bundegi,BunBR,14,Yes,14,0,0,0,No,114.1707088,-21.83527575,114.1409117,-21.78239812,9/29/2020,Demersal,Bait,12:00,16:15,14:07,14.13,04:15:00,4.25,40,4,2,6,6,12,50,0.5,"Spangled, stripes perch, bream",Depredation,NA,NA,NA,NA,NA,NA,NA,NA,NA,NA,20,0,20,NA,16,0,None,NA,2002,6020,NingalooBreeze,Male,1m2k,6,D,"The bandit, EN443",NA
181,Nicole,9/30/2020,16:18:24,Nicole,Bundegi,BunBR,10,Yes,8,2,0,0,No,114.1732616,-21.83077963,114.3715189,-21.63019542,9/30/2020,NA,NA,NA,NA,NA,NA,NA,NA,NA,NA,NA,NA,NA,NA,NA,NA,NA,NA,Diving,12:30,13:15,12:52:30,12.875,00:45:00,0.75,10.5,Biodiveristy,ActivityChange,0,0,0,5,0,1,OW,NA,2002,6210,Exmouth,Female,1m1f4k,5,F,De428,Had been fishing as well - not enough to ask them about it. 
82,Nicole,9/30/2020,16:19:05,Gabby,Bundegi,Janz,12,Yes,9,12,0,1,Yes,114.0728365,-21.82738979,114.07308,-21.82702892,9/30/2020,NA,NA,NA,NA,NA,NA,NA,NA,NA,NA,NA,NA,NA,NA,NA,NA,NA,NA,Relaxing,14:00,16:30,15:15:00,15.25,02:30:00,2.5,NA,Access,Necessity,10,0,10,NA,39,0,None,NA,1981,6024,NA,Female,3m3f7k,6,F,NA,Also because itŠ—Ès a nice beach; Necessity: get kids showered before dinner; No end time  
147,Nicole,9/29/2020,16:21:13,Sam,Bundegi,BunBR,14,Yes,14,0,1,4,No,114.1703757,-21.83498167,114.1233108,-21.77886402,9/29/2020,Demersal,Bait,12:00,16:30,14:15,14.25,04:30:00,4.5,16,3,0,3,12,15,80,0.8,"Spangled emperor, spainish mackrel, spainish emperor",End of day,NA,NA,NA,NA,NA,NA,NA,NA,NA,NA,10,0,10,NA,40,30,OW,100,1971,6066,NingalooBreeze,Male,1m1f2k,6,D,Jenny,Doesn’«t fish deeper than 16m because of sharks
184,Nicole,9/27/2020,16:23:28,Sam,CoralBay,Bills Bay,10,No,0,10,0,1,No,113.7688945,-23.14245426,113.7687294,-23.1423594,9/27/2020,NA,NA,NA,NA,NA,NA,NA,NA,NA,NA,NA,NA,NA,NA,NA,NA,NA,NA,Relaxing,11:00,NA,11:00:00,11,NA,NA,NA,Access,EndOfDay,1,0,1,30,5,30,OW,10,1990,6100,CoralBayBackpackers,Female,1m1f,NA,NA,NA,No end time 
182,Nicole,9/30/2020,16:23:48,Nicole,Bundegi,BunBR,16,Yes,8,16,1,0,No,114.1732457,-21.8307694,114.3290451,-21.79567512,9/30/2020,Demersal,Both,13:00,14:50,13:55,13.92,01:50:00,1.83,34,3,2,5,0,5,0,0,"Spangled emp, coral trout",End of day,NA,NA,NA,NA,NA,NA,NA,NA,NA,NA,29,0,29,NA,20,0,None,NA,1972,6210,Exmouth,Male,1m1f3k,4,F,BM193,NA
277,Nicole,9/27/2020,16:26:26,Gabby,CoralBay,CBBR,9,Yes,7,9,0,0,Yes,113.7691281,-23.15394018,NA,NA,9/27/2020,NA,NA,NA,NA,NA,NA,NA,NA,NA,NA,NA,NA,NA,NA,NA,NA,NA,NA,NA,NA,NA,NA,NA,NA,NA,NA,NA,NA,0,0,0,NA,0,0,None,NA,NA,NA,NA,NA,NA,NA,NA,NA,NA
61,Nicole,9/30/2020,16:30:47,Sam,Bundegi,Janz,9,No,0,8,0,1,No,114.07174,-21.82749173,114.0718333,-21.82720322,9/30/2020,NA,NA,NA,NA,NA,NA,NA,NA,NA,NA,NA,NA,NA,NA,NA,NA,NA,NA,Surfing,12:00,17:00,14:30:00,14.5,05:00:00,5,NA,Surf,EndOfDay,0,0,0,100,0,20,OW,15,1985,6071,YardieHomestead,Female,1m1f,NA,NA,NA,NA
247,Nicole,9/29/2020,16:37:59,Nicole,Bundegi,Wobiri,7,No,0,7,0,0,No,114.0682568,-21.82939322,113.8856681,-22.1029302,9/29/2020,NA,NA,NA,NA,NA,NA,NA,NA,NA,NA,NA,NA,NA,NA,NA,NA,NA,NA,Snorkling,09:00,12:00,10:30:00,10.5,03:00:00,3,NA,Biodiveristy,Necessity,0,0,0,NA,0,0,None,NA,NA,NA,NA,NA,NA,NA,NA,NA,Necessity: Lunch
127,Nicole,9/29/2020,16:37:59,Nicole,Bundegi,Wobiri,7,No,0,7,0,0,No,114.0682568,-21.82939322,114.0683941,-21.8292809,9/29/2020,NA,NA,NA,NA,NA,NA,NA,NA,NA,NA,NA,NA,NA,NA,NA,NA,NA,NA,Surfing,15:00,NA,15:00:00,15,NA,NA,NA,Surf,NA,0,0,0,NA,0,0,None,NA,NA,NA,NA,NA,NA,NA,NA,NA,No end time 
64,Nicole,9/26/2020,16:40:51,Gabby,Exmouth,ExBR,Resident,Yes,NA,NA,NA,NA,NA,114.1394713,-21.95578718,114.131771,-22.046587,9/26/2020,Squidding,Lure,14:00,16:00,15:00,15,02:00:00,2,0,2,1,3,0,3,0,0,Squid,Weather,NA,NA,NA,NA,NA,NA,NA,NA,NA,NA,100,0,100,NA,47,0,None,NA,1973,6707,NA,Male,2m,3,C,NA,Caught one cod with the lure but were just squidding. Released one squid
235,Nicole,9/29/2020,16:42:21,Sam,Bundegi,BunBR,Resident,Yes,56,NA,NA,NA,No,114.1706715,-21.8352226,114.1988922,-21.82847816,9/29/2020,Casting,Bait,11:00,17:00,14:00,14,06:00:00,6,16,1,1,2,1,3,33,0.33,Spangled emperor,End of day,NA,NA,NA,NA,NA,NA,NA,NA,NA,NA,30,0,30,NA,20,0,None,NA,1995,6707,NA,Male,1m1f,3,C,B0807,"56 times in a year, once a week"
159,Nicole,9/26/2020,16:44:13,Nicole,Exmouth,ExBR,4,Yes,4,4,1,2,Yes,114.1389272,-21.95459621,114.2130526,-22.0250649,9/26/2020,NA,NA,NA,NA,NA,NA,NA,NA,NA,NA,NA,NA,NA,NA,NA,NA,NA,NA,WhaleWatch,NA,NA,NA,NA,NA,NA,NA,Megafauna,EndOfDay,0,0,0,NA,0,0,None,NA,NA,NA,NA,NA,NA,NA,NA,NA,NA
17,Nicole,9/26/2020,16:44:13,Nicole,Exmouth,ExBR,4,Yes,4,4,1,2,Yes,114.1389272,-21.95459621,114.2257266,-21.95709801,9/26/2020,NA,NA,NA,NA,NA,NA,NA,NA,NA,NA,NA,NA,NA,NA,NA,NA,NA,NA,WhaleWatch,15:00,16:00,15:30:00,15.5,01:00:00,1,NA,Megafauna,BetterSite,15,0,15,1,30,0,None,NA,1990,6018,Exmouth,Female,4f1m,4,E,NA,NA
114,Nicole,9/26/2020,16:44:13,Nicole,Exmouth,ExBR,4,Yes,4,4,1,2,Yes,114.1389272,-21.95459621,114.1418187,-21.95905643,9/26/2020,Trolling,Lure,16:00,17:00,16:30,16.5,01:00:00,1,0,2,0,2,0,2,0,0,Squid,End of day,NA,NA,NA,NA,NA,NA,NA,NA,NA,NA,0,0,0,NA,0,0,None,NA,NA,NA,NA,NA,NA,NA,NA,NA,Trolling on way back to Exmouth boat ramp from previous site.
142,Nicole,9/30/2020,16:44:32,Nicole,Bundegi,BunBR,7,Yes,3,2,0,0,No,114.1732724,-21.83076199,114.1739388,-21.83104848,9/30/2020,NA,NA,NA,NA,NA,NA,NA,NA,NA,NA,NA,NA,NA,NA,NA,NA,NA,NA,Swimming,16:30,16:50,16:40:00,16.66666667,00:20:00,0.333333333,NA,NaturalSurroundings,EndOfDay,0,0,0,NA,0,0,None,NA,NA,NA,NA,NA,NA,NA,NA,NA,NA
153,Nicole,9/30/2020,16:44:32,Nicole,Bundegi,BunBR,7,Yes,3,2,0,0,No,114.1732724,-21.83076199,114.275941,-21.882191,9/30/2020,Trolling,Lure,14:00,16:30,15:15,15.25,02:30:00,2.5,30,0,1,1,0,1,0,0,NA,End of day,NA,NA,NA,NA,NA,NA,NA,NA,NA,NA,2,0,2,NA,15,0,OW,NA,1973,6018,Exmouth,Female,1m1f2k,5,F,Dd508,NA
54,Nicole,9/28/2020,16:44:45,Sam,ExmouthS,LearmonthJetty,14,No,0,5,0,0,Yes,114.0994745,-22.21223314,114.1000228,-22.21195729,9/28/2020,Casting,Lure,16:00,17:30,16:45,16.75,01:30:00,1.5,NA,NA,1,1,0,1,0,0,Doesnt know but undersize,End of day,NA,NA,NA,NA,NA,NA,NA,NA,Fishing,NA,0,0,0,0,0,0,None,NA,1981,6014,ExmouthEscape,Male,NA,NA,NA,NA,Started fishing 2 months ago
233,Nicole,9/26/2020,16:45:19,Sam,Exmouth,ExBR,14,Yes,NA,NA,NA,NA,NA,114.1383716,-21.95493992,114.11235,Î¾-21.54938 ,9/26/2020,Demersal,Lure,14:30,16:30,15:30,15.5,02:00:00,2,20,0,4,4,0,4,0,0,"Spangled emperor, cod",End of day,NA,14:00,16:30,15:15:00,15.25,02:30:00,2.5,NA,Biodiveristy,NA,15,0,15,15,52,0,None,NA,1968,6009,NA,Male,2m,8,G,NA,NA
115,Nicole,9/27/2020,16:47:41,Nicole,CoralBay,Bills Bay,7,Yes,3,7,0,0,No,113.771014,-23.14174319,113.7708421,-23.14197579,9/27/2020,NA,NA,NA,NA,NA,NA,NA,NA,NA,NA,NA,NA,NA,NA,NA,NA,NA,NA,Snorkling,08:30,11:00,09:45:00,9.75,02:30:00,2.5,NA,Access,ActivityChange,0,0,0,NA,0,0,None,NA,1982,6171,CoralBay,Female,1f5k,NA,NA,NA,The kids are also kayaking; left for lunch
238,Nicole,9/29/2020,16:48:16,Nicole,Bundegi,Wobiri,14,No,0,14,0,0,Yes,114.0682269,-21.82938283,114.0685928,-21.82919222,9/29/2020,NA,NA,NA,NA,NA,NA,NA,NA,NA,NA,NA,NA,NA,NA,NA,NA,NA,NA,WindSport,15:30,NA,15:30:00,15.5,NA,NA,NA,Surf,NA,0,0,0,NA,0,0,None,NA,NA,NA,NA,NA,NA,NA,NA,NA,Wing foiling; No end time 
259,Nicole,9/29/2020,16:48:16,Nicole,Bundegi,Wobiri,14,No,0,14,0,0,Yes,114.0682269,-21.82938283,114.1450969,-21.79669567,9/29/2020,NA,NA,NA,NA,NA,NA,NA,NA,NA,NA,NA,NA,NA,NA,NA,NA,NA,NA,Surfing,10:00,12:00,11:00:00,11,02:00:00,2,NA,Surf,Necessity,0,0,0,52,0,20,None,NA,1968,6010,Lighthouse,Male,1m1f2k,NA,NA,NA,Kid friendly; Necessity: lunch
167,Nicole,9/30/2020,16:50:28,Gabby,Bundegi,Wobiri,13,No,0,13,0,0,Yes,114.0688307,-21.82974769,114.0678608,-21.8298274,9/30/2020,NA,NA,NA,NA,NA,NA,NA,NA,NA,NA,NA,NA,NA,NA,NA,NA,NA,NA,Surfing,13:30,NA,13:30:00,13.5,NA,NA,NA,Other,EndOfDay,0,0,0,NA,0,0,None,NA,1982,6149,NManduCamp,Female,4m4f7k,NA,NA,NA,NA
179,Nicole,9/26/2020,16:50:35,Nicole,Exmouth,ExBR,14,Yes,12,2,2,0,No,114.1395567,-21.95580158,114.1875164,-21.87487225,9/26/2020,Casting,Bait,12:00,13:00,12:30,12.5,01:00:00,1,7,0,7,7,0,7,0,0,None,Weather,NA,NA,NA,NA,NA,NA,NA,NA,NA,NA,0,0,0,NA,0,0,None,NA,NA,NA,NA,NA,NA,NA,NA,NA,NA
270,Nicole,9/26/2020,16:50:35,Nicole,Exmouth,ExBR,14,Yes,12,2,2,0,No,114.1395567,-21.95580158,114.2501071,-21.85408029,9/26/2020,Casting,Bait,09:00,11:00,10:00,10,02:00:00,2,18,0,10,10,0,10,0,0,Dont know,Weather,NA,NA,NA,NA,NA,NA,NA,NA,NA,NA,2,0,2,NA,15,0,None,NA,1994,6107,Exmouth,Female,1m1f,4,F,NA,Weather made them sea sick - hence why they left
15,Nicole,9/26/2020,16:50:35,Nicole,Exmouth,ExBR,14,Yes,12,2,2,0,No,114.1395567,-21.95580158,114.2504367,-21.86003976,9/26/2020,Casting,Bait,15:00,16:00,15:30,15.5,01:00:00,1,5m,0,1,1,0,1,0,0,NA,End of day,NA,NA,NA,NA,NA,NA,NA,NA,NA,NA,0,0,0,NA,0,0,None,NA,NA,NA,NA,Male,NA,NA,NA,NA,Realeased a bronzy shark
110,Nicole,9/30/2020,16:52:33,Nicole,Bundegi,BunBR,7,Yes,7,0,0,0,No,114.1732714,-21.83075872,114.2604029,-21.7376753,9/30/2020,Demersal,Bait,14:00,15:30,14:45,14.75,01:30:00,1.5,15,0,0,NA,0,NA,NA,NA,NA,End of day,NA,NA,NA,NA,NA,NA,NA,NA,NA,NA,20,0,20,NA,30,0,OW,20,1975,6155,Exmouth,Male,3m,5,E,Dd632,NA
151,Nicole,9/30/2020,16:53:53,Sam,Bundegi,Wobiri,14,No,0,14,0,0,Yes,114.0476427,-21.84098525,113.884509,-22.100206,9/30/2020,NA,NA,NA,NA,NA,NA,NA,NA,NA,NA,NA,NA,NA,NA,NA,NA,NA,NA,Snorkling,12:30,14:00,13:15:00,13.25,01:30:00,1.5,NA,Biodiveristy,Explore,0,0,0,60,0,7,OW,12,1964,6153,YardieCamp,Male,1m1f,NA,NA,NA,Spot reccommended by friends
128,Nicole,9/30/2020,16:53:53,Sam,Bundegi,Wobiri,14,No,0,14,0,0,Yes,114.0476427,-21.84098525,114.0469701,-21.84278885,9/30/2020,NA,NA,NA,NA,NA,NA,NA,NA,NA,NA,NA,NA,NA,NA,NA,NA,NA,NA,Relaxing,16:15,18:00,17:07:30,17.125,01:45:00,1.75,NA,Access,EndOfDay,0,0,0,NA,0,0,None,NA,NA,NA,NA,NA,NA,NA,NA,NA,NA
255,Nicole,9/29/2020,16:54:05,Sam,Bundegi,BunBR,14,Yes,14,0,0,1,No,114.1701215,-21.83500061,114.2112002,-21.8024295,9/29/2020,NA,Bait,12:00,17:00,14:30,14.5,05:00:00,5,30,NA,NA,NA,0,NA,NA,NA,Rock cod,End of day,NA,NA,NA,NA,NA,NA,NA,NA,NA,NA,6,0,6,NA,25,0,None,NA,1963,6152,Lighthouse,Male,1m1f,3,C,BW421,NA
20,Nicole,9/29/2020,16:54:05,Sam,Bundegi,BunBR,14,Yes,14,0,0,1,No,114.1701215,-21.83500061,114.1774871,-21.83837477,9/29/2020,NA,NA,NA,NA,NA,NA,NA,NA,NA,NA,NA,NA,NA,NA,NA,NA,NA,NA,NA,NA,NA,NA,NA,NA,NA,NA,NA,NA,0,0,0,NA,0,0,None,NA,NA,NA,NA,NA,NA,NA,NA,NA,NA
55,Nicole,9/30/2020,16:58:44,Gabby,Bundegi,Wobiri,12,No,0,12,0,0,Yes,114.0682813,-21.82933036,114.0677016,-21.82951872,9/30/2020,NA,NA,NA,NA,NA,NA,NA,NA,NA,NA,NA,NA,NA,NA,NA,NA,NA,NA,Surfing,13:30,NA,13:30:00,13.5,NA,NA,NA,Surf,EndOfDay,0,0,0,100,0,0,None,NA,1975,6163,MesaCamp,Male,1m1f4k,NA,NA,NA,NA
162,Nicole,9/29/2020,16:59:39,Sam,Bundegi,BunBR,7,Yes,7,0,0,1,No,114.1705041,-21.83553338,114.1875278,-21.80291716,9/29/2020,Spearing,NA,16:00,17:00,16:30,16.5,01:00:00,1,NA,0,0,NA,NA,NA,NA,NA,NA,End of day,NA,NA,NA,NA,NA,NA,NA,NA,NA,NA,50,0,50,NA,10,0,None,NA,2000,6156,Lighthouse,NA,NA,5,F,68296,NA
154,Nicole,9/30/2020,17:04:32,Sam,Bundegi,Wobiri,5,No,0,5,0,0,Yes,114.0300801,-21.84875447,114.0326211,-21.84833828,9/30/2020,NA,NA,NA,NA,NA,NA,NA,NA,NA,NA,NA,NA,NA,NA,NA,NA,NA,NA,Relaxing,16:00,18:00,17:00:00,17,02:00:00,2,NA,Weather,EndOfDay,0,0,0,NA,0,0,None,NA,NA,NA,NA,NA,NA,NA,NA,NA,NA
213,Nicole,9/30/2020,17:04:32,Sam,Bundegi,Wobiri,5,No,0,5,0,0,Yes,114.0300801,-21.84875447,113.884509,-22.100206,9/30/2020,NA,NA,NA,NA,NA,NA,NA,NA,NA,NA,NA,NA,NA,NA,NA,NA,NA,NA,Snorkling,12:30,14:00,13:15:00,13.25,01:30:00,1.5,NA,Biodiveristy,ActivityChange,0,0,0,0,0,0,None,NA,1965,6153,YardieHomestead,Female,1m1f,NA,NA,NA,NA
73,Nicole,9/26/2020,17:04:34,Sam,Exmouth,ExBR,4,Yes,4,0,1,0,No,114.1384374,-21.95487564,114.3459566,-21.67687079,9/26/2020,Demersal,Lure,08:00,16:30,12:15,12.25,08:30:00,8.5,10,1,1,2,0,2,0,0,Mackrel,End of day,NA,NA,NA,NA,NA,NA,NA,NA,NA,NA,12,0,12,12,42,0,OW,NA,1978,6285,YardieHomestead,Male,2m,8,G,NA,NA
152,Nicole,9/30/2020,17:05:23,Nicole,Bundegi,BunBR,7,Yes,2,7,2,1,No,114.1732727,-21.83078852,114.2163392,-21.84716604,9/30/2020,NA,NA,NA,NA,NA,NA,NA,NA,NA,NA,NA,NA,NA,NA,NA,NA,NA,NA,WhaleWatch,16:00,17:00,16:30:00,16.5,01:00:00,1,NA,Megafauna,EndOfDay,0,0,0,NA,0,0,None,NA,NA,NA,NA,NA,NA,NA,NA,NA,NA
125,Nicole,9/30/2020,17:05:23,Nicole,Bundegi,BunBR,7,Yes,2,7,2,1,No,114.1732727,-21.83078852,114.1561374,-21.86577294,9/30/2020,NA,NA,NA,NA,NA,NA,NA,NA,NA,NA,NA,NA,NA,NA,NA,NA,NA,NA,Snorkling,13:30,14:30,14:00:00,14,01:00:00,1,NA,Access,ActivityChange,20,0,20,NA,35,0,None,NA,1965,NA,NA,Male,2m2f24k,3,F,Soggy nuts,NA
1,Nicole,9/29/2020,17:06:48,Sam,Bundegi,BunBR,7,Yes,5,2,0,0,Yes,114.1703139,-21.83555392,114.2315827,-21.75760552,9/29/2020,Demersal,Bait,12:00,17:00,14:30,14.5,05:00:00,5,21,8,2,10,4,14,29,0.29,"Chinamen cod, sweet lips",End of day,NA,NA,NA,NA,NA,NA,NA,NA,NA,NA,25,0,25,NA,15,0,None,NA,1978,6237,NingalooLodge,Male,1m1f2k,6,G,EA909,NA
14,Nicole,9/26/2020,17:15:56,Sam,Exmouth,ExBR,7,Yes,NA,NA,NA,NA,No,114.1386366,-21.95450382,114.1123,Î¾-21.54938,9/26/2020,Demersal,Bait,07:00,17:21,12:10,12.18,10:21:00,10.35,16,2,12,14,0,14,0,0,Perch,End of day,NA,NA,NA,NA,NA,NA,NA,NA,NA,NA,10,0,10,10,20,0,None,NA,1970,6100,NA,Male,3m,6,F,NA,NA
207,Nicole,9/29/2020,17:21:33,Sam,Bundegi,BunBR,7,Yes,7,0,0,0,No,114.1707599,-21.83589556,114.0296086,-21.84709569,9/29/2020,NA,NA,NA,NA,NA,NA,NA,NA,NA,NA,NA,NA,NA,NA,NA,NA,NA,NA,Snorkling,09:30,10:30,10:00:00,10,01:00:00,1,NA,Biodiveristy,ActivityChange,0,0,0,150,0,7,None,NA,1962,6281,Lighthouse,Male,NA,3,C,NA,NA
120,Nicole,9/29/2020,17:21:33,Sam,Bundegi,BunBR,7,Yes,7,0,0,0,No,114.1707599,-21.83589556,114.1992215,-21.83295828,9/29/2020,NA,NA,NA,NA,NA,NA,NA,NA,NA,NA,NA,NA,NA,NA,NA,NA,NA,NA,WindSport,16:00,17:10,16:35:00,16.58333333,01:10:00,1.166666667,NA,Weather,NA,0,0,0,NA,0,0,None,NA,NA,NA,NA,NA,NA,NA,NA,NA,NA
3,Nicole,9/26/2020,17:26:04,Nicole,Exmouth,ExBR,Resident,NA,NA,NA,NA,NA,NA,114.1396514,-21.95583214,114.2509711,-21.89542503,9/26/2020,NA,NA,NA,NA,NA,NA,NA,NA,NA,NA,NA,NA,NA,NA,NA,NA,NA,NA,Swimming,16:00,17:15,16:37:30,16.625,01:15:00,1.25,NA,Access,Weather,10,0,10,10,9,0,None,NA,1991,NA,NA,Female,2f1m,6,G,NA,Tried to find whales 
218,Nicole,9/26/2020,17:32:49,Nicole,Exmouth,ExBR,4,Yes,2,2,1,0,No,114.13849,-21.95503426,114.1964694,-21.96450068,9/26/2020,Demersal,Bait,15:00,16:30,15:45,15.75,01:30:00,1.5,8,1,0,1,0,1,0,0,Black snapper,Weather,NA,NA,NA,NA,NA,NA,NA,NA,NA,NA,9,0,9,NA,21,0,OW,NA,1999,6230,Exmouth,Male,4m1k,4,F,NA,Couple and there three adults sons -> one of the sons interviewed
266,Nicole,9/26/2020,17:34:04,Sam,Exmouth,ExBR,Resident,Yes,NA,NA,NA,NA,NA,114.138543,-21.95471233,114.1419196,-21.9540232,9/26/2020,NA,NA,NA,NA,NA,NA,NA,NA,NA,NA,NA,NA,NA,NA,NA,NA,NA,NA,WhaleWatch,15:00,17:00,16:00:00,16,02:00:00,2,NA,Megafauna,EndOfDay,0,0,0,0,0,0,None,NA,1990,6707,NA,Male,1m,4,F,NA,NA
264,Nicole,9/30/2020,17:34:18,Sam,Bundegi,Wobiri,14,No,0,10,0,0,No,114.0292537,-21.84936487,113.884509,-22.100206,9/30/2020,NA,NA,NA,NA,NA,NA,NA,NA,NA,NA,NA,NA,NA,NA,NA,NA,NA,NA,Snorkling,11:30,13:30,12:30:00,12.5,02:00:00,2,NA,Biodiveristy,ActivityChange,0,0,0,NA,0,0,None,NA,2000,6107,YardieHomestead,Female,NA,NA,NA,NA,NA
39,Nicole,9/30/2020,17:34:18,Sam,Bundegi,Wobiri,14,No,0,10,0,0,No,114.0292537,-21.84936487,114.067897,-21.827986,9/30/2020,NA,NA,NA,NA,NA,NA,NA,NA,NA,NA,NA,NA,NA,NA,NA,NA,NA,NA,Surfing,16:30,18:30,17:30:00,17.5,02:00:00,2,NA,NaturalSurroundings,EndOfDay,0,0,0,NA,0,0,None,NA,NA,NA,NA,NA,NA,NA,NA,NA,NA
217,Nicole,9/29/2020,17:35:26,Sam,Bundegi,BunBR,7,No,0,7,0,3,No,114.1708228,-21.8356138,114.1707303,-21.83576155,9/29/2020,NA,NA,NA,NA,NA,NA,NA,NA,NA,NA,NA,NA,NA,NA,NA,NA,NA,NA,NA,NA,NA,NA,NA,NA,NA,NA,NA,NA,0,0,0,NA,0,0,None,NA,NA,NA,NA,NA,NA,NA,NA,NA,NA
86,Nicole,9/29/2020,17:35:26,Sam,Bundegi,BunBR,7,No,0,7,0,3,No,114.1708228,-21.8356138,114.3216955,-21.69817215,9/29/2020,Demersal,Bait,14:00,17:40,15:50,15.83,03:40:00,3.67,NA,NA,2,2,1,3,33,0.33,"Snappy, charlie",End of day,NA,NA,NA,NA,NA,NA,NA,NA,NA,NA,4,0,4,NA,25,0,None,NA,1962,6164,CarpenterSt,Female,2m3f,7,D,NA,NA
163,Nicole,9/26/2020,17:37:00,Gabby,Exmouth,ExBR,8,Yes,6,8,1,1,No,114.157079,-21.9472139,114.1451217,-21.94313094,9/26/2020,Demersal,Bait,16:00,17:00,16:30,16.5,01:00:00,1,3,0,0,NA,NA,NA,NA,NA,NA,ActivityChange,NA,NA,NA,NA,NA,NA,NA,NA,Rec,NA,24,0,24,100,0,0,None,NA,1982,6166,Exmouth,Female,1m1f2k,4,C,NA,"Did some trawling on the way to sight; then bottom bashing; Kids hungry so had to leave, didnŠ—Èt bring any snacks. "
248,Nicole,9/29/2020,17:41:07,Sam,Bundegi,BunBR,56,Yes,20,NA,0,3,No,114.1705637,-21.83591961,114.1793482,-21.9747743,9/29/2020,NA,NA,NA,NA,NA,NA,NA,NA,NA,NA,NA,NA,NA,NA,NA,NA,NA,NA,Snorkling,15:00,17:45,16:22:30,16.375,02:45:00,2.75,NA,Biodiveristy,EndOfDay,0,0,0,NA,0,30,OW,20,1978,6065,GrenadierSt,Male,NA,3,NA,BA169,Semi-resident
24,Nicole,9/30/2020,17:42:21,Sam,Bundegi,Wobiri,11,No,0,11,1,0,No,114.0299578,-21.84934065,113.884509,-22.100206,9/30/2020,NA,NA,NA,NA,NA,NA,NA,NA,NA,NA,NA,NA,NA,NA,NA,NA,NA,NA,Snorkling,12:00,14:00,13:00:00,13,02:00:00,2,NA,Tradition,ActivityChange,1,0,1,NA,0,35,OW,30,1970,6156,YardieHomestead,Male,NA,NA,NA,NA,NA
19,Nicole,9/30/2020,17:42:21,Sam,Bundegi,Wobiri,11,No,0,11,1,0,No,114.0299578,-21.84934065,114.0309915,-21.85007807,9/30/2020,NA,NA,NA,NA,NA,NA,NA,NA,NA,NA,NA,NA,NA,NA,NA,NA,NA,NA,Surfing,16:30,18:30,17:30:00,17.5,02:00:00,2,NA,Surf,EndOfDay,0,0,0,NA,0,0,None,NA,NA,NA,NA,NA,NA,NA,NA,NA,NA
50,Nicole,9/30/2020,17:45:14,Nicole,Bundegi,BunBR,14,Yes,7,14,2,4,No,114.1732457,-21.83077452,114.1790041,-21.06476065,9/30/2020,Demersal,Both,10:00,17:00,13:30,13.5,07:00:00,7,240,2,0,2,3,5,60,0.6,"Cod, cobia",End of day,NA,NA,NA,NA,NA,NA,NA,NA,NA,NA,10,0,10,NA,15,0,None,NA,1985,6315,Exmouth,NA,NA,NA,NA,NA,NA
149,Nicole,9/26/2020,17:48:16,Nicole,Exmouth,ExBR,Resident,NA,NA,NA,NA,NA,NA,114.1383881,-21.95491413,114.1442283,-21.94378904,9/26/2020,NA,NA,NA,NA,NA,NA,NA,NA,NA,NA,NA,NA,NA,NA,NA,NA,NA,NA,Relaxing,16:30,17:30,17:00:00,17,01:00:00,1,NA,Weather,EndOfDay,50,0,50,NA,1,0,None,NA,1993,NA,NA,Female,1m1f,4,F,NA,NA
99,Nicole,9/26/2020,17:48:54,Sam,Exmouth,ExBR,7,Yes,NA,NA,1,0,Yes,114.1385733,-21.95461973,114.144446,-21.94961814,9/26/2020,NA,NA,NA,NA,NA,NA,NA,NA,NA,NA,NA,NA,NA,NA,NA,NA,NA,NA,Snorkling,10:00,18:00,14:00:00,14,08:00:00,8,NA,Weather,EndOfDay,24,0,24,0,20,0,None,NA,1976,6532,NA,Male,1m1f2k,5,F,NA,NA
205,Nicole,9/30/2020,17:53:30,Sam,Bundegi,Wobiri,12,No,0,12,0,1,No,114.0318601,-21.84896492,114.0346364,-21.84993841,9/30/2020,NA,NA,NA,NA,NA,NA,NA,NA,NA,NA,NA,NA,NA,NA,NA,NA,NA,NA,Relaxing,09:00,10:00,09:30:00,9.5,01:00:00,1,NA,Surf,Necessity,0,0,0,NA,0,6,None,NA,1976,6163,RACHolPark,Female,1m1f2k,NA,NA,NA,Necessity: Moving camp 
16,Nicole,9/30/2020,17:53:30,Sam,Bundegi,Wobiri,12,No,0,12,0,1,No,114.0318601,-21.84896492,114.0309964,-21.84827775,9/30/2020,NA,NA,NA,NA,NA,NA,NA,NA,NA,NA,NA,NA,NA,NA,NA,NA,NA,NA,NA,16:20,18:15,17:17:30,17.29166667,01:55:00,1.916666667,NA,Surf,ActivityChange,0,0,0,NA,0,0,None,NA,NA,NA,NA,Male,NA,NA,NA,NA,NA
229,Nicole,9/29/2020,17:57:33,Sam,Bundegi,BunBR,16,Yes,16,0,0,0,Yes,114.1703476,-21.83516969,114.2163904,-21.85528461,9/29/2020,Demersal,Bait,14:30,18:00,16:15,16.25,03:30:00,3.5,7,1,3,4,0,4,0,0,Mangrove jack,NA,NA,NA,NA,NA,NA,NA,NA,NA,NA,NA,24,0,24,NA,30,0,None,NA,1975,6330,Lighthouse,Male,1m1f,4,C,BR528,NA
84,Nicole,10/03/2020,NA,Nicole,Tantabiddi,Mesa,11,No,0,11,0,1,No,113.9270034,-22.0041681,113.9270983,-22.00414119,10/03/2020,NA,NA,NA,NA,NA,NA,NA,NA,NA,NA,NA,NA,NA,NA,NA,NA,NA,NA,Swimming,16:30,17:30,17:00:00,17,01:00:00,1,NA,Access,NA,0,3,3,NA,30,0,None,NA,1973,6210,NA,Male,1m1f2k,NA,NA,NA,NA
10,Nicole,10/04/2020,NA,Nicole,Tantabiddi,LakesideSnorkling,5,No,0,2,0,1,No,113.9125,-22.03531349,113.9125266,-22.03547945,10/04/2020,NA,NA,NA,NA,NA,NA,NA,NA,NA,NA,NA,NA,NA,NA,NA,NA,NA,NA,Snorkling,12:00,15:00,13:30:00,13.5,03:00:00,3,NA,Weather,NA,0,12,12,NA,8,0,None,NA,1974,6173,Exmouth,Male,2m2f3k,NA,NA,NA,NA
198,Nicole,10/01/2020,NA,Nicole,Bundegi,BundegiBeach,5,No,0,5,0,1,No,114.1792248,-21.82564785,114.07301,-21.827013,10/01/2020,Casting,Bait,11:00,12:30,11:45,11.75,01:30:00,1.5,3,0,0,NA,0,NA,NA,NA,NA,ActivityChange,NA,NA,NA,NA,NA,NA,NA,NA,NA,NA,0,12,0,NA,2,0,None,NA,1979,6028,Exmouth,Male,1m2k,NA,NA,NA,NA
203,Nicole,10/04/2020,NA,Nicole,Tantabiddi,LakesideSnorkling,9,No,0,9,0,0,Yes,113.9125467,-22.03537736,114.013715,-21.853979,10/04/2020,NA,NA,NA,NA,NA,NA,NA,NA,NA,NA,NA,NA,NA,NA,NA,NA,NA,NA,TurtleSpot,NA,NA,NA,NA,NA,NA,NA,NA,NA,0,12,12,NA,44,0,None,NA,1976,6280,Lighthouse,Male,1m1f2k,NA,NA,NA,Went to check out surf but found turtles
57,Nicole,10/01/2020,NA,Nicole,Tantabiddi,Turquoise Bay 1,14,No,0,14,1,3,No,113.8859618,-22.0984762,114.133701,-21.969277,10/01/2020,NA,NA,NA,NA,NA,NA,NA,NA,NA,NA,NA,NA,NA,NA,NA,NA,NA,NA,Walking,06:30,08:13:00,07:21:30,7.358333333,01:43:00,1.716666667,NA,Quiet,Other,0,40,40,NA,32,0,OW,NA,1988,6239,Exmouth,Female,1f3k,NA,NA,NA,To collect sea glass
78,Nicole,10/01/2020,NA,Nicole,Bundegi,BundegiBeach,5,No,0,5,0,0,Yes,114.1779078,-21.82637754,114.177339,-21.82679622,10/01/2020,Casting,Bait,16:30,16:50,16:40,16.67,00:20:00,0.33,NA,0,0,NA,0,NA,NA,NA,NA,NA,Relaxing,NA,NA,NA,NA,NA,NA,NA,Fishing,NA,0,365,365,NA,2,0,None,NA,1975,6050,Lighthouse,Female,1m1f1k,NA,NA,NA,No end time 
4,Nicole,10/02/2020,NA,Gabby,Exmouth,ExBR,10,Yes,10,10,0,0,Yes,114.1385297,-21.95475038,114.2375648,-22.00550997,10/02/2020,NA,NA,NA,NA,NA,NA,NA,NA,NA,NA,NA,NA,NA,NA,NA,NA,NA,NA,Swimming,11:30,16:30,14:00:00,14,05:00:00,5,NA,Megafauna,EndOfDay,0,0,0,NA,30,0,None,NA,1969,6158,Exmouth,Male,1m2k,5,F,NA,Also choose site because eit was sheltered
12,Nicole,10/03/2020,NA,Sam,Tantabiddi,Turquoise Bay 1,14,Yes,7,7,0,0,Yes,113.9787902,-21.91371097,113.875689,-22.132361,10/03/2020,NA,NA,NA,NA,NA,NA,NA,NA,NA,NA,NA,NA,NA,NA,NA,NA,NA,NA,Snorkling,09:30,11:00,10:15:00,10.25,01:30:00,1.5,NA,Weather,ActivityChange,0,0,0,NA,0,0,None,NA,1982,6525,YardieHomestead,Female,NA,NA,NA,NA,"8 families, 21 kids, 12 adults "
63,Nicole,10/01/2020,NA,Nicole,Tantabiddi,Turquoise Bay 1,4,No,0,4,0,0,No,113.885778,-22.09921381,114.1391985,-21.94868731,10/01/2020,NA,NA,NA,NA,NA,NA,NA,NA,NA,NA,NA,NA,NA,NA,NA,NA,NA,NA,Swimming,07:30,08:30,08:00:00,8,01:00:00,1,NA,Access,BetterSite,0,0,0,NA,0,0,OW,NA,1986,6107,Exmouth,Female,1f4k,NA,NA,NA,Kid friendly site
80,Nicole,10/02/2020,NA,Gabby,Tantabiddi,OysterStacks,14,No,0,14,0,0,Yes,113.8787748,-22.13074101,113.8810201,-22.1292117,10/02/2020,NA,NA,NA,NA,NA,NA,NA,NA,NA,NA,NA,NA,NA,NA,NA,NA,NA,NA,Snorkling,10:00,NA,10:00:00,10,NA,NA,NA,Biodiveristy,NA,0,0,0,NA,0,0,None,NA,1985,6018,NA,Female,2f,NA,NA,NA,NA
91,Nicole,10/02/2020,NA,Sam,Tantabiddi,OspreyBay,8,No,0,8,0,0,No,113.8406992,-22.23761903,113.875689,-22.132361,10/02/2020,NA,NA,NA,NA,NA,NA,NA,NA,NA,NA,NA,NA,NA,NA,NA,NA,NA,NA,Snorkling,10:00,14:30,12:15:00,12.25,04:30:00,4.5,NA,NA,Necessity,0,0,0,0,0,0,None,NA,1983,6058,YardieHomestead,Female,1m1f2k,NA,NA,NA,Necessity: feed kids 
102,Nicole,10/02/2020,NA,Sam,Tantabiddi,SandyBay,8,No,0,8,0,0,No,113.8430215,-22.23189271,113.8431368,-22.231722,10/02/2020,NA,NA,NA,NA,NA,NA,NA,NA,NA,NA,NA,NA,NA,NA,NA,NA,NA,NA,Relaxing,08:00,14:00,11:00:00,11,06:00:00,6,NA,NaturalSurroundings,ActivityChange,0,0,0,NA,20,0,None,NA,1971,6020,NingalooLodge,Male,2m2f2k,NA,NA,NA,NA
116,Nicole,10/01/2020,NA,Gabby,Bundegi,BunBR,9,No,0,9,0,0,No,114.1710761,-21.83543714,114.1711025,-21.83532357,10/01/2020,NA,NA,NA,NA,NA,NA,NA,NA,NA,NA,NA,NA,NA,NA,NA,NA,NA,NA,JetSki,10:00,16:00,13:00:00,13,06:00:00,6,NA,Weather,EndOfDay,0,0,0,NA,0,0,None,NA,1978,NA,Exmouth,Male,1m,NA,NA,NA,NA
119,Nicole,10/02/2020,NA,Gabby,Tantabiddi,OysterStacks,8,No,0,8,0,0,No,113.879171,-22.13123039,113.8789069,-22.12866115,10/02/2020,NA,NA,NA,NA,NA,NA,NA,NA,NA,NA,NA,NA,NA,NA,NA,NA,NA,NA,NA,10:00,NA,10:00:00,10,NA,NA,NA,Biodiveristy,NA,0,0,0,NA,0,0,None,NA,1982,6027,Exmouth,Female,1f1k,NA,NA,NA,Cant remember # times in 2019; No end time 
121,Nicole,10/04/2020,NA,Gabby,Tantabiddi,LakesideSnorkling,11,No,0,11,0,1,No,113.9137884,-22.03527567,113.9138463,-22.0345917,10/04/2020,NA,NA,NA,NA,NA,NA,NA,NA,NA,NA,NA,NA,NA,NA,NA,NA,NA,NA,Relaxing,09:00,NA,09:00:00,9,NA,NA,NA,NaturalSurroundings,NA,0,0,0,NA,0,0,None,NA,NA,6210,NManduCamp,Female,2f4k,NA,NA,NA,NA
126,Nicole,10/01/2020,NA,Nicole,Tantabiddi,Turquoise Bay 2,4,No,0,4,0,0,No,113.8871786,-22.09800409,113.8878469,-22.09795091,10/01/2020,NA,NA,NA,NA,NA,NA,NA,NA,NA,NA,NA,NA,NA,NA,NA,NA,NA,NA,Snorkling,09:30,10:52,10:11:00,10.18333333,01:22:00,1.366666667,NA,Explore,NA,0,0,0,NA,0,0,None,NA,1980,6065,Exmouth,Female,1m2f,NA,NA,NA,Kids in water - not sure how many; No end time  
134,Nicole,10/01/2020,NA,Nicole,Bundegi,BundegiBeach,6,No,0,6,0,0,Yes,114.1790747,-21.82574118,114.1788752,-21.82590015,10/01/2020,Casting,Bait,13:40,15:40,14:40,14.67,02:00:00,2,NA,0,0,NA,0,NA,NA,NA,NA,NA,Snorkling,NA,NA,NA,NA,NA,NA,NA,Access,NA,0,0,0,NA,0,0,None,NA,1974,6062,Exmouth,Female,1m1f3k,NA,NA,NA,Holiday fishers only 
135,Nicole,10/02/2020,NA,Sam,Tantabiddi,OspreyBay,8,No,0,8,0,0,No,113.8406992,-22.23761903,113.8398462,-22.237491,10/02/2020,NA,NA,NA,NA,NA,NA,NA,NA,NA,NA,NA,NA,NA,NA,NA,NA,NA,NA,Snorkling,10:00,12:30,11:15:00,11.25,02:30:00,2.5,NA,Weather,Necessity,0,0,0,NA,0,0,None,NA,NA,NA,NA,NA,NA,NA,NA,NA,Necessity: Lunch
137,Nicole,10/02/2020,NA,Sam,Tantabiddi,SandyBay,10,No,0,10,0,0,No,113.8426164,-22.2325573,113.8412793,-22.23183178,10/02/2020,NA,NA,NA,NA,NA,NA,NA,NA,NA,NA,NA,NA,NA,NA,NA,NA,NA,NA,Walking,08:00,10:00,09:00:00,9,02:00:00,2,NA,Access,ActivityChange,0,0,0,0,0,0,None,NA,1979,6012,OspreyCamp,Female,1m1f2k,NA,NA,NA,NA
139,Nicole,10/02/2020,NA,Sam,Tantabiddi,SandyBay,14,Yes,7,14,1,2,No,113.8388089,-22.23810979,114.07254,-21.82498,10/02/2020,NA,NA,NA,NA,NA,NA,NA,NA,NA,NA,NA,NA,NA,NA,NA,NA,NA,NA,Surfing,09:00,18:30,13:45:00,13.75,09:30:00,9.5,NA,Other,EndOfDay,0,0,0,250,2,20,None,0,1970,6169,YardieHomestead,Male,1m1f2k,NA,NA,NA,NA
146,Nicole,10/02/2020,NA,Sam,Tantabiddi,OspreyBay,11,No,0,11,0,0,Yes,113.8398222,-22.23784436,113.8402821,-22.23852826,10/02/2020,NA,NA,NA,NA,NA,NA,NA,NA,NA,NA,NA,NA,NA,NA,NA,NA,NA,NA,Relaxing,10:45,12:30,11:37:30,11.625,01:45:00,1.75,NA,Access,Necessity,0,0,0,NA,0,0,None,NA,NA,NA,NA,NA,NA,NA,NA,NA,Necessity: Lunch
156,Nicole,10/01/2020,NA,Gabby,Bundegi,BunBR,9,Yes,9,9,0,0,No,114.1708455,-21.83614682,114.3713519,-21.66220225,10/01/2020,NA,NA,NA,NA,NA,NA,NA,NA,NA,NA,NA,NA,NA,NA,NA,NA,NA,NA,Snorkling,10:00,14:30,12:15:00,12.25,04:30:00,4.5,NA,Biodiveristy,NA,0,0,0,2,0,0,None,NA,1990,6725,Exmouth,Female,1m1f,7,NA,NA,NA
158,Nicole,10/02/2020,NA,Gabby,Exmouth,ExBR,7,Yes,5,7,0,0,No,114.1471439,-21.95736981,114.1413509,-21.9551443,10/02/2020,NA,NA,NA,NA,NA,NA,NA,NA,NA,NA,NA,NA,NA,NA,NA,NA,NA,NA,JetSki,14:00,NA,14:00:00,14,NA,NA,NA,Weather,EndOfDay,0,0,0,NA,0,0,None,NA,1978,6210,Exmouth,Male,1m1f,NA,NA,NA,"Jetski; WasnŠ—Èt static, just drove around gulf"
164,Nicole,10/03/2020,NA,Sam,Tantabiddi,Turquoise Bay 1,14,Yes,7,7,0,0,Yes,113.9787902,-21.91371097,113.9206928,-22.02512892,10/03/2020,NA,NA,NA,NA,NA,NA,NA,NA,NA,NA,NA,NA,NA,NA,NA,NA,NA,NA,Snorkling,NA,NA,NA,NA,NA,NA,NA,Rec,NA,0,0,0,NA,0,0,None,NA,NA,NA,NA,NA,NA,NA,NA,NA,Went because visitor centre reccommended it. Havent git in water yet but going to snorkel. 
168,Nicole,10/03/2020,NA,Nicole,Tantabiddi,Mesa,11,No,0,11,0,1,No,113.9270034,-22.0041681,113.9270912,-22.00413642,10/01/2020,Casting,Lure,06:00,07:00,06:30,6.5,01:00:00,1,1,0,1,1,0,1,0,0,Flathead,End of day,NA,NA,NA,NA,NA,NA,NA,NA,NA,NA,0,0,0,NA,0,0,None,NA,NA,NA,NA,NA,NA,NA,NA,NA,NA
175,Nicole,10/02/2020,NA,Sam,Tantabiddi,SandyBay,14,Yes,7,14,1,2,No,113.8388089,-22.23810979,113.8430276,-22.23152691,10/02/2020,NA,NA,NA,NA,NA,NA,NA,NA,NA,NA,NA,NA,NA,NA,NA,NA,NA,NA,WindSport,09:30,14:00,11:45:00,11.75,04:30:00,4.5,NA,Surf,ActivityChange,0,0,0,NA,0,0,None,NA,NA,NA,NA,NA,NA,NA,NA,NA,Kiting
178,Nicole,10/01/2020,NA,Gabby,Bundegi,BunBR,Resident,NA,NA,NA,NA,NA,NA,114.1708578,-21.83572568,114.2607541,-21.8859392,10/01/2020,Demersal,Bait,13:00,15:00,14:00,14,02:00:00,2,NA,3,0,3,0,3,0,0,Spangos x2 and a threadfin,End of day,NA,NA,NA,NA,NA,NA,NA,NA,NA,NA,0,0,0,NA,0,0,None,NA,NA,NA,NA,NA,NA,NA,NA,NA,NA
180,Nicole,10/03/2020,NA,Gabby,Tantabiddi,Turquoise Bay 2,12,No,0,12,0,0,No,113.8893932,-22.09890816,113.8900049,-22.09845736,10/03/2020,NA,NA,NA,NA,NA,NA,NA,NA,NA,NA,NA,NA,NA,NA,NA,NA,NA,NA,Relaxing,12:00,NA,12:00:00,12,NA,NA,NA,Weather,EndOfDay,0,0,0,NA,0,0,None,NA,1980,6156,NManduCamp,Female,1m1f3k,NA,NA,NA,NA
183,Nicole,10/04/2020,NA,Nicole,Tantabiddi,LakesideSnorkling,14,No,0,14,1,1,No,113.9123079,-22.03587675,113.9123182,-22.03588677,10/04/2020,NA,NA,NA,NA,NA,NA,NA,NA,NA,NA,NA,NA,NA,NA,NA,NA,NA,NA,Snorkling,13:30,12:30,13:00:00,13,-01:00:00,-1,NA,Biodiveristy,Necessity,0,0,0,NA,0,0,None,NA,NA,NA,NA,NA,NA,NA,NA,NA,Necessity: hungry and no food 
186,Nicole,10/01/2020,NA,Nicole,Bundegi,BundegiBeach,Resident,No,NA,NA,NA,NA,NA,114.1781392,-21.82629594,114.1780869,-21.82637318,10/01/2020,NA,NA,NA,NA,NA,NA,NA,NA,NA,NA,NA,NA,NA,NA,NA,NA,NA,NA,Swimming,15:30,16:30,16:00:00,16,01:00:00,1,NA,Access,Necessity,0,0,0,NA,0,0,Instructor,NA,1968,NA,NA,Female,1f1k,NA,NA,NA,Necessity: time constraints
187,Nicole,10/04/2020,NA,Sam,Bundegi,Trisel,13,No,0,13,0,0,No,114.0383569,-21.84685662,114.071492,-21.827844,10/04/2020,Casting,Bait,10:30,11:30,11:00,11,01:00:00,1,2.5,0,NA,NA,0,NA,NA,NA,NA,NA,NA,NA,NA,NA,NA,NA,NA,NA,NA,NA,0,0,0,NA,0,0,None,NA,NA,NA,NA,NA,NA,NA,NA,NA,NA
188,Nicole,10/02/2020,NA,Sam,Tantabiddi,OspreyBay,7,No,0,7,0,1,No,113.8400306,-22.23808846,113.884509,-22.100206,10/02/2020,NA,NA,NA,NA,NA,NA,NA,NA,NA,NA,NA,NA,NA,NA,NA,NA,NA,NA,Snorkling,10:00,11:15,10:37:30,10.625,01:15:00,1.25,NA,Biodiveristy,EndOfDay,0,0,0,NA,0,0,None,NA,1960,6330,YardieCamp,Male,1m1f2k,NA,NA,NA,NA
189,Nicole,10/01/2020,NA,Gabby,Bundegi,BunBR,10,Yes,7,10,0,0,No,114.1709454,-21.83555681,114.2698706,-21.87761533,10/01/2020,Spearing,NA,12:30,13:00,12:45,12.75,00:30:00,0.5,NA,0,0,NA,0,NA,NA,NA,NA,Necessity,NA,NA,NA,NA,NA,NA,NA,NA,NA,NA,0,0,0,NA,0,0,None,NA,NA,NA,NA,NA,NA,NA,NA,NA,Necessity: Saw a shark 
193,Nicole,10/02/2020,NA,Gabby,Tantabiddi,OysterStacks,12,No,0,12,0,0,No,113.9524063,-22.15765416,113.8787088,-22.13257616,10/02/2020,NA,NA,NA,NA,NA,NA,NA,NA,NA,NA,NA,NA,NA,NA,NA,NA,NA,NA,Snorkling,09:30,NA,09:30:00,9.5,NA,NA,NA,Biodiveristy,NA,0,0,0,52,0,0,None,NA,1977,6163,Lighthouse,Female,2m2f6k,NA,NA,NA,No end time 
195,Nicole,10/04/2020,NA,Gabby,Tantabiddi,LakesideSnorkling,12,No,0,12,0,0,Yes,113.9152497,-22.03371997,113.913991,-22.03500745,10/04/2020,NA,NA,NA,NA,NA,NA,NA,NA,NA,NA,NA,NA,NA,NA,NA,NA,NA,NA,Relaxing,12:00,NA,12:00:00,12,NA,NA,NA,NaturalSurroundings,NA,0,0,0,NA,0,0,None,NA,1979,6012,TulkiCamp,Female,2m3f9k,NA,NA,NA,NA
196,Nicole,10/03/2020,NA,Gabby,Tantabiddi,Turquoise Bay 2,10,No,0,10,0,0,No,113.8894645,-22.09824249,113.8896011,-22.09858549,10/03/2020,NA,NA,NA,NA,NA,NA,NA,NA,NA,NA,NA,NA,NA,NA,NA,NA,NA,NA,Snorkling,14:00,NA,14:00:00,14,NA,NA,NA,Biodiveristy,NA,0,0,0,NA,0,0,None,NA,1988,6100,Lighthouse,Male,2m,NA,NA,NA,No end time 
199,Nicole,10/03/2020,NA,Sam,Tantabiddi,Turquoise Bay 2,10,No,0,8,0,0,Yes,113.9221449,-22.02220483,113.9222851,-22.037114,10/03/2020,NA,NA,NA,NA,NA,NA,NA,NA,NA,NA,NA,NA,NA,NA,NA,NA,NA,NA,Snorkling,12:00,12:45,12:22:30,12.375,00:45:00,0.75,NA,Biodiveristy,Weather,0,0,0,0,0,0,Rescue,NA,1986,6164,RACHolPark,Female,1m1f1k,NA,NA,NA,NA
200,Nicole,10/01/2020,NA,Nicole,Tantabiddi,Turquoise Bay 1,5,No,0,5,0,0,Yes,113.8856454,-22.10012983,113.885794,-22.09914646,10/01/2020,NA,NA,NA,NA,NA,NA,NA,NA,NA,NA,NA,NA,NA,NA,NA,NA,NA,NA,Relaxing,10:00,10:10,10:05:00,10.08333333,00:10:00,0.166666667,NA,Rec,NA,0,0,0,NA,0,0,None,NA,1980,6050,SalSalis,Female,2f,NA,NA,NA,No end time 
202,Nicole,10/02/2020,NA,Nicole,Tantabiddi,TantBR,7,Yes,2,7,0,0,No,113.9784115,-21.91236706,113.9496831,-21.88002507,10/02/2020,Demersal,NA,08:30,11:00,09:45,9.75,02:30:00,2.5,5,0,6,6,0,6,0,0,"Cod, snapper",Weather,NA,NA,NA,NA,NA,NA,NA,NA,NA,NA,0,0,0,NA,30,0,AOW,NA,1978,6025,Lighthouse,Female,1m1f,4,E,G1819,Just bought boat so no previous average 
208,Nicole,10/02/2020,NA,Sam,Tantabiddi,SandyBay,10,Yes,1,10,1,1,No,113.8423628,-22.23257863,114.362515,-21.652547,10/02/2020,NA,NA,NA,NA,NA,NA,NA,NA,NA,NA,NA,NA,NA,NA,NA,NA,NA,NA,Snorkling,13:00,14:00,13:30:00,13.5,01:00:00,1,NA,Biodiveristy,Weather,0,0,0,NA,0,0,None,NA,NA,NA,NA,NA,NA,NA,NA,NA,NA
209,Nicole,10/01/2020,NA,Nicole,Tantabiddi,Turquoise Bay 1,4,No,0,4,0,0,No,113.885778,-22.09921381,113.8857838,-22.09922886,10/01/2020,NA,NA,NA,NA,NA,NA,NA,NA,NA,NA,NA,NA,NA,NA,NA,NA,NA,NA,Snorkling,09:00,09:30,09:15:00,9.25,00:30:00,0.5,NA,Biodiveristy,NA,0,0,0,NA,0,0,None,NA,NA,NA,NA,NA,NA,NA,NA,NA,No end time 
212,Nicole,10/04/2020,NA,Nicole,Tantabiddi,LakesideSnorkling,9,No,0,9,0,0,Yes,113.9125467,-22.03537736,113.9126298,-22.0351073,10/04/2020,NA,NA,NA,NA,NA,NA,NA,NA,NA,NA,NA,NA,NA,NA,NA,NA,NA,NA,Snorkling,13:15,15:00,14:07:30,14.125,01:45:00,1.75,NA,Biodiveristy,Necessity,0,0,0,NA,0,0,None,NA,NA,NA,NA,NA,NA,NA,NA,NA,Reccommended for bidiveristy; No end time  
214,Nicole,10/03/2020,NA,Sam,Tantabiddi,Turquoise Bay 1,14,No,0,10,0,1,Yes,113.9216127,-22.02258577,113.9214921,-22.02194879,10/03/2020,NA,NA,NA,NA,NA,NA,NA,NA,NA,NA,NA,NA,NA,NA,NA,NA,NA,NA,Snorkling,15:00,17:00,16:00:00,16,02:00:00,2,NA,Biodiveristy,EndOfDay,0,0,0,NA,0,0,None,NA,1983,6157,NingalooLodge,Male,1m1f2k,NA,NA,NA,NA
216,Nicole,10/01/2020,NA,Nicole,Tantabiddi,Turquoise Bay 1,9,No,0,9,0,0,Yes,113.885663,-22.10035794,113.8856779,-22.1003333,10/01/2020,NA,NA,NA,NA,NA,NA,NA,NA,NA,NA,NA,NA,NA,NA,NA,NA,NA,NA,Snorkling,09:00,10:00,09:30:00,9.5,01:00:00,1,NA,Biodiveristy,NA,0,0,0,NA,0,0,AOW,75,1993,6019,NKurrajong,Female,1m1f,NA,NA,NA,No end time 
220,Nicole,10/03/2020,NA,Sam,Tantabiddi,Turquoise Bay 2,10,No,0,8,0,0,Yes,113.9221449,-22.02220483,113.921855,-22.0221451,10/03/2020,NA,NA,NA,NA,NA,NA,NA,NA,NA,NA,NA,NA,NA,NA,NA,NA,NA,NA,Snorkling,15:00,18:00,16:30:00,16.5,03:00:00,3,NA,Biodiveristy,EndOfDay,0,0,0,NA,0,0,None,NA,NA,NA,NA,NA,NA,NA,NA,NA,NA
221,Nicole,10/01/2020,NA,Gabby,Bundegi,BunBR,10,Yes,7,10,0,0,No,114.1709454,-21.83555681,114.2815613,-21.87918764,10/01/2020,Spearing,NA,09:30,11:30,10:30,10.5,02:00:00,2,NA,2,0,2,0,2,0,0,Emperor,Explore,NA,NA,NA,NA,NA,NA,NA,NA,NA,NA,0,0,0,NA,40,0,None,NA,1980,6168,Lighthouse,Male,2m,4,F,NA,NA
225,Nicole,10/04/2020,NA,Nicole,Bundegi,Trisel,20,No,0,20,0,1,No,114.0379273,-21.84649088,114.0386467,-21.84644189,10/04/2020,NA,NA,NA,NA,NA,NA,NA,NA,NA,NA,NA,NA,NA,NA,NA,NA,NA,NA,Snorkling,11:30,12:30,12:00:00,12,01:00:00,1,NA,Weather,NA,0,0,0,NA,0,0,None,NA,1979,6011,Exmouth,Female,2m2f5k,NA,NA,NA,No end time 
228,Nicole,10/01/2020,NA,Nicole,Tantabiddi,Turquoise Bay 1,14,No,0,14,1,3,No,113.8859618,-22.0984762,113.8869578,-22.09788532,10/01/2020,NA,NA,NA,NA,NA,NA,NA,NA,NA,NA,NA,NA,NA,NA,NA,NA,NA,NA,Snorkling,09:50,10:27,10:08:30,10.14166667,00:37:00,0.616666667,NA,Biodiveristy,NA,0,0,0,NA,0,0,None,NA,NA,NA,NA,NA,NA,NA,NA,NA,Kid friendly site; No end time 
236,Nicole,10/02/2020,NA,Nicole,Tantabiddi,TantBR,Resident,Yes,NA,NA,NA,NA,NA,113.9783434,-21.91235051,113.9801475,-21.89569061,9/30/2020,NA,NA,NA,NA,NA,NA,NA,NA,NA,NA,NA,NA,NA,NA,NA,NA,NA,NA,Snorkling,09:00,12:00,10:30:00,10.5,03:00:00,3,NA,NaturalSurroundings,Weather,0,0,0,NA,0,0,None,NA,NA,NA,NA,NA,NA,NA,NA,NA,Come last year and wanted to come back again 
241,Nicole,10/02/2020,NA,Sam,Tantabiddi,OspreyBay,14,No,0,14,0,2,No,113.840453,-22.23789107,113.8396203,-22.23793778,10/02/2020,NA,NA,NA,NA,NA,NA,NA,NA,NA,NA,NA,NA,NA,NA,NA,NA,NA,NA,NA,NA,NA,NA,NA,NA,NA,NA,NA,NA,0,0,0,NA,0,0,None,NA,NA,NA,NA,NA,NA,NA,NA,NA,NA
246,Nicole,10/02/2020,NA,Sam,Tantabiddi,SandyBay,10,No,0,10,1,1,No,113.8433239,-22.23030516,114.107781,-21.803307,10/02/2020,NA,NA,NA,NA,NA,NA,NA,NA,NA,NA,NA,NA,NA,NA,NA,NA,NA,NA,Surfing,17:50,19:00,18:25:00,18.41666667,01:10:00,1.166666667,NA,Weather,Weather,0,0,0,NA,0,0,None,NA,NA,NA,NA,NA,NA,NA,NA,NA,NA
249,Nicole,10/01/2020,NA,Nicole,Tantabiddi,Turquoise Bay 1,10,No,0,10,0,0,No,113.8857852,-22.09924118,113.8856626,-22.10043195,10/01/2020,NA,NA,NA,NA,NA,NA,NA,NA,NA,NA,NA,NA,NA,NA,NA,NA,NA,NA,Snorkling,09:00,09:50,09:25:00,9.416666667,00:50:00,0.833333333,NA,Biodiveristy,NA,0,0,0,NA,0,20,OW,NA,1991,6065,Exmouth,Female,2m2f3k,NA,NA,NA,Only snorkel in holidays; No end time  
250,Nicole,10/01/2020,NA,Nicole,Bundegi,BundegiBeach,5,No,0,5,0,1,No,114.1792248,-21.82564785,114.1791666,-21.82573716,10/01/2020,Casting,Bait,14:50,15:30,15:10,15.17,00:40:00,0.67,NA,0,0,NA,0,NA,NA,NA,NA,NA,NA,NA,NA,NA,NA,NA,NA,NA,NA,NA,0,0,0,NA,0,0,None,NA,NA,NA,NA,NA,NA,NA,NA,NA,No end time 
251,Nicole,10/01/2020,NA,Nicole,Tantabiddi,Turquoise Bay 1,5,No,0,5,0,1,Yes,113.885812,-22.09896927,113.8859448,-22.09852528,10/01/2020,NA,NA,NA,NA,NA,NA,NA,NA,NA,NA,NA,NA,NA,NA,NA,NA,NA,NA,Snorkling,945,10:20,17:10:00,11345.16667,-13:40:00,-22669.66667,NA,Biodiveristy,NA,0,0,0,NA,0,0,None,NA,1972,6016,YardieHomestead,Male,1m1k,NA,NA,NA,No end time 
253,Nicole,10/02/2020,NA,Sam,Tantabiddi,OspreyBay,11,No,0,11,0,0,Yes,113.8398222,-22.23784436,113.884509,-22.100206,10/02/2020,NA,NA,NA,NA,NA,NA,NA,NA,NA,NA,NA,NA,NA,NA,NA,NA,NA,NA,Snorkling,10:00,14:30,12:15:00,12.25,04:30:00,4.5,NA,Weather,EndOfDay,0,0,0,NA,0,0,None,NA,1976,6153,OspreyCamp,Female,2m2f3k,NA,NA,NA,NA
254,Nicole,10/04/2020,NA,Nicole,Tantabiddi,LakesideSnorkling,8,No,0,8,1,0,Yes,113.9123124,-22.03592914,113.9120003,-22.03679755,10/04/2020,NA,NA,NA,NA,NA,NA,NA,NA,NA,NA,NA,NA,NA,NA,NA,NA,NA,NA,Snorkling,11:00,14:40,12:50:00,12.83333333,03:40:00,3.666666667,NA,Biodiveristy,BetterSite,0,0,0,NA,0,0,None,NA,1976,6150,Exmouth,Female,1m1f2k,NA,NA,NA,"Saw turtles, sharks and rays "
261,Nicole,09/01/2020,NA,Sam,Bundegi,LHBaySZSouth,120,No,0,120,0,1,No,114.1539025,-21.79157999,114.153941,-21.79244015,09/01/2020,Casting,Bait,16:30,18:00,17:15,17.25,01:30:00,1.5,NA,NA,NA,NA,NA,NA,NA,NA,NA,NA,NA,NA,NA,NA,NA,NA,NA,NA,NA,EndOfDay,0,0,0,NA,0,0,None,NA,NA,NA,NA,NA,NA,NA,NA,NA,Comes up for between 1-4 moths every year
262,Nicole,10/01/2020,NA,Nicole,Tantabiddi,Turquoise Bay 2,10,No,0,10,0,2,No,113.8873394,-22.09790028,113.8874267,-22.09794743,10/01/2020,NA,NA,NA,NA,NA,NA,NA,NA,NA,NA,NA,NA,NA,NA,NA,NA,NA,NA,Snorkling,09:00,11:23,10:11:30,10.19166667,02:23:00,2.383333333,NA,Biodiveristy,NA,0,0,0,NA,0,0,None,NA,1982,6018,MesaCamp,Female,2f,NA,NA,NA,Kid friendly site; Kids in wtaer - cant tell which ones; No end time 
269,Nicole,10/04/2020,NA,Sam,Bundegi,LHeast,14,No,0,14,0,1,No,114.1246033,-21.80646886,114.1245668,-21.80649305,10/04/2020,NA,NA,NA,NA,NA,NA,NA,NA,NA,NA,NA,NA,NA,NA,NA,NA,NA,NA,Walking,10:00,11:00,10:30:00,10.5,01:00:00,1,NA,Weather,ActivityChange,0,0,0,NA,0,0,AOW,130,1968,6019,ExmouthEscape,Male,1m1f2k,NA,NA,NA,NA
271,Nicole,10/01/2020,NA,Nicole,Tantabiddi,Turquoise Bay 2,7,No,0,7,0,0,Yes,113.8858656,-22.10098563,113.887173,-22.09786801,10/01/2020,NA,NA,NA,NA,NA,NA,NA,NA,NA,NA,NA,NA,NA,NA,NA,NA,NA,NA,Snorkling,08:30,11:18,09:54:00,9.9,02:48:00,2.8,NA,Biodiveristy,NA,0,0,0,NA,0,0,OW,NA,1982,6012,MesaCamp,Female,3m3f,NA,NA,NA,Kids in water; No end time  
272,Nicole,10/01/2020,NA,Gabby,Bundegi,BunBR,8,Yes,8,8,0,1,No,114.1706939,-21.83579855,114.188889,-21.54447857,10/01/2020,Demersal,Bait,11:00,15:00,13:00,13,04:00:00,4,40,5,NA,5,3,8,38,0.38,"Spangaled emporer, 1 cod, 1 red emperor, 1 snapper, 1 rosie",BetterSite,NA,NA,NA,NA,NA,NA,NA,NA,NA,NA,0,0,0,NA,0,0,None,NA,NA,NA,NA,NA,NA,NA,NA,NA,Trolled as well
8,Nicole,10/02/2020,NA,Nicole,Tantabiddi,TantBR,7,Yes,1,7,0,0,No,113.9782151,-21.91231669,113.9540961,-21.87848741,10/02/2020,Demersal,Both,09:00,11:30,10:15,10.25,02:30:00,2.5,40,0,2,2,0,2,0,0,"Trevally,",Weather,NA,NA,NA,NA,NA,NA,NA,NA,NA,NA,1,4,5,NA,20,0,None,NA,1965,6225,Lighthouse,Male,1m1f2k,4,F,Rental,NA
95,Nicole,10/02/2020,NA,Gabby,Tantabiddi,OysterStacks,9,No,0,9,0,0,No,113.8779163,-22.13043515,113.8794352,-22.12982343,10/02/2020,NA,NA,NA,NA,NA,NA,NA,NA,NA,NA,NA,NA,NA,NA,NA,NA,NA,NA,Snorkling,10:00,NA,10:00:00,10,NA,NA,NA,Biodiveristy,NA,2,0,2,100,0,0,None,NA,1973,6028,Exmouth,Male,1m2k,NA,NA,NA,No end time 
108,Nicole,10/01/2020,NA,Nicole,Tantabiddi,Turquoise Bay 1,4,No,0,4,0,0,Yes,113.8858681,-22.09875536,113.8859458,-22.09848232,10/01/2020,NA,NA,NA,NA,NA,NA,NA,NA,NA,NA,NA,NA,NA,NA,NA,NA,NA,NA,Snorkling,10:30,11:06,10:48:00,10.8,00:36:00,0.6,NA,Biodiveristy,NA,3,20,23,NA,50,0,None,NA,1942,6107,NA,Male,NA,NA,NA,NA,Big family party in water - not sure how many; No end time  
21,Nicole,10/04/2020,NA,Sam,Bundegi,LHeast,5,No,0,5,0,0,Yes,114.1243983,-21.80654304,114.1245161,-21.80635418,10/04/2020,Casting,Bait,10:15,11:30,10:52,10.88,01:15:00,1.25,3,NA,NA,NA,0,NA,NA,NA,NA,End of day,NA,NA,NA,NA,NA,NA,NA,NA,NA,NA,3,0,3,NA,43,0,OW,NA,1977,6069,NingalooLodge,Male,NA,NA,NA,NA,2 families with kids 
100,Nicole,10/03/2020,NA,Gabby,Exmouth,ExmouthYacht,11,Yes,1,11,1,1,No,114.1392441,-21.94841406,114.1389711,-21.94881738,10/03/2020,NA,NA,NA,NA,NA,NA,NA,NA,NA,NA,NA,NA,NA,NA,NA,NA,NA,NA,WindSport,09:45,11:45,10:45:00,10.75,02:00:00,2,NA,Weather,ActivityChange,3,0,3,182,4,18,Rescue,24,1992,6012,YardieHomestead,Male,NA,NA,NA,NA,"Kiting: In a big group of 20 kiters, 16 adukts and 4 kids. "
143,Nicole,10/02/2020,NA,Sam,Tantabiddi,SandyBay,10,Yes,1,10,1,1,No,113.8423628,-22.23257863,114.016696,-21.855713,10/02/2020,NA,NA,NA,NA,NA,NA,NA,NA,NA,NA,NA,NA,NA,NA,NA,NA,NA,NA,WindSport,16:30,17:30,17:00:00,17,01:00:00,1,NA,Weather,EndOfDay,4,0,4,52,1,25,None,NA,1985,6164,YardieHomestead,Female,2m2f,NA,NA,NA,Kiting
9,Nicole,10/03/2020,NA,Gabby,Tantabiddi,Turquoise Bay 2,14,No,0,14,0,1,No,113.8897337,-22.09787523,113.8940844,-22.10184492,10/03/2020,NA,NA,NA,NA,NA,NA,NA,NA,NA,NA,NA,NA,NA,NA,NA,NA,NA,NA,Snorkling,09:00,Now,09:00:00,9,NA,NA,NA,Weather,EndOfDay,5,0,5,NA,0,0,None,NA,1979,6330,MesaCamp,Female,1m1f2k,NA,NA,NA,NA
38,Nicole,10/01/2020,NA,Sam,Tantabiddi,TantBR,14,Yes,5,9,1,1,Yes,113.9788654,-21.91286088,113.8505076,-21.83657705,10/01/2020,NA,NA,NA,NA,NA,NA,NA,NA,NA,NA,NA,NA,NA,NA,NA,NA,NA,NA,Surfing,06:00,10:00,08:00:00,8,04:00:00,4,NA,Surf,Weather,5,0,5,80,15,20,AOW,30,1991,6010,YardieHomestead,Male,3m,4,A,NA,NA
41,Nicole,10/02/2020,NA,Sam,Tantabiddi,SandyBay,10,No,0,10,1,1,No,113.8433239,-22.23030516,113.81388,-22.31966695,10/02/2020,NA,NA,NA,NA,NA,NA,NA,NA,NA,NA,NA,NA,NA,NA,NA,NA,NA,NA,WindSport,13:00,15:00,14:00:00,14,02:00:00,2,NA,Weather,Necessity,5,0,5,300,5,31,None,NA,1985,6164,YardieHomestead,Male,1m1f,NA,NA,NA,Kiting; Necessity: exhausted and needed to take a break 
83,Nicole,10/02/2020,NA,Gabby,Exmouth,ExBR,12,Yes,8,12,0,0,Yes,114.1386264,-21.95500708,114.1988092,-21.86050201,10/02/2020,NA,NA,NA,NA,NA,NA,NA,NA,NA,NA,NA,NA,NA,NA,NA,NA,NA,NA,Swimming,08:00,NA,08:00:00,8,NA,NA,NA,Megafauna,EndOfDay,5,0,5,NA,40,0,None,NA,1964,6152,NA,Male,2m2f2k,5,F,NA,Trying to find mantas; No end time 
97,Nicole,10/02/2020,NA,Nicole,Tantabiddi,TantBR,10,Yes,2,10,0,0,No,113.9782821,-21.91234075,113.916088,-21.994316,10/02/2020,Casting,Both,09:30,10:50,10:10,10.17,01:20:00,1.33,5,0,7,7,0,7,0,0,"Rock code, spangled emp",End of day,NA,NA,NA,NA,NA,NA,NA,NA,NA,NA,5,0,5,NA,20,0,None,NA,1976,6015,MesaCamp,Male,2m1f,3,F,Rental,Had a reservation to get to. 
160,Nicole,10/02/2020,NA,Sam,Tantabiddi,SandyBay,8,No,0,8,0,0,No,113.8425835,-22.23197806,113.841915,-22.23152995,10/02/2020,NA,NA,NA,NA,NA,NA,NA,NA,NA,NA,NA,NA,NA,NA,NA,NA,NA,NA,WindSport,13:00,15:00,14:00:00,14,02:00:00,2,NA,Weather,Other,5,0,5,100,32,35,AOW,100,1970,6156,OspreyCamp,Male,2m,NA,NA,NA,Kiting
81,Nicole,10/04/2020,NA,Sam,Bundegi,Trisel,13,No,0,13,0,0,No,114.0383569,-21.84685662,114.0379232,-21.84718978,10/04/2020,Casting,Lure,NA,NA,NA,NA,NA,NA,1,NA,NA,NA,NA,NA,NA,NA,NA,NA,NA,12:00,12:45,12:22:30,12.375,00:45:00,0.75,NA,Biodiveristy,NA,6,0,6,150,50,50,OW,NA,1959,6333,Lighthouse,Male,NA,NA,NA,NA,NA
192,Nicole,10/01/2020,NA,Sam,Tantabiddi,TantBR,9,Yes,6,3,0,1,No,113.9786487,-21.91265991,113.9247706,-21.90195607,10/01/2020,Demersal,Bait,07:00,12:10,09:35,9.58,05:10:00,5.17,14,3,NA,3,2,5,40,0.4,"Coral trout, cod",Weather,NA,NA,NA,NA,NA,NA,NA,NA,NA,NA,9,0,9,0,46,0,None,NA,1974,NA,YardieHomestead,Male,NA,8,D,NA,Hates sharks? Windy weather made them leave; Perth resident not specific about postcode
131,Nicole,09/01/2020,NA,Sam,Bundegi,LHBaySZSouth,120,No,0,120,0,1,No,114.1539025,-21.79157999,114.135277,-21.803278,09/01/2020,NA,NA,NA,NA,NA,NA,NA,NA,NA,NA,NA,NA,NA,NA,NA,NA,NA,NA,Surfing,17:30,19:30,18:30:00,18.5,02:00:00,2,NA,Quiet,Necessity,10,0,10,176,65,59,None,NA,1949,6282,Exmouth,Male,1m,NA,NA,NA,Comes up for between 1-4 moths every year; Necessity: work 
89,Nicole,10/03/2020,NA,Nicole,Exmouth,ExBR,6,No,0,6,0,0,No,114.1385753,-21.95487928,114.1387786,-21.95512023,10/03/2020,Casting,Lure,08:30,10:20,09:25,9.42,01:50:00,1.83,2,0,1,1,0,1,0,0,Dont know,NA,NA,NA,NA,NA,NA,NA,NA,NA,NA,NA,12,12,24,NA,24,0,None,NA,1996,6073,GrimalStation,Female,2m1f,NA,NA,NA,Fishing off Exmouth boat ramp
85,Nicole,10/02/2020,NA,Nicole,Tantabiddi,TantBR,Resident,Yes,NA,NA,NA,NA,NA,113.9783434,-21.91235051,114.1859501,-21.82277476,10/01/2020,NA,NA,NA,NA,NA,NA,NA,NA,NA,NA,NA,NA,NA,NA,NA,NA,NA,NA,Snorkling,15:00,17:00,16:00:00,16,02:00:00,2,NA,Megafauna,Weather,12,0,12,40,20,30,DM,NA,1975,NA,NA,Male,1m,NA,NA,NA,NA
98,Nicole,10/01/2020,NA,Gabby,Bundegi,BunBR,14,Yes,9,14,0,0,No,114.1708451,-21.83560501,114.2377546,-21.5536179,10/01/2020,Demersal,Bait,09:00,16:00,12:30,12.5,07:00:00,7,NA,1,0,1,0,1,0,0,Long nose emporer,End of day,NA,NA,NA,NA,NA,NA,NA,NA,NA,NA,12,0,12,NA,48,0,None,NA,1972,6164,Exmouth,Male,3m2f,6,D,NA,NA
122,Nicole,10/02/2020,NA,Sam,Tantabiddi,SandyBay,10,No,0,10,0,0,No,113.8425374,-22.23242617,113.8431368,-22.23170066,10/02/2020,Casting,Lure,06:00,07:00,06:30,6.5,01:00:00,1,1,NA,2,2,NA,2,NA,NA,Cod,End of day,NA,NA,NA,NA,NA,NA,NA,NA,NA,NA,12,0,12,156,40,40,None,NA,1974,6012,OspreyCamp,Male,1m1f2k,NA,NA,NA,NA
138,Nicole,10/01/2020,NA,Nicole,Bundegi,BundegiBeach,12,No,0,12,0,0,No,114.1786329,-21.8259957,113.8881922,-22.0984521,10/01/2020,NA,NA,NA,NA,NA,NA,NA,NA,NA,NA,NA,NA,NA,NA,NA,NA,NA,NA,Snorkling,12:00,14:50,13:25:00,13.41666667,02:50:00,2.833333333,NA,Biodiveristy,Weather,12,0,12,NA,40,0,OW,NA,1953,6210,Exmouth,Male,2m2f1k,NA,NA,NA,NA
145,Nicole,10/01/2020,NA,Sam,Tantabiddi,TantBR,9,Yes,6,3,0,1,Yes,113.9789732,-21.91225154,114.0036246,-21.81535214,10/01/2020,Demersal,Bait,06:30,09:40,08:05,8.08,03:10:00,3.17,17,1,0,1,1,2,50,0.5,NA,ActivityChange,NA,NA,NA,NA,NA,NA,NA,NA,NA,NA,12,0,12,NA,30,0,OW,25,1973,6012,NA,Female,1m1f2k,7,D,NA,NA
257,Nicole,10/01/2020,NA,Gabby,Bundegi,BunBR,15,Yes,5,15,0,0,No,114.1704731,-21.83651,114.1656352,-21.7543712,10/01/2020,Demersal,Bait,10:00,15:30,12:45,12.75,05:30:00,5.5,NA,NA,NA,NA,NA,NA,NA,NA,Red snapper,End of day,NA,NA,NA,NA,NA,NA,NA,NA,NA,NA,12,0,12,NA,40,0,None,NA,1978,6163,Exmouth,Male,2m2f,7,G,NA,NA
77,Nicole,10/02/2020,NA,Nicole,Tantabiddi,TantBR,14,Yes,7,7,1,1,Yes,113.9784127,-21.9123845,114.0038633,-21.85044569,10/02/2020,NA,NA,NA,NA,NA,NA,NA,NA,NA,NA,NA,NA,NA,NA,NA,NA,NA,NA,WhaleWatch,09:30,11:00,10:15:00,10.25,01:30:00,1.5,NA,Weather,Weather,15,0,15,NA,35,0,None,NA,1980,6107,YardieHomestead,Male,1m1f,4,F,Rental,"DidnŠ—Èt really choose site, was just dirving to each beach seeing which was out od wind. "
230,Nicole,10/03/2020,NA,Gabby,Exmouth,ExmouthYacht,12,Yes,6,12,1,1,No,114.1390031,-21.94758574,114.1394502,-21.94864825,10/03/2020,NA,NA,NA,NA,NA,NA,NA,NA,NA,NA,NA,NA,NA,NA,NA,NA,NA,NA,WindSport,10:00,11:30,10:45:00,10.75,01:30:00,1.5,NA,Weather,Necessity,15,0,15,100,25,5,AOW,20,1987,6012,YardieHomestead,Male,2m,NA,NA,NA,Kiting; Necessity: Lunch
51,Nicole,10/01/2020,NA,Sam,Tantabiddi,TantBR,11,Yes,6,5,0,2,No,113.9787144,-21.91261979,113.9737741,-21.87281542,10/01/2020,Casting,Bait,07:00,09:00,08:00,8,02:00:00,2,12,2,1,3,1,4,25,0.25,Spangled emperor,ActivityChange,NA,NA,NA,NA,NA,NA,NA,NA,Biodiveristy,NA,18,0,18,NA,30,0,None,NA,1985,6071,YardieHomestead,Male,3m,5,F,"Trophy, EJ747",NA
245,Nicole,10/01/2020,NA,Nicole,Tantabiddi,Turquoise Bay 2,12,No,0,10,0,0,No,113.8870121,-22.0978634,113.8871928,-22.09794202,10/01/2020,NA,NA,NA,NA,NA,NA,NA,NA,NA,NA,NA,NA,NA,NA,NA,NA,NA,NA,Snorkling,09:00,10:41,09:50:30,9.841666667,01:41:00,1.683333333,NA,Tradition,NA,18,0,18,NA,2,0,AOW,NA,1979,6019,Exmouth,Female,2f,NA,NA,NA,Always come to this spot when we come up; No end time 
171,Nicole,10/01/2020,NA,Sam,Tantabiddi,TantBR,10,NA,10,2,0,0,No,113.9789215,-21.91253974,113.9756526,-21.84255397,10/01/2020,Spearing,NA,07:00,09:00,08:00,8,02:00:00,2,14,0,0,NA,NA,NA,NA,NA,NA,ActivityChange,NA,NA,NA,NA,NA,NA,NA,NA,NA,NA,20,0,20,NA,18,0,None,NA,1996,Refusal ,YardieHomestead,Male,2m,4,C,NA,NA
174,Nicole,10/02/2020,NA,Gabby,Exmouth,ExBR,Resident,NA,NA,NA,NA,NA,NA,114.1381828,-21.95473071,114.363905,-21.66980525,10/02/2020,NA,NA,NA,NA,NA,NA,NA,NA,NA,NA,NA,NA,NA,NA,NA,NA,NA,NA,Snorkling,08:00,16:00,12:00:00,12,08:00:00,8,NA,Biodiveristy,EndOfDay,20,0,20,NA,45,0,None,NA,1975,NA,NA,Male,2m4k,9,B,NA,NA
197,Nicole,10/02/2020,NA,Nicole,Tantabiddi,TantBR,20,Yes,7,10,0,1,No,113.9785117,-21.91242783,113.940005,-21.947061,10/02/2020,Trolling,Lure,08:30,11:00,09:45,9.75,02:30:00,2.5,35,1,1,2,0,2,0,0,"Spanish Mackeral , red cod",Weather,NA,NA,NA,NA,NA,NA,NA,NA,NA,NA,24,0,24,NA,25,0,None,NA,1980,6165,YardieHomestead,Male,2m,4,F,NA,NA
206,Nicole,10/04/2020,NA,Nicole,Tantabiddi,LakesideSnorkling,14,Yes,6,14,0,0,No,113.9119468,-22.03691246,113.911909,-22.03720956,10/04/2020,NA,NA,NA,NA,NA,NA,NA,NA,NA,NA,NA,NA,NA,NA,NA,NA,NA,NA,Snorkling,13:00,14:45,13:52:30,13.875,01:45:00,1.75,NA,Explore,NA,24,0,24,NA,48,0,None,NA,1972,6166,NKurrajong,Male,1m1f1k,NA,NA,NA,No end time 
227,Nicole,10/03/2020,NA,Nicole,Exmouth,ExBR,15,Yes,1,15,0,0,No,113.9780989,-21.9125487,113.977715,-21.91229837,10/03/2020,Casting,Bait,14:00,16:00,15:00,15,02:00:00,2,3,5,30,35,2,37,5,0.05,"Cobbler, released. Black spot, trevally",NA,NA,NA,NA,NA,NA,NA,NA,NA,NA,NA,24,0,24,NA,30,0,None,NA,1984,6525,YardieHomestead,Female,2m,NA,NA,NA,No end time 
222,Nicole,10/04/2020,NA,Nicole,Bundegi,Hunters,8,No,0,5,0,0,Yes,114.1081827,-21.80303402,114.1073878,-21.80358765,10/04/2020,NA,NA,NA,NA,NA,NA,NA,NA,NA,NA,NA,NA,NA,NA,NA,NA,NA,NA,Relaxing,11:00,11:19,11:09:30,11.15833333,00:19:00,0.316666667,NA,Weather,NA,25,0,25,NA,42,0,None,NA,1978,6018,RACHolPark,Male,2m2f3k,NA,NA,NA,Brought rods but hasnt started fishing; No end time 
6,Nicole,10/04/2020,NA,Gabby,Tantabiddi,LakesideSnorkling,7,Yes,7,7,0,0,No,113.9158429,-22.0338675,113.9152063,-22.03413572,10/04/2020,Casting,Bait,13:00,NA,13:00,13,NA,NA,NA,2,NA,2,1,3,33,0.33,Unsure,Other,NA,NA,NA,NA,NA,NA,NA,NA,NA,NA,26,0,26,NA,0,0,None,NA,1982,6395,NManduCamp,Female,3m1f1k,NA,NA,NA,NA
66,Nicole,10/02/2020,NA,Gabby,Exmouth,ExBR,10,Yes,10,10,0,0,No,114.1384377,-21.95461221,114.1794228,-21.958262,10/02/2020,Squidding,NA,13:00,NA,13:00,13,NA,NA,0,1,NA,1,NA,1,NA,NA,Squid,Weather,NA,NA,NA,NA,NA,NA,NA,NA,NA,NA,26,0,26,NA,39,0,None,NA,1981,6215,Exmouth,Male,5m4k,10,G,NA,Weather made kids feel seasick; Going to Sandy Bay tomorrow.  
132,Nicole,10/02/2020,NA,Gabby,Exmouth,ExBR,10,Yes,5,10,0,0,No,114.1384827,-21.95566657,114.2521042,-21.94212072,10/02/2020,Demersal,NA,10:00,12:30,11:15,11.25,02:30:00,2.5,NA,2,0,2,0,2,0,0,Kept 1 Spangled emp & 1Threadfin,Explore,NA,NA,NA,NA,NA,NA,NA,NA,NA,NA,26,0,26,NA,30,0,None,NA,1971,NA,NA,Male,1m1f3k,5,C,Au622,NA
173,Nicole,10/01/2020,NA,Gabby,Bundegi,BunBR,Resident,Yes,NA,NA,NA,NA,NA,114.1704932,-21.83538394,114.2287417,-21.86676805,10/01/2020,Demersal,Bait,13:00,15:00,14:00,14,02:00:00,2,NA,4,NA,4,1,5,20,0.2,Emperors,ActivityChange,NA,NA,NA,NA,NA,NA,NA,NA,NA,NA,26,0,26,NA,49,0,None,NA,1971,6707,NA,Male,4m,NA,F,NA,NA
111,Nicole,10/04/2020,NA,Nicole,Bundegi,BundegiBeach,10,Yes,3,10,3,5,No,114.1735184,-21.8309347,114.1734737,-21.83088193,10/04/2020,NA,NA,NA,NA,NA,NA,NA,NA,NA,NA,NA,NA,NA,NA,NA,NA,NA,NA,WindSport,06:30,08:50,07:40:00,7.666666667,02:20:00,2.333333333,NA,Weather,BetterSite,30,0,30,150,42,2,OW,150,1978,6156,Exmouth,Male,1m1f,NA,NA,NA,Kiting
62,Nicole,10/03/2020,NA,Nicole,Tantabiddi,Mesa,4,Yes,0,4,0,0,No,113.9268202,-22.00421931,113.927526,-22.004904,10/03/2020,Casting,Bait,15:00,17:00,16:00,16,02:00:00,2,1,0,2,2,0,2,0,0,"Blue lines emp, cod",NA,NA,NA,NA,NA,NA,NA,NA,NA,NA,NA,52,0,52,NA,40,0,OW,NA,1976,6722,MantaResort,Male,1m1f5k,NA,NA,NA,Never been here so exploring. Went from a drive down to Yardie creek and have worked there way up the coast. Couldnt go out on boat cause of wind. Stopped at turquoise for a swim at mid day; No end time 
106,Nicole,10/02/2020,NA,Gabby,Exmouth,ExBR,10,Yes,10,10,0,0,No,114.1385648,-21.95486518,114.151469,-21.95522392,10/02/2020,Squidding,Bait,14:00,17:00,15:30,15.5,03:00:00,3,NA,2,NA,2,0,2,0,0,1 squid 2 fish,End of day,NA,NA,NA,NA,NA,NA,NA,NA,NA,NA,52,0,52,NA,0,0,None,NA,1971,NA,Exmouth,Male,2m3k,4,C,NA,Bottom bashing as well; Note they also had a jet ski- jet ski and dinghy were together 
68,Nicole,10/04/2020,NA,Nicole,Tantabiddi,TantBR,7,No,0,7,2,0,No,113.9781227,-21.91260587,113.977614,-21.91218354,10/04/2020,Casting,Bait,12:30,13:15,12:52,12.88,00:45:00,0.75,3,0,0,NA,0,NA,NA,NA,NA,NA,NA,NA,NA,NA,NA,NA,NA,NA,Weather,NA,84,0,84,NA,10,0,None,NA,NA,6210,Exmouth,Male,2m2f,NA,NA,NA,No end time 
263,Nicole,10/02/2020,NA,Sam,Tantabiddi,OspreyBay,14,No,0,14,0,2,No,113.840453,-22.23789107,113.8399988,-22.23784436,10/02/2020,NA,NA,NA,NA,NA,NA,NA,NA,NA,NA,NA,NA,NA,NA,NA,NA,NA,NA,Relaxing,11:00,15:00,13:00:00,13,04:00:00,4,NA,Access,NA,100,0,100,NA,45,0,None,NA,1974,6722,OspreyCamp,Male,6m6f6k,NA,NA,NA,Come as group every year 
219,Nicole,10/02/2020,NA,Gabby,Exmouth,ExBR,15,Yes,12,15,0,1,No,114.1385591,-21.9548711,114.2757375,-21.79749339,10/02/2020,Demersal,Bait,10:00,12:00,11:00,11,02:00:00,2,NA,2,NA,2,NA,2,NA,NA,Emporer,BetterSite,NA,NA,NA,NA,NA,NA,NA,NA,NA,NA,104,0,104,NA,44,0,None,NA,1976,6330,Exmouth,Male,2m,4,NA,NA,NA
234,Nicole,10/02/2020,NA,Nicole,Tantabiddi,TantBR,120,Yes,34,120,0,1,No,113.9783958,-21.91237712,113.9559603,-21.86242504,10/02/2020,Demersal,Bait,07:00,07:40,07:20,7.33,00:40:00,0.67,70,1,1,2,0,2,0,0,"Spangled emp,",Weather,NA,NA,NA,NA,NA,NA,NA,NA,NA,NA,104,0,104,NA,50,0,None,NA,1956,6168,Exmouth,Male,1m1f,6,G,AT969,Come up for 4 months of the year and goes out on the boat at least 2 times a week; was in up for 4 omths in 2019 as well. In the four months he has been here he only ever saw 1 shark out on his boat and in the past month he has seen loads - blames the increase in boats/people. 
72,Nicole,10/02/2020,NA,Nicole,Exmouth,TownBeach,Resident,No,NA,NA,NA,NA,NA,114.1398403,-21.94560919,114.1401706,-21.94545215,10/02/2020,NA,NA,NA,NA,NA,NA,NA,NA,NA,NA,NA,NA,NA,NA,NA,NA,NA,NA,Relaxing,14:00,18:00,16:00:00,16,04:00:00,4,NA,Access,NA,156,0,156,NA,50,0,None,NA,1971,NA,NA,Male,2m1f,NA,NA,NA,"3 week  said he only have to fish once a week 10 years ago to get enough fish to eat, now he has to fish 3 times a week to get enough fish to eat. No fish left , when they go out on they boat they get 1 fish out of three taken by sharks and move on but say"
27,Nicole,10/01/2020,NA,Nicole,Bundegi,BundegiBeach,10,No,0,10,0,0,No,114.1782631,-21.82625914,114.1782205,-21.8263112,10/01/2020,NA,NA,NA,NA,NA,NA,NA,NA,NA,NA,NA,NA,NA,NA,NA,NA,NA,NA,RowSport,11:00,16:00,13:30:00,13.5,05:00:00,5,NA,Necessity,EndOfDay,240,0,240,NA,53,0,None,NA,1967,6282,Lighthouse,Male,1m1f2k,NA,NA,NA,Necessity: following friends
18,Nicole,10/02/2020,NA,Sam,Tantabiddi,SandyBay,10,Yes,1,10,1,1,No,113.8423628,-22.23257863,114.6662644,-21.59721975,10/01/2020,Demersal,Bait,07:30,12:30,10:00,10,05:00:00,5,25,7,6,13,2,15,13,0.13,"Chinaman, red throat emperors, spangled, rock cod",ActivityChange,NA,NA,NA,NA,NA,NA,NA,NA,Biodiveristy,NA,0,0,0,NA,0,0,None,NA,NA,NA,NA,NA,NA,NA,NA,NA,NA
22,Nicole,10/01/2020,NA,Nicole,Bundegi,BundegiBeach,12,No,0,12,0,0,No,114.1786329,-21.8259957,114.178413,-21.82624112,10/01/2020,NA,NA,NA,NA,NA,NA,NA,NA,NA,NA,NA,NA,NA,NA,NA,NA,NA,NA,Swimming,15:20,15:50,15:35:00,15.58333333,00:30:00,0.5,NA,Rec,NA,0,0,0,NA,0,0,None,NA,NA,NA,NA,NA,NA,NA,NA,NA,No end time 
23,Nicole,10/02/2020,NA,Gabby,Tantabiddi,OysterStacks,12,No,0,12,0,0,Yes,113.8793301,-22.12871047,113.8798098,-22.12915485,10/02/2020,NA,NA,NA,NA,NA,NA,NA,NA,NA,NA,NA,NA,NA,NA,NA,NA,NA,NA,Snorkling,10:30,NA,10:30:00,10.5,NA,NA,NA,NA,NA,0,0,0,NA,0,0,None,NA,1978,6054,Exmouth,Female,1m1f2k,NA,NA,NA,NA
25,Nicole,10/01/2020,NA,Nicole,Bundegi,BundegiBeach,5,No,0,3,0,0,No,114.1795088,-21.82544094,114.1793012,-21.82558662,10/01/2020,NA,NA,NA,NA,NA,NA,NA,NA,NA,NA,NA,NA,NA,NA,NA,NA,NA,NA,Swimming,13:00,15:30,14:15:00,14.25,02:30:00,2.5,NA,Necessity,EndOfDay,0,0,0,NA,0,0,None,NA,1974,6054,Exmouth,Female,2f,NA,NA,NA,Necessity: dog friendly
30,Nicole,10/02/2020,NA,Sam,Tantabiddi,SandyBay,10,Yes,1,10,1,1,No,113.8423628,-22.23257863,113.8423858,-22.23219454,10/02/2020,NA,NA,NA,NA,NA,NA,NA,NA,NA,NA,NA,NA,NA,NA,NA,NA,NA,NA,WindSport,11:00,17:30,14:15:00,14.25,06:30:00,6.5,NA,Weather,EndOfDay,0,0,0,NA,0,0,None,NA,NA,NA,NA,NA,NA,NA,NA,NA,Kiting
31,Nicole,10/01/2020,NA,Gabby,Bundegi,BunBR,9,Yes,9,9,0,1,No,114.170599,-21.83600581,114.2165994,-21.95889768,10/01/2020,Squidding,NA,14:00,Now,14:00,14,NA,NA,NA,0,0,NA,0,NA,NA,NA,NA,End of day,NA,NA,NA,NA,NA,NA,NA,NA,NA,NA,0,0,0,NA,30,0,None,NA,NA,NA,Lighthouse,Male,1m1f1k,3,C,Ey166,NA
33,Nicole,10/04/2020,NA,Nicole,Tantabiddi,LakesideSnorkling,14,No,0,14,1,1,No,113.9123079,-22.03587675,113.875689,-22.132361,10/04/2020,NA,NA,NA,NA,NA,NA,NA,NA,NA,NA,NA,NA,NA,NA,NA,NA,NA,NA,Snorkling,11:00,13:00,12:00:00,12,02:00:00,2,NA,Biodiveristy,BetterSite,0,0,0,NA,0,0,None,NA,1968,6153,YardieHomestead,Female,1m1f1k,NA,NA,NA,NA
34,Nicole,10/03/2020,NA,Sam,Tantabiddi,Turquoise Bay 1,8,No,0,8,1,1,No,113.9216273,-22.02226868,113.9216501,-22.02236044,10/03/2020,NA,NA,NA,NA,NA,NA,NA,NA,NA,NA,NA,NA,NA,NA,NA,NA,NA,NA,Snorkling,16:00,17:05,16:32:30,16.54166667,01:05:00,1.083333333,NA,Biodiveristy,EndOfDay,0,0,0,52,0,5,OW,NA,1995,6163,YardieHomestead,Female,1f,NA,NA,NA,NA
35,Nicole,10/01/2020,NA,Gabby,Bundegi,BunBR,10,Yes,4,10,0,0,No,114.1706816,-21.83565403,114.1769868,-21.83225045,10/01/2020,Trolling,Lure,08:00,15:00,11:30,11.5,07:00:00,7,NA,0,0,NA,0,NA,NA,NA,NA,End of day,NA,NA,NA,NA,NA,NA,NA,NA,NA,EndOfDay,0,0,0,NA,0,0,None,NA,1970,6714,Lighthouse,Male,1m1f3k,6,G,NA,Go out fishing opportunistically with friends - donŠ—Èt go fishing personally
42,Nicole,10/02/2020,NA,Sam,Tantabiddi,SandyBay,10,No,0,10,0,0,No,113.8426164,-22.2325573,113.8420631,-22.23195982,10/02/2020,NA,NA,NA,NA,NA,NA,NA,NA,NA,NA,NA,NA,NA,NA,NA,NA,NA,NA,Relaxing,11:00,15:00,13:00:00,13,04:00:00,4,NA,Access,Necessity,0,0,0,NA,0,0,None,NA,NA,NA,NA,NA,NA,NA,NA,NA,Necessity: shops
43,Nicole,10/01/2020,NA,Nicole,Bundegi,BundegiBeach,5,No,0,5,0,1,No,114.1792248,-21.82564785,114.1660082,-21.78522222,10/01/2020,NA,NA,NA,NA,NA,NA,NA,NA,NA,NA,NA,NA,NA,NA,NA,NA,NA,NA,Rockpooling,13:30,14:30,14:00:00,14,01:00:00,1,NA,Explore,Necessity,0,0,0,NA,0,0,None,NA,NA,NA,NA,NA,NA,NA,NA,NA,Necessity: shops
44,Nicole,10/02/2020,NA,Sam,Tantabiddi,SandyBay,10,No,0,10,1,1,No,113.8433239,-22.23030516,113.8439912,-22.2308667,10/02/2020,NA,NA,NA,NA,NA,NA,NA,NA,NA,NA,NA,NA,NA,NA,NA,NA,NA,NA,WindSport,11:00,12:30,11:45:00,11.75,01:30:00,1.5,NA,Weather,ActivityChange,0,0,0,NA,0,0,None,NA,NA,NA,NA,NA,NA,NA,NA,NA,Kiting
49,Nicole,10/02/2020,NA,Sam,Tantabiddi,SandyBay,10,No,0,10,0,0,No,113.8425374,-22.23242617,113.8422656,-22.23166602,10/02/2020,NA,NA,NA,NA,NA,NA,NA,NA,NA,NA,NA,NA,NA,NA,NA,NA,NA,NA,Walking,08:00,10:00,09:00:00,9,02:00:00,2,NA,Access,ActivityChange,0,0,0,NA,0,0,None,NA,NA,NA,NA,NA,NA,NA,NA,NA,NA
59,Nicole,10/02/2020,NA,Sam,Tantabiddi,SandyBay,8,No,0,8,0,0,No,113.8425835,-22.23197806,113.840163,-22.23714192,10/02/2020,NA,NA,NA,NA,NA,NA,NA,NA,NA,NA,NA,NA,NA,NA,NA,NA,NA,NA,Snorkling,09:00,09:45,09:22:30,9.375,00:45:00,0.75,NA,Access,ActivityChange,0,0,0,NA,0,0,None,NA,NA,NA,NA,NA,NA,NA,NA,NA,NA
69,Nicole,10/02/2020,NA,Sam,Tantabiddi,SandyBay,10,No,0,10,0,0,No,113.8425374,-22.23242617,113.8424452,-22.231722,10/02/2020,NA,NA,NA,NA,NA,NA,NA,NA,NA,NA,NA,NA,NA,NA,NA,NA,NA,NA,WindSport,12:00,14:00,13:00:00,13,02:00:00,2,NA,Access,Necessity,0,0,0,NA,0,0,None,NA,NA,NA,NA,NA,NA,NA,NA,NA,Kiting; Necessity: shops
71,Nicole,10/02/2020,NA,Sam,Tantabiddi,OspreyBay,7,No,0,7,0,1,No,113.8400306,-22.23808846,113.839731,-22.23791775,10/02/2020,NA,NA,NA,NA,NA,NA,NA,NA,NA,NA,NA,NA,NA,NA,NA,NA,NA,NA,Relaxing,11:00,11:45,11:22:30,11.375,00:45:00,0.75,NA,Megafauna,NA,0,0,0,NA,0,0,None,NA,NA,NA,NA,NA,NA,NA,NA,NA,Turtles
79,Nicole,09/01/2020,NA,Sam,Bundegi,LHBaySZSouth,120,No,0,120,0,1,No,114.1539025,-21.79157999,114.169341,-21.8351514,09/01/2020,NA,NA,NA,NA,NA,NA,NA,NA,NA,NA,NA,NA,NA,NA,NA,NA,NA,NA,Swimming,12:00,12:45,12:22:30,12.375,00:45:00,0.75,NA,Weather,Necessity,0,0,0,NA,0,0,None,NA,NA,NA,NA,NA,NA,NA,NA,NA,Comes up for between 1-4 moths every year; Necessity: work 
93,Nicole,10/01/2020,NA,Nicole,Bundegi,BundegiBeach,14,No,0,6,0,1,No,114.176867,-21.82707822,114.1756671,-21.82806532,10/01/2020,NA,NA,NA,NA,NA,NA,NA,NA,NA,NA,NA,NA,NA,NA,NA,NA,NA,NA,RowSport,14:00,17:00,15:30:00,15.5,03:00:00,3,NA,Access,EndOfDay,0,0,0,NA,0,0,None,NA,1977,6069,RACHolPark,Female,1m1f3k,NA,NA,NA,swimming as well
109,Nicole,10/02/2020,NA,Sam,Tantabiddi,SandyBay,8,No,0,8,0,0,No,113.8425835,-22.23197806,113.8407854,-22.23714192,10/02/2020,Casting,Lure,06:30,07:30,07:00,7,01:00:00,1,3,3,NA,3,0,3,0,0,Spangled emperor,ActivityChange,NA,NA,NA,NA,NA,NA,NA,NA,Access,NA,0,0,0,NA,0,0,None,NA,NA,NA,NA,NA,NA,NA,NA,NA,NA