OBJECTID,GlobalID,GUID for meta,# Interviewer,# Site,Screen: 18+,Screen: Have you been surveyed in the last 2 weeks?,Agreement to participate,"Are you/have you been a resident, got a holiday home here or been here over 3 months?","If here for less than 3 months, how many DAYS will you be in the area in total on this trip?","While you are on your trip, do you have access to a motorised boat/jetski (private/rental)?","If YES, how many DAYS out of your trip will you be going out on a boat in total? ",How many DAYS of your trip will you be doing coastal shore based activities in total? ,"Excluding this trip, how many times have you been to the area in the last 12 month?",created_user,created_date,last_edited_user,last_edited_date,Are you of Aboriginal or Torres Strait Islander origin?,Do you identify as a TO in this region?,x,y
4,dc0117f3-d0a8-413f-8148-981062e475a9,,EH,EsperanceBR,Yes,No,Yes,Yes,NA,No,NA,NA,0,Nicole.Hamre_UWA,1/17/2022 1:22:51 AM,Nicole.Hamre_UWA,1/17/2022 1:33:50 AM,,,121.894753332989,-33.8659716657517
5,066c421f-db26-47f4-ac29-ccbb588db176,,EH,Wharton,Yes,No,Yes,Yes,NA,Yes,NA,NA,0,Nicole.Hamre_UWA,1/17/2022 6:57:46 AM,Nicole.Hamre_UWA,1/17/2022 6:57:46 AM,,,122.589428333287,-33.9353883321729
6,85e33d86-5fb0-4e33-b1c2-83c97e00c1ee,,EH,EsperanceBR,Yes,No,Yes,Yes,NA,Yes,NA,NA,0,Nicole.Hamre_UWA,1/21/2022 2:18:54 AM,Nicole.Hamre_UWA,1/21/2022 2:18:54 AM,,,121.89458047467,-33.8654804011965
7,002a7396-a8cb-471f-8b2c-cc8da5f4e356,,EH,EsperanceBR,Yes,No,Yes,Yes,NA,Yes,NA,NA,0,Nicole.Hamre_UWA,1/21/2022 2:46:54 AM,Nicole.Hamre_UWA,1/21/2022 2:46:54 AM,,,121.893823326938,-33.8642844376034
8,8f465ef1-5a7f-45a3-b450-e1d1ec4f282b,,EH,EsperanceBR,Yes,No,Yes,No,8,Yes,2,8,1,Nicole.Hamre_UWA,1/21/2022 2:56:06 AM,Nicole.Hamre_UWA,1/21/2022 2:56:06 AM,,,121.894188276505,-33.8651313677191
9,00fe4bfa-98d7-4922-9759-94294db3fe39,,EH,BandyCreekBR,Yes,Yes,Yes,Yes,NA,Yes,NA,NA,0,Nicole.Hamre_UWA,1/21/2022 11:32:19 PM,Nicole.Hamre_UWA,1/21/2022 11:32:19 PM,,,121.930944148014,-33.8326395400089
10,efa5fdc5-dfc5-40fe-96a7-2252e89b45f8,,EH,BandyCreekBR,Yes,No,Yes,Yes,NA,Yes,NA,NA,0,Nicole.Hamre_UWA,1/22/2022 3:24:53 AM,Nicole.Hamre_UWA,1/22/2022 3:24:53 AM,,,121.932418333701,-33.8314666655246
11,c53dae6d-cfdf-4443-94c9-37e6eb756ae4,,EH,BandyCreekBR,Yes,Yes,Yes,No,7,Yes,2,7,0,Nicole.Hamre_UWA,1/22/2022 3:55:46 AM,Nicole.Hamre_UWA,1/22/2022 3:55:46 AM,,,121.932263332992,-33.8314266655947
12,b48ced61-1739-4972-a576-3e9b066098c5,,EH,BandyCreekBR,Yes,No,Yes,Yes,NA,Yes,NA,NA,0,Nicole.Hamre_UWA,1/22/2022 4:47:44 AM,Nicole.Hamre_UWA,1/22/2022 4:47:44 AM,,,121.932253332946,-33.831414999318
13,f6656fa9-f674-4580-9235-bf5d949a9879,,EH,BandyCreekBR,Yes,No,Yes,No,4,Yes,1,4,3,Nicole.Hamre_UWA,1/22/2022 4:59:57 AM,Nicole.Hamre_UWA,1/22/2022 4:59:57 AM,,,121.932181666251,-33.8314016660021
14,b1c70484-6603-4d98-a5a6-49eefcb6fbde,,EH,BandyCreekBR,Yes,No,Yes,Yes,NA,Yes,NA,NA,0,Nicole.Hamre_UWA,1/22/2022 6:53:47 AM,Nicole.Hamre_UWA,1/22/2022 6:53:47 AM,,,121.932191666297,-33.8310216656231
15,5c97bb53-87ba-4bb2-b165-c7d919d44655,,EH,LuckyBay,Yes,No,Yes,Yes,NA,Yes,NA,NA,0,Nicole.Hamre_UWA,1/23/2022 2:11:30 AM,Nicole.Hamre_UWA,1/23/2022 2:11:30 AM,,,122.218262184344,-33.989663249911
16,ed8bee0f-b535-4255-9e07-2a0a2cdc5650,,EH,EsperanceBR,Yes,No,Yes,Yes,NA,Yes,NA,NA,0,Nicole.Hamre_UWA,1/23/2022 4:04:37 AM,Nicole.Hamre_UWA,1/23/2022 4:04:37 AM,,,121.893653217464,-33.8653721025551
17,f850b07d-d08a-4597-8836-07cf3612057b,,EH,EsperanceBR,Yes,No,Yes,Yes,2,Yes,2,0,0,Nicole.Hamre_UWA,1/23/2022 4:36:49 AM,Nicole.Hamre_UWA,1/23/2022 4:36:49 AM,,,121.894180863608,-33.8658564300139
18,1d84e23c-1c4a-468a-b00e-1099cc37d9b9,,EH,EsperanceBR,Yes,No,Yes,Yes,NA,Yes,NA,NA,0,Nicole.Hamre_UWA,1/23/2022 4:47:05 AM,Nicole.Hamre_UWA,1/23/2022 4:47:05 AM,,,121.89422355155,-33.8681733813924
19,8ef85227-8aa8-41ec-b017-40cf8c1516cd,,EH,EsperanceBR,Yes,No,Yes,Yes,NA,Yes,NA,NA,0,Nicole.Hamre_UWA,1/23/2022 5:10:27 AM,Nicole.Hamre_UWA,1/23/2022 5:10:27 AM,,,121.89428659352,-33.8663605361748
20,19a48624-5245-4551-8986-93d502475c94,,EH,BandyCreekBR,Yes,Yes,No,Yes,NA,Yes,NA,NA,0,Nicole.Hamre_UWA,1/23/2022 5:40:12 AM,Nicole.Hamre_UWA,1/23/2022 5:40:12 AM,,,121.931260668506,-33.833185642664
21,67e773de-6974-4ca1-8978-1746450746a7,,EH,BandyCreekBR,Yes,No,No,Yes,NA,Yes,NA,NA,0,Nicole.Hamre_UWA,1/23/2022 5:40:42 AM,Nicole.Hamre_UWA,1/23/2022 5:40:42 AM,,,121.931365582748,-33.8336794822774
22,f9b6a339-87ad-48c7-98a5-77ffd4a07e77,,EH,BandyCreekBR,Yes,No,No,Yes,NA,Yes,NA,NA,0,Nicole.Hamre_UWA,1/23/2022 5:42:00 AM,Nicole.Hamre_UWA,1/23/2022 5:42:00 AM,,,121.930806039226,-33.8339990235536
23,27d42d98-c39d-4243-b705-15f8ee4f34f9,,NSH,BandyCreekBR,Yes,No,Yes,No,7,Yes,2,4,0,Nicole.Hamre_UWA,1/20/2022 3:15:30 AM,Nicole.Hamre_UWA,1/20/2022 3:15:30 AM,,,121.931274256423,-33.8328537935203
24,f11653ec-00b4-43a0-9ccc-17f9c2078a2f,,NSH,BandyCreekBR,Yes,No,Yes,Yes,NA,Yes,NA,NA,0,Nicole.Hamre_UWA,1/20/2022 3:29:52 AM,Nicole.Hamre_UWA,1/20/2022 3:36:31 AM,,,121.931409901133,-33.8330267116199
25,f8c7b042-f471-4389-b8e4-020f1be4ce9d,,NSH,BandyCreekBR,Yes,No,Yes,Yes,NA,Yes,NA,NA,0,Nicole.Hamre_UWA,1/20/2022 4:11:50 AM,Nicole.Hamre_UWA,1/20/2022 4:11:50 AM,,,121.931554591877,-33.8330255094951
26,88780bb7-d3cd-474a-8a17-f5540f5eff05,,NSH,BandyCreekBR,Yes,No,Yes,Yes,NA,Yes,NA,NA,0,Nicole.Hamre_UWA,1/20/2022 4:20:44 AM,Nicole.Hamre_UWA,1/20/2022 4:20:44 AM,,,121.931633240279,-33.8331887199782
27,5598b27d-78b7-4155-8248-6ea143f2d96e,,EH,EsperanceBR,Yes,No,Yes,No,4,Yes,1,0,1,Nicole.Hamre_UWA,1/20/2022 4:59:40 AM,Nicole.Hamre_UWA,1/20/2022 4:59:40 AM,,,121.89421383627,-33.8644885776094
28,16a592b9-b766-4033-9b88-4b4d26cc2052,,NSH,BandyCreekBR,Yes,No,Yes,No,10,Yes,2,8,1,Nicole.Hamre_UWA,1/21/2022 12:55:58 AM,Nicole.Hamre_UWA,1/21/2022 12:55:58 AM,,,121.931259126099,-33.833156547712
29,bb2d0ca0-d8ba-4f21-866f-56ac5bffaf8c,,NSH,BandyCreekBR,Yes,No,Yes,No,7,Yes,3,3,0,Nicole.Hamre_UWA,1/21/2022 3:09:55 AM,Nicole.Hamre_UWA,1/21/2022 3:09:55 AM,,,121.931378572387,-33.8330509182754
30,501e1d61-2b4a-4de3-a678-d2b49f194587,,NSH,BandyCreekBR,Yes,No,Yes,Yes,NA,Yes,NA,NA,0,Nicole.Hamre_UWA,1/21/2022 3:14:56 AM,Nicole.Hamre_UWA,1/21/2022 3:14:56 AM,,,121.931520350793,-33.833053503104
31,c06c5453-0167-4963-a346-01e85fcc898f,,NSH,EsperanceBR,Yes,No,Yes,Yes,NA,Yes,NA,NA,0,Nicole.Hamre_UWA,1/21/2022 11:57:06 PM,Nicole.Hamre_UWA,1/21/2022 11:57:06 PM,,,121.893974597842,-33.8655253820636
32,b2f19e9f-6083-46dc-9427-d3481f8723e0,,NSH,EsperanceBR,Yes,No,Yes,Yes,NA,Yes,NA,NA,0,Nicole.Hamre_UWA,1/22/2022 12:08:06 AM,Nicole.Hamre_UWA,1/22/2022 12:08:06 AM,,,121.893974597842,-33.8655253820636
33,974d0faf-1d97-467d-8888-96856bc06fa8,,NSH,EsperanceBR,Yes,No,Yes,Yes,NA,Yes,NA,NA,0,Nicole.Hamre_UWA,1/22/2022 12:18:58 AM,Nicole.Hamre_UWA,1/22/2022 12:18:58 AM,,,121.893974597842,-33.8655253820636
34,e876ee75-bf58-472f-b8df-23ce1b733239,,NSH,EsperanceBR,Yes,No,No,Yes,NA,Yes,NA,NA,0,Nicole.Hamre_UWA,1/22/2022 12:31:42 AM,Nicole.Hamre_UWA,1/22/2022 12:31:42 AM,,,121.893974597842,-33.8655253820636
35,09aba671-9aaf-4d6d-af23-cfcbc3df4bb7,,NSH,EsperanceBR,Yes,No,Yes,Yes,NA,Yes,NA,NA,0,Nicole.Hamre_UWA,1/22/2022 2:49:58 AM,Nicole.Hamre_UWA,1/22/2022 2:49:58 AM,,,121.89401561402,-33.8638078029448
36,dd9a53f2-5e50-4595-b520-1eee6dbba0e5,,NSH,EsperanceBR,Yes,No,Yes,Yes,NA,Yes,NA,NA,0,Nicole.Hamre_UWA,1/22/2022 3:39:33 AM,Nicole.Hamre_UWA,1/22/2022 3:39:33 AM,,,121.89421383627,-33.8644885776094
37,c3cc11ae-3809-4500-8943-37881670135a,,NSH,EsperanceBR,Yes,No,Yes,Yes,NA,Yes,NA,NA,0,Nicole.Hamre_UWA,1/22/2022 3:53:23 AM,Nicole.Hamre_UWA,1/22/2022 3:53:23 AM,,,121.893927226084,-33.8643385454864
38,046d21a2-3a21-47ce-851f-31c1f0f59ee4,,NSH,EsperanceBR,Yes,No,Yes,Yes,NA,Yes,NA,NA,0,Nicole.Hamre_UWA,1/22/2022 4:01:14 AM,Nicole.Hamre_UWA,1/22/2022 4:01:14 AM,,,121.894146180553,-33.8645346428248
39,42027b7b-d2bb-46ee-ba54-05fb2d203a52,,NSH,EsperanceBR,Yes,No,Yes,Yes,NA,Yes,NA,NA,0,Nicole.Hamre_UWA,1/22/2022 4:19:23 AM,Nicole.Hamre_UWA,1/22/2022 4:19:23 AM,,,121.893983569317,-33.8654891865764
40,3ab81eec-bdeb-41fe-8372-c88300e0e048,,NSH,EsperanceBR,Yes,No,Yes,Yes,NA,Yes,NA,NA,0,Nicole.Hamre_UWA,1/22/2022 4:40:19 AM,Nicole.Hamre_UWA,1/22/2022 4:40:19 AM,,,121.894243516607,-33.8645657201971
41,d0591308-4e94-42f8-baea-12b0c6402e42,,NSH,EsperanceBR,Yes,No,Yes,Yes,NA,Yes,NA,NA,0,Nicole.Hamre_UWA,1/22/2022 5:06:48 AM,Nicole.Hamre_UWA,1/22/2022 5:06:48 AM,,,121.894212358542,-33.8645696907421
42,6471ce97-77b6-4b12-8bec-2f677699ce16,,NSH,LuckyBay,Yes,No,Yes,No,10,Yes,5,10,0,Nicole.Hamre_UWA,1/23/2022 2:37:52 AM,Nicole.Hamre_UWA,1/23/2022 2:37:52 AM,,,122.221312721115,-33.992167117553
43,e18ffbd2-e2d8-43e7-99d0-9f27a0fafb65,,NSH,BandyCreekBR,Yes,No,Yes,Yes,NA,Yes,NA,NA,0,Nicole.Hamre_UWA,1/23/2022 4:12:31 AM,Nicole.Hamre_UWA,1/23/2022 4:16:15 AM,,,121.931353754631,-33.8333453113995
44,0bf88168-0b51-4c04-a5df-1de4806b8999,,NSH,BandyCreekBR,Yes,No,Yes,Yes,NA,Yes,NA,NA,0,Nicole.Hamre_UWA,1/23/2022 4:25:07 AM,Nicole.Hamre_UWA,1/23/2022 4:25:07 AM,,,121.931547808698,-33.8328048958072
45,db2d8dc4-07fe-4482-bfe9-135b73baf206,,NSH,BandyCreekBR,Yes,Yes,Yes,Yes,NA,Yes,NA,NA,0,Nicole.Hamre_UWA,1/23/2022 4:30:32 AM,Nicole.Hamre_UWA,1/23/2022 4:40:09 AM,,,121.931353754631,-33.8333453113995
46,f25d9cf6-3f24-4f14-bbcd-2dbcce33b748,,NSH,BandyCreekBR,Yes,No,Yes,Yes,NA,Yes,NA,NA,0,Nicole.Hamre_UWA,1/23/2022 4:46:26 AM,Nicole.Hamre_UWA,1/23/2022 4:46:26 AM,,,121.931378423267,-33.8333947796423
47,d094761c-9806-4a93-97c8-9fcc54e38122,,NSH,BandyCreekBR,Yes,Yes,No,No,NA,Yes,NA,NA,0,Nicole.Hamre_UWA,1/23/2022 5:03:11 AM,Nicole.Hamre_UWA,1/23/2022 5:03:11 AM,,,121.931468412,-33.8335264209637
48,a8fad5c3-1e10-4509-a0c6-cdfa3cdb488d,,EH,BandyCreekBR,Yes,No,Yes,Yes,7,Yes,4,7,3,Nicole.Hamre_UWA,1/24/2022 1:38:31 AM,Nicole.Hamre_UWA,1/24/2022 1:38:31 AM,,,121.930851282875,-33.833291359239
49,83ac31e8-784c-47c0-b795-092ea40248e9,,CLA,BandyCreekBR,Yes,No,Yes,Yes,NA,Yes,6,4,6,Nicole.Hamre_UWA,2/1/2022 3:02:40 AM,Nicole.Hamre_UWA,2/1/2022 3:02:40 AM,,,122.358682151132,-33.9150220801107
51,fb4efaa5-65c6-4732-a5e2-07d48fa2b980,,EH,EsperanceBR,Yes,No,NE,Yes,NA,Yes,NA,NA,0,Nicole.Hamre_UWA,2/16/2022 1:08:02 AM,Nicole.Hamre_UWA,2/16/2022 1:08:02 AM,,,121.89408627011,-33.8647372530948
52,d821ee09-4f80-4aa1-ba33-4ec70b53a8ba,,NSH,BandyCreekBR,Yes,No,Yes,Yes,NA,Yes,NA,NA,0,Nicole.Hamre_UWA,2/16/2022 1:41:14 AM,Nicole.Hamre_UWA,2/16/2022 1:41:14 AM,,,121.930545340045,-33.8336959835695
53,2f09f756-a353-4e72-9f94-435e303d7730,,NSH,BandyCreekBR,Yes,Yes,Yes,Yes,NA,Yes,NA,NA,0,Nicole.Hamre_UWA,2/16/2022 2:30:46 AM,Nicole.Hamre_UWA,2/16/2022 2:35:48 AM,,,121.931405624254,-33.8332706060456
54,d3f8d55d-3738-4225-9b21-28e068eff9f6,,NSH,BandyCreekBR,Yes,No,Yes,No,7,Yes,1,7,0,Nicole.Hamre_UWA,2/16/2022 3:46:22 AM,Nicole.Hamre_UWA,2/16/2022 3:46:22 AM,,,121.931468412,-33.8335264209637
55,62e5375b-d061-479f-b581-3c73fd465483,,NSH,BandyCreekBR,Yes,No,Yes,No,14,Yes,5,7,1,Nicole.Hamre_UWA,2/16/2022 4:55:11 AM,Nicole.Hamre_UWA,2/16/2022 4:55:11 AM,,,121.931259126099,-33.833156547712
56,e69fb4ce-15f4-42df-b15f-104d24e102fd,,NSH,DukeOrleans,Yes,No,Yes,Yes,5,Yes,2,All,0,Nicole.Hamre_UWA,2/17/2022 3:50:38 AM,Nicole.Hamre_UWA,2/17/2022 3:50:38 AM,,,122.579708316673,-33.9245027616709
57,58875847-f392-4ccb-a35c-d050a4772a99,,NSH,DukeOrleans,Yes,No,Yes,Yes,30,Yes,4,All,0,Nicole.Hamre_UWA,2/17/2022 4:23:25 AM,Nicole.Hamre_UWA,2/17/2022 4:23:25 AM,,,122.579729229452,-33.9245202203901
58,ef1ba608-26c6-4519-9b90-222d46b3b213,,EH,EsperanceBR,Yes,No,Yes,Yes,NA,Yes,NA,NA,0,Nicole.Hamre_UWA,2/18/2022 12:12:31 AM,Nicole.Hamre_UWA,2/18/2022 12:12:31 AM,,,121.893906541476,-33.8686086389614
59,f21004a8-9ac1-425c-8308-53ec87c6c32f,,EH,BandyCreekBR,Yes,No,Yes,Yes,NA,Yes,NA,NA,0,Nicole.Hamre_UWA,2/19/2022 2:23:22 AM,Nicole.Hamre_UWA,2/19/2022 2:23:22 AM,,,121.931698261237,-33.8332791216309
60,5c2e3e5a-7b08-4921-ade2-26f61ccc51fe,,EH,BandyCreekBR,Yes,No,Yes,Yes,NA,Yes,NA,NA,0,Nicole.Hamre_UWA,2/19/2022 2:29:57 AM,Nicole.Hamre_UWA,2/19/2022 2:29:57 AM,,,121.930976277158,-33.8336476482211
61,f3880ed3-a4ea-4797-ac02-1f119ce18fab,,EH,BandyCreekBR,Yes,No,Yes,No,2,Yes,1,1,0,Nicole.Hamre_UWA,2/19/2022 3:23:00 AM,Nicole.Hamre_UWA,2/19/2022 3:23:00 AM,,,121.931383601156,-33.8337281220541
62,2ed390d3-7607-4408-a22e-6c04c6ddcfa2,,EH,BandyCreekBR,Yes,No,Yes,Yes,NA,Yes,NA,NA,0,Nicole.Hamre_UWA,2/19/2022 3:28:20 AM,Nicole.Hamre_UWA,2/19/2022 3:28:20 AM,,,121.931120374117,-33.833999627967
63,92645370-848a-4e6d-a542-2393e7ef0a34,,EH,BandyCreekBR,Yes,No,Yes,Yes,NA,Yes,NA,NA,0,Nicole.Hamre_UWA,2/19/2022 3:39:07 AM,Nicole.Hamre_UWA,2/19/2022 3:39:07 AM,,,121.930876097038,-33.8337412445811
64,e2e76373-85b8-48e9-a054-04fa6b457658,,EH,BandyCreekBR,Yes,No,Yes,Yes,NA,Yes,NA,NA,0,Nicole.Hamre_UWA,2/19/2022 3:53:57 AM,Nicole.Hamre_UWA,2/19/2022 3:53:57 AM,,,121.931282999726,-33.8334548176971
65,be8a3801-d779-4c30-b1dd-24c6590bab15,,EH,BandyCreekBR,Yes,No,Yes,Yes,NA,Yes,NA,NA,0,Nicole.Hamre_UWA,2/19/2022 4:08:37 AM,Nicole.Hamre_UWA,2/19/2022 4:08:37 AM,,,121.931221449857,-33.8335092861205
66,3783f8f8-18d2-41a6-a1c1-51b39a4320f8,,EH,BandyCreekBR,Yes,No,Yes,Yes,NA,Yes,NA,NA,0,Nicole.Hamre_UWA,2/19/2022 4:16:11 AM,Nicole.Hamre_UWA,2/19/2022 4:16:11 AM,,,121.931194534535,-33.8337800569839
67,97586454-4fd6-452b-a16b-87203e01e829,,EH,BandyCreekBR,Yes,No,Yes,Yes,NA,Yes,NA,NA,0,Nicole.Hamre_UWA,2/19/2022 4:24:53 AM,Nicole.Hamre_UWA,2/19/2022 4:24:53 AM,,,121.931163887611,-33.8334443896335
68,443c5b72-922d-489e-9b6b-323f1cf6b92d,,EH,BandyCreekBR,Yes,No,Yes,Yes,NA,Yes,NA,NA,0,Nicole.Hamre_UWA,2/19/2022 4:40:22 AM,Nicole.Hamre_UWA,2/19/2022 4:40:22 AM,,,121.931293686084,-33.8336817096611
69,fcedcde4-5035-49e4-abdb-aee8f3cdf541,,EH,BandyCreekBR,Yes,No,Yes,Yes,NA,Yes,NA,NA,0,Nicole.Hamre_UWA,2/19/2022 4:50:14 AM,Nicole.Hamre_UWA,2/19/2022 4:50:14 AM,,,121.931069646252,-33.8336790345621
70,3d61651b-35c8-42f5-ae6b-1465e738d0f6,,EH,BandyCreekBR,Yes,No,NE,Yes,NA,Yes,NA,NA,0,Nicole.Hamre_UWA,2/19/2022 4:56:36 AM,Nicole.Hamre_UWA,2/19/2022 4:56:36 AM,,,121.930828465667,-33.8331800133575
71,da74e667-bb5f-4409-ba2c-9c3f043fa2f8,,EH,BandyCreekBR,Yes,Yes,Yes,Yes,NA,Yes,NA,NA,0,Nicole.Hamre_UWA,2/19/2022 5:03:00 AM,Nicole.Hamre_UWA,2/19/2022 5:03:00 AM,,,121.930884710983,-33.8333449069617
72,88ae9399-037e-41e0-a7d7-5970e27d8280,,EH,BandyCreekBR,Yes,No,Yes,Yes,NA,Yes,NA,NA,0,Nicole.Hamre_UWA,2/19/2022 5:07:31 AM,Nicole.Hamre_UWA,2/19/2022 5:07:31 AM,,,121.931306569722,-33.8339600627586
73,a1e5b056-77da-48e8-be2c-6f5762c26e08,,EH,BandyCreekBR,Yes,No,Yes,Yes,2,Yes,2,2,0,Nicole.Hamre_UWA,2/19/2022 5:13:41 AM,Nicole.Hamre_UWA,2/19/2022 5:13:41 AM,,,121.931258867384,-33.8325130319403
74,7ea34af3-4664-4006-967e-cd1bde677861,,EH,BandyCreekBR,Yes,No,Yes,Yes,NA,Yes,NA,NA,0,Nicole.Hamre_UWA,2/19/2022 5:17:54 AM,Nicole.Hamre_UWA,2/19/2022 5:17:54 AM,,,121.9308571884,-33.8336591694317
75,271b9b6c-327a-4c5c-b585-4f33c4abfa3f,,EH,BandyCreekBR,Yes,No,Yes,Yes,NA,Yes,NA,NA,0,Nicole.Hamre_UWA,2/19/2022 5:23:56 AM,Nicole.Hamre_UWA,2/19/2022 5:23:56 AM,,,121.931703691553,-33.8337725450758
76,2c63b783-efcb-4aa7-ad8d-f9b5486436f0,,EH,BandyCreekBR,Yes,No,Yes,Yes,NA,Yes,NA,NA,0,Nicole.Hamre_UWA,2/19/2022 5:29:27 AM,Nicole.Hamre_UWA,2/19/2022 5:29:27 AM,,,121.930832903344,-33.8338607135089
77,7ad0b93e-4ba7-486f-b539-40142d477788,,EH,BandyCreekBR,Yes,Yes,Yes,Yes,NA,Yes,NA,NA,0,Nicole.Hamre_UWA,2/19/2022 5:36:51 AM,Nicole.Hamre_UWA,2/19/2022 5:36:51 AM,,,121.929719281649,-33.8344245929533
78,c567f82a-55d0-4314-85ee-560d20d3ad5a,,EH,BandyCreekBR,Yes,No,Yes,Yes,4,Yes,4,0,2,Nicole.Hamre_UWA,2/19/2022 6:17:18 AM,Nicole.Hamre_UWA,2/19/2022 6:17:18 AM,,,121.931357559894,-33.8336210852582
79,0a5b8863-8140-4542-91eb-ceee62f8b002,,EH,BandyCreekBR,Yes,No,Yes,No,7,Yes,1,7,0,Nicole.Hamre_UWA,2/19/2022 6:28:16 AM,Nicole.Hamre_UWA,2/19/2022 6:28:16 AM,,,121.931157424232,-33.8331749869776
80,dcf47047-6c74-4e58-9e25-dfbb783e3919,,EH,BandyCreekBR,Yes,No,Yes,Yes,NA,Yes,NA,NA,0,Nicole.Hamre_UWA,2/19/2022 7:02:13 AM,Nicole.Hamre_UWA,2/19/2022 7:02:13 AM,,,121.931311333488,-33.8332592511842
81,76ddcb46-0c4e-4441-bd9e-3d890a74d6e6,,NSH,EsperanceBR,Yes,No,Yes,Yes,NA,Yes,NA,NA,0,Nicole.Hamre_UWA,2/22/2022 1:56:47 AM,Nicole.Hamre_UWA,2/22/2022 1:56:47 AM,,,121.894188276505,-33.8651313677191
82,15590a95-c762-42b4-8e38-6f479473bd1e,,NSH,EsperanceBR,Yes,No,Yes,Yes,NA,Yes,NA,NA,0,Nicole.Hamre_UWA,2/22/2022 3:43:15 AM,Nicole.Hamre_UWA,2/22/2022 3:43:15 AM,,,121.893983569317,-33.8654891865764
83,1ad75c2b-5aaf-47dd-a8cc-2c8069b590d2,,NSH,EsperanceBR,Yes,Yes,Yes,Yes,NA,Yes,NA,NA,0,Nicole.Hamre_UWA,2/22/2022 4:17:09 AM,Nicole.Hamre_UWA,2/22/2022 4:21:14 AM,,,121.894190158476,-33.8646769916126
84,282d3f35-d0cd-4678-9cbf-455d021c089f,,NSH,EsperanceBR,Yes,No,Yes,Yes,NA,Yes,NA,NA,0,Nicole.Hamre_UWA,2/22/2022 4:48:36 AM,Nicole.Hamre_UWA,2/22/2022 4:48:36 AM,,,121.894188276505,-33.8651313677191
85,f961cc07-f0c7-4fbd-a3d2-d9890a9f2f4a,,NSH,EsperanceBR,Yes,No,No,No,NA,Yes,NA,NA,0,Nicole.Hamre_UWA,2/26/2022 1:35:50 AM,Nicole.Hamre_UWA,2/26/2022 1:35:50 AM,,,121.89375221091,-33.8637716507393
86,175d1c3c-38b0-4ae7-a973-9af6e2eb2509,,NSH,EsperanceBR,Yes,No,Yes,No,2,Yes,1,0,6,Nicole.Hamre_UWA,2/26/2022 1:54:12 AM,Nicole.Hamre_UWA,2/26/2022 1:54:12 AM,,,121.894219027634,-33.8657920906764
87,bba0a9bd-5d4d-4e86-bc35-7ac22f1c0ec8,,EH,BandyCreekBR,Yes,No,Yes,Yes,NA,Yes,NA,NA,0,Nicole.Hamre_UWA,2/17/2022 2:12:40 AM,Nicole.Hamre_UWA,2/17/2022 2:12:40 AM,,,121.931554546961,-33.8333601957516
88,1adcb2a0-ecb1-47df-b8d0-a777e6de2176,,EH,BandyCreekBR,Yes,No,Yes,Yes,NA,Yes,NA,NA,0,Nicole.Hamre_UWA,2/17/2022 2:17:04 AM,Nicole.Hamre_UWA,2/17/2022 2:17:04 AM,,,121.931631622413,-33.8331969273926
89,04176d5c-585d-4a82-a942-f3c8dddf0890,,EH,BandyCreekBR,Yes,Yes,Yes,Yes,7,Yes,2,7,0,Nicole.Hamre_UWA,2/17/2022 2:24:13 AM,Nicole.Hamre_UWA,2/17/2022 2:32:39 AM,,,121.930904880856,-33.8332986077823
90,e5379b65-1d61-4294-985a-65399a766c26,,EH,BandyCreekBR,Yes,No,Yes,Yes,NA,Yes,NA,NA,0,Nicole.Hamre_UWA,2/17/2022 3:44:45 AM,Nicole.Hamre_UWA,2/17/2022 3:44:45 AM,,,121.931310454037,-33.8330929060611
91,fa64a3e7-2973-4381-914d-fcdffe228ab8,,EH,BandyCreekBR,Yes,No,Yes,Yes,NA,Yes,NA,NA,0,Nicole.Hamre_UWA,2/17/2022 3:51:57 AM,Nicole.Hamre_UWA,2/17/2022 3:51:57 AM,,,121.930971801752,-33.8335526011589
92,a1317a62-1007-43e4-b57b-6f082494e665,,EH,BandyCreekBR,Yes,No,Yes,Yes,NA,Yes,NA,NA,0,Nicole.Hamre_UWA,2/17/2022 4:44:20 AM,Nicole.Hamre_UWA,2/17/2022 4:44:20 AM,,,121.931014457355,-33.833446108865
93,2242e510-eb13-4c0e-9000-9656a79ad96c,,EH,BandyCreekBR,Yes,Yes,Yes,Yes,14,Yes,5,7,0,Nicole.Hamre_UWA,2/17/2022 5:12:03 AM,Nicole.Hamre_UWA,2/17/2022 5:12:03 AM,,,121.931146692958,-33.8331372838948
94,00ebd7d6-c03f-43aa-ae64-1fe5ab20fcff,,EH,BandyCreekBR,Yes,No,Yes,Yes,NA,Yes,NA,NA,0,Nicole.Hamre_UWA,2/18/2022 1:39:38 AM,Nicole.Hamre_UWA,2/18/2022 1:39:38 AM,,,121.931156523222,-33.8331268132593
95,a275649f-2910-4fa3-abd1-778727ac2efc,,EH,BandyCreekBR,Yes,Yes,Yes,Yes,NA,Yes,NA,NA,0,Nicole.Hamre_UWA,2/18/2022 3:13:29 AM,Nicole.Hamre_UWA,2/18/2022 3:16:32 AM,,,121.931232881818,-33.8335862111899
96,cafab483-d30b-4a36-8873-84384ed691c1,,EH,BandyCreekBR,Yes,No,Yes,Yes,NA,Yes,NA,NA,0,Nicole.Hamre_UWA,2/18/2022 4:44:33 AM,Nicole.Hamre_UWA,2/18/2022 4:44:33 AM,,,121.931301224746,-33.8332003770584
97,0c7d9c06-fce7-4549-bb10-b5c7d625891b,,NSH,EsperanceBR,Yes,No,Yes,No,NA,Yes,NA,NA,0,Nicole.Hamre_UWA,2/19/2022 1:37:43 AM,Nicole.Hamre_UWA,2/19/2022 1:37:43 AM,,,121.893601184348,-33.8646425464441
98,51dfa3f7-82df-41cf-a0f8-1aa93ffd6a6c,,NSH,EsperanceBR,Yes,No,Yes,No,3,Yes,1,All,3,Nicole.Hamre_UWA,2/19/2022 1:48:30 AM,Nicole.Hamre_UWA,2/19/2022 1:48:30 AM,,,121.89421383627,-33.8644885776094
99,e8769595-a7cf-4616-b37c-fceb5542f34a,,NSH,EsperanceBR,Yes,No,Yes,Yes,NA,Yes,NA,NA,0,Nicole.Hamre_UWA,2/19/2022 2:30:41 AM,Nicole.Hamre_UWA,2/19/2022 2:30:41 AM,,,121.893826233886,-33.8646572537823
100,4da40b00-6cd5-4896-aea9-ae5dd656ecdc,,NSH,EsperanceBR,Yes,No,Yes,Yes,NA,Yes,NA,NA,0,Nicole.Hamre_UWA,2/19/2022 2:42:31 AM,Nicole.Hamre_UWA,2/19/2022 2:42:31 AM,,,121.894178860365,-33.8647509034469
101,4c37abe2-3fbd-4ed5-bba2-f35cff58bb67,,NSH,EsperanceBR,Yes,No,Yes,Yes,NA,Yes,NA,NA,0,Nicole.Hamre_UWA,2/19/2022 2:53:34 AM,Nicole.Hamre_UWA,2/19/2022 2:53:34 AM,,,121.894364547524,-33.8655776288516
102,82356359-03c8-4040-9730-e90cdfb90f38,,NSH,EsperanceBR,Yes,No,Yes,Yes,NA,Yes,NA,NA,0,Nicole.Hamre_UWA,2/19/2022 3:22:35 AM,Nicole.Hamre_UWA,2/19/2022 3:22:35 AM,,,121.893826233886,-33.8646572537823
103,05a82126-6c04-46d6-8c92-aebbb78f2a8b,,NSH,EsperanceBR,Yes,No,Yes,Yes,5,Yes,1,3,0,Nicole.Hamre_UWA,2/19/2022 3:27:45 AM,Nicole.Hamre_UWA,2/19/2022 3:27:45 AM,,,121.893601184348,-33.8646425464441
104,4e0c97df-f4e1-45b4-ad54-c0dc16f8470c,,NSH,EsperanceBR,Yes,No,No,Yes,NA,Yes,1,3,0,Nicole.Hamre_UWA,2/19/2022 3:34:54 AM,Nicole.Hamre_UWA,2/19/2022 3:34:54 AM,,,121.893826233886,-33.8646572537823
105,38649731-bad5-4ab5-99d2-470be1d85d8b,,NSH,EsperanceBR,Yes,Yes,No,Yes,NA,Yes,NA,NA,0,Nicole.Hamre_UWA,2/19/2022 3:38:34 AM,Nicole.Hamre_UWA,2/19/2022 3:38:34 AM,,,121.893826233886,-33.8646572537823
106,99541474-93ff-4b55-af57-8615892206f5,,NSH,EsperanceBR,Yes,Yes,No,Yes,NA,Yes,NA,NA,0,Nicole.Hamre_UWA,2/19/2022 3:45:27 AM,Nicole.Hamre_UWA,2/19/2022 3:45:27 AM,,,121.894364547524,-33.8655776288516
107,e2c71f7c-ed3b-4b6c-a4dd-23495340d369,,NSH,EsperanceBR,Yes,No,Yes,Yes,NA,Yes,NA,NA,0,Nicole.Hamre_UWA,2/19/2022 4:08:12 AM,Nicole.Hamre_UWA,2/19/2022 4:08:12 AM,,,121.894188276505,-33.8651313677191
108,03725eb2-3931-4f63-aa4f-7b85b962b03e,,NSH,EsperanceBR,Yes,No,Yes,Yes,NA,Yes,NA,NA,0,Nicole.Hamre_UWA,2/19/2022 4:29:52 AM,Nicole.Hamre_UWA,2/19/2022 4:29:52 AM,,,121.89399898261,-33.865724200002
109,8e74fb7b-1697-45ff-99e2-a74617ea22ce,,NSH,BandyCreekBR,Yes,No,Yes,Yes,NA,Yes,NA,NA,0,Nicole.Hamre_UWA,2/19/2022 5:27:48 AM,Nicole.Hamre_UWA,2/19/2022 5:27:48 AM,,,121.93110378942,-33.8339321955526
110,08f70467-6c0b-4af2-bc5e-a892ab8a700d,,NSH,BandyCreekBR,Yes,No,Yes,Yes,NA,Yes,NA,NA,0,Nicole.Hamre_UWA,2/19/2022 5:39:33 AM,Nicole.Hamre_UWA,2/19/2022 5:39:33 AM,,,121.931281839102,-33.8334782123724
111,cc6c0986-c741-4f81-8a96-1b78bf3d6e51,,NSH,BandyCreekBR,Yes,No,Yes,Yes,NA,Yes,NA,NA,0,Nicole.Hamre_UWA,2/19/2022 5:53:54 AM,Nicole.Hamre_UWA,2/19/2022 5:53:54 AM,,,121.931498530715,-33.8334055240985
112,d7ff377e-dadf-427c-90d5-15e4b96a29f3,,NSH,BandyCreekBR,Yes,Yes,No,Yes,NA,Yes,NA,NA,0,Nicole.Hamre_UWA,2/19/2022 6:09:42 AM,Nicole.Hamre_UWA,2/19/2022 6:09:42 AM,,,121.93110378942,-33.8339321955526
113,3c09cff3-29fc-4311-99d5-7185c3a16a96,,NSH,BandyCreekBR,Yes,No,Yes,Yes,NA,Yes,NA,NA,0,Nicole.Hamre_UWA,2/19/2022 6:15:12 AM,Nicole.Hamre_UWA,2/19/2022 6:15:12 AM,,,121.930806039226,-33.8339990235536
114,db10fec0-c528-4a62-b252-d28b6c06e265,,NSH,BandyCreekBR,Yes,No,Yes,Yes,NA,Yes,NA,NA,0,Nicole.Hamre_UWA,2/19/2022 6:25:22 AM,Nicole.Hamre_UWA,2/19/2022 6:25:22 AM,,,121.931465546375,-33.8335626710366
115,d2d03996-faca-47e5-a2ee-0dfa613c95ef,,NSH,BandyCreekBR,Yes,No,Yes,Yes,NA,Yes,NA,NA,0,Nicole.Hamre_UWA,2/19/2022 6:30:19 AM,Nicole.Hamre_UWA,2/19/2022 6:30:19 AM,,,121.93110378942,-33.8339321955526
116,3a5f1a2b-9ccd-4c77-b7b5-2ffb891a1601,,NSH,BandyCreekBR,Yes,No,Yes,Yes,NA,Yes,NA,NA,0,Nicole.Hamre_UWA,2/19/2022 6:48:44 AM,Nicole.Hamre_UWA,2/19/2022 6:48:44 AM,,,121.931509518908,-33.833337737519
117,49e1e9cb-9b9b-47c2-ba99-33679c1094ee,,EH,BandyCreekBR,Yes,No,Yes,Yes,NA,Yes,NA,NA,0,Nicole.Hamre_UWA,2/22/2022 4:03:42 AM,Nicole.Hamre_UWA,2/22/2022 4:03:42 AM,,,121.930681462659,-33.8336275853424
118,8111a384-2bf9-4c4a-9b1e-abab8c98f4d7,,EH,BandyCreekBR,Yes,Yes,Yes,Yes,NA,Yes,NA,NA,0,Nicole.Hamre_UWA,2/22/2022 4:08:35 AM,Nicole.Hamre_UWA,2/22/2022 4:08:35 AM,,,121.931071470731,-33.8336866091586
119,c9d6c970-69c5-4d98-b565-d07085adcfbd,,EH,BandyCreekBR,Yes,No,Yes,Yes,NA,Yes,NA,NA,0,Nicole.Hamre_UWA,2/22/2022 4:12:31 AM,Nicole.Hamre_UWA,2/22/2022 4:12:31 AM,,,121.931048309468,-33.8331765733914
120,1329c3a8-8bc5-4ae3-a9b5-deb11cb5d8b4,,EH,BandyCreekBR,Yes,Yes,Yes,Yes,NA,Yes,NA,NA,0,Nicole.Hamre_UWA,2/22/2022 5:27:54 AM,Nicole.Hamre_UWA,2/22/2022 5:32:46 AM,,,121.931361540329,-33.8337643653257
121,a5f28630-2646-4bfb-949f-5fed2cb9034f,,EH,BandyCreekBR,Yes,Yes,No,Yes,NA,Yes,NA,NA,0,Nicole.Hamre_UWA,2/22/2022 5:42:13 AM,Nicole.Hamre_UWA,2/22/2022 5:42:13 AM,,,121.931285418889,-33.8341638797609
122,587038c5-3b90-4e50-a999-a0fc76affc7a,,EH,BandyCreekBR,Yes,No,Yes,Yes,NA,Yes,NA,NA,0,Nicole.Hamre_UWA,2/22/2022 5:48:36 AM,Nicole.Hamre_UWA,2/22/2022 5:48:36 AM,,,121.931268361678,-33.8333127974347
123,ca992115-75a7-4a71-9f7d-0fe33b578681,,EH,BandyCreekBR,Yes,No,Yes,Yes,NA,Yes,NA,NA,0,Nicole.Hamre_UWA,2/22/2022 6:07:02 AM,Nicole.Hamre_UWA,2/22/2022 6:07:02 AM,,,121.931202597813,-33.8336956977779
124,179f0557-cef4-499a-8141-bef2378755f0,,EH,BandyCreekBR,Yes,No,NE,Yes,NA,Yes,NA,NA,0,Nicole.Hamre_UWA,2/22/2022 6:15:01 AM,Nicole.Hamre_UWA,2/22/2022 6:15:01 AM,,,121.931123571221,-33.8337885523713
125,4ebfe7ef-b690-4de7-9e0c-c2bbb1ba1825,,EH,BandyCreekBR,Yes,No,Yes,Yes,NA,Yes,NA,NA,0,Nicole.Hamre_UWA,2/22/2022 6:21:12 AM,Nicole.Hamre_UWA,2/22/2022 6:27:16 AM,,,121.931031199257,-33.8339830513684
126,3c86553b-97c3-4872-9981-c3dd447aa113,,EH,BandyCreekBR,Yes,No,Yes,Yes,4,Yes,1,3,1,Nicole.Hamre_UWA,2/26/2022 1:07:07 AM,Nicole.Hamre_UWA,2/26/2022 1:07:07 AM,,,121.93109579621,-33.8334861384439
127,995ab30b-17bd-4b63-b227-e7aeb2f2b864,,EH,BandyCreekBR,No,No,NE,Yes,NA,Yes,NA,NA,0,Nicole.Hamre_UWA,2/26/2022 2:10:38 AM,Nicole.Hamre_UWA,2/26/2022 2:10:38 AM,,,121.931387156688,-33.8334314349546
128,3eecdd3d-d852-403a-9293-74a5f58fd342,,EH,BandyCreekBR,Yes,Yes,No,Yes,NA,Yes,NA,NA,0,Nicole.Hamre_UWA,2/26/2022 3:14:56 AM,Nicole.Hamre_UWA,2/26/2022 3:14:56 AM,,,121.931387156688,-33.8334637205389
129,ee39040d-535f-4f9c-98cf-f6e3dfb4da8c,,EH,BandyCreekBR,No,No,Yes,Yes,NA,Yes,NA,NA,0,Nicole.Hamre_UWA,2/26/2022 3:39:34 AM,Nicole.Hamre_UWA,2/26/2022 3:39:34 AM,,,121.931411935817,-33.8336176042692
130,500d4e4a-ff0b-409f-8611-45cd731b7efe,,EH,EsperanceBR,Yes,No,Yes,Yes,NA,Yes,NA,NA,0,Nicole.Hamre_UWA,2/16/2022 2:41:20 AM,Nicole.Hamre_UWA,2/16/2022 2:51:13 AM,,,121.894706828105,-33.8657026662566
131,bba4a32c-e66a-4526-aac6-308d754f0fe0,,EH,EsperanceBR,Yes,No,Yes,No,5,Yes,2,0,0,Nicole.Hamre_UWA,2/16/2022 3:17:04 AM,Nicole.Hamre_UWA,2/16/2022 3:17:04 AM,,,121.894402027034,-33.8655548292536
132,d560306f-cdd5-4496-b846-ca6c9efd9fad,,EH,EsperanceBR,Yes,No,Yes,Yes,NA,Yes,NA,NA,0,Nicole.Hamre_UWA,2/16/2022 3:35:10 AM,Nicole.Hamre_UWA,2/16/2022 3:35:10 AM,,,121.894120546228,-33.8654751492127
133,f5deb850-9c45-49ed-ba4f-68861d2d8004,,EH,EsperanceBR,Yes,No,Yes,Yes,NA,Yes,NA,NA,0,Nicole.Hamre_UWA,2/16/2022 3:50:18 AM,Nicole.Hamre_UWA,2/16/2022 3:50:18 AM,,,121.894158124553,-33.8679914352807
134,a53d7962-02a9-4e66-b64a-d9ec17107611,,EH,EsperanceBR,Yes,No,Yes,Yes,NA,Yes,NA,NA,0,Nicole.Hamre_UWA,2/16/2022 3:55:59 AM,Nicole.Hamre_UWA,2/16/2022 3:55:59 AM,,,121.894786030767,-33.8680947420766
135,e9b77b44-583b-48dc-bdee-85a9594bac79,,EH,EsperanceBR,Yes,No,Yes,Yes,NA,Yes,NA,NA,0,Nicole.Hamre_UWA,2/16/2022 4:05:47 AM,Nicole.Hamre_UWA,2/16/2022 4:05:47 AM,,,121.893700000826,-33.8665951548559
136,8e9ee990-5eb8-45f7-9619-d77e261f9c2d,,EH,EsperanceBR,Yes,No,No,No,0,No,0,0,0,Nicole.Hamre_UWA,2/16/2022 4:15:43 AM,Nicole.Hamre_UWA,2/16/2022 4:15:43 AM,,,121.893357985248,-33.8661584899344
137,777906ad-730b-4b2a-a042-20158febdb2a,,EH,EsperanceBR,Yes,No,Yes,Yes,NA,Yes,NA,NA,0,Nicole.Hamre_UWA,2/16/2022 4:21:31 AM,Nicole.Hamre_UWA,2/16/2022 4:21:31 AM,,,121.894322194653,-33.8665697724608
138,e2100749-6809-4183-8d75-b1eb2623cdc4,,EH,BandyCreekBR,Yes,No,Yes,Yes,NA,Yes,NA,NA,0,Nicole.Hamre_UWA,2/16/2022 4:52:50 AM,Nicole.Hamre_UWA,2/16/2022 4:52:50 AM,,,121.931431010644,-33.8322005374937
139,e4074320-0ff9-4182-9b05-235d79945572,,NSH,BandyCreekBR,Yes,No,Yes,Yes,4,Yes,1,All,0,Nicole.Hamre_UWA,2/16/2022 5:43:58 AM,Nicole.Hamre_UWA,2/16/2022 5:43:58 AM,,,121.931623851986,-33.8328850704615
140,33dee111-fc0a-4101-8254-03a7fcc46221,,NSH,EsperanceBR,Yes,No,NE,Refusal,Refusal,Refusal,Refusal,Refusal,0,Nicole.Hamre_UWA,3/5/2022 7:00:54 AM,Nicole.Hamre_UWA,3/5/2022 7:00:54 AM,Yes,PNTS,115.802712636725,-31.9323430220905
142,e8464e00-20ab-471a-9bc3-360628bc350b,,EH,EsperanceBR,Yes,Yes,Yes,Yes,NA,Yes,NA,NA,0,Nicole.Hamre_UWA,3/9/2022 2:58:54 AM,Nicole.Hamre_UWA,3/9/2022 2:58:54 AM,No,No,121.894382165283,-33.8656981445349
143,7a929da3-150d-42da-ab7f-32bcc0218816,,NSH,EsperanceBR,Yes,Yes,No,Refusal,Refusal,Refusal,Refusal,Refusal,0,Nicole.Hamre_UWA,3/10/2022 1:28:12 AM,Nicole.Hamre_UWA,3/10/2022 1:28:12 AM,PNTS,PNTS,121.893864259572,-33.8652892522002
144,8dad0574-ea07-4dcd-9ebb-ad0107d5738e,,NSH,EsperanceBR,Yes,Yes,Yes,Yes,NA,No,NA,NA,0,Nicole.Hamre_UWA,3/10/2022 3:38:42 AM,Nicole.Hamre_UWA,3/10/2022 3:38:42 AM,No,No,121.893898305722,-33.8651914647789
145,98b8b5ca-52a6-4d73-b426-89826e18128d,,NSH,EsperanceBR,Yes,Yes,Yes,Yes,NA,Yes,NA,NA,0,Nicole.Hamre_UWA,3/10/2022 5:06:38 AM,Nicole.Hamre_UWA,3/10/2022 5:09:25 AM,No,No,121.893738663417,-33.8653009131061
146,ad756891-36d6-442d-b159-d2e510301221,,NSH,EsperanceBR,Yes,No,Yes,Yes,NA,Yes,NA,NA,0,Nicole.Hamre_UWA,3/10/2022 5:14:26 AM,Nicole.Hamre_UWA,3/10/2022 5:14:26 AM,No,No,121.894445098557,-33.8666696080478
147,89d10b01-c100-4498-becf-b82a4bf0d26f,,EH,EsperanceBR,Yes,No,Yes,Yes,NA,Yes,NA,NA,0,Nicole.Hamre_UWA,3/11/2022 3:43:40 AM,Nicole.Hamre_UWA,3/11/2022 3:43:40 AM,No,,121.893954957975,-33.8648945124781
148,7138d321-8db7-44a3-b0aa-538acfe02de4,,EH,EsperanceBR,Yes,Yes,Yes,Yes,NA,Yes,NA,NA,0,Nicole.Hamre_UWA,3/11/2022 3:52:41 AM,Nicole.Hamre_UWA,3/11/2022 3:52:41 AM,,,121.893901147093,-33.8655122950005
149,88870620-8e0f-445c-9913-a33e44d500e2,,EH,EsperanceBR,Yes,No,No,Yes,NA,Yes,NA,NA,0,Nicole.Hamre_UWA,3/11/2022 3:55:42 AM,Nicole.Hamre_UWA,3/11/2022 3:55:42 AM,No,,121.893997398881,-33.8658017800692
150,e0910706-d726-4010-bbfd-bdd7928cac6e,,EH,BandyCreekBR,Yes,No,Yes,Yes,4,Yes,2,0,1,Nicole.Hamre_UWA,3/11/2022 4:33:11 AM,Nicole.Hamre_UWA,3/11/2022 5:08:14 AM,No,,121.931631293629,-33.8337254939667
151,815033d5-9f70-4487-a728-d14dc51eb08e,,EH,BandyCreekBR,Yes,No,Yes,Yes,5,Yes,3,1,0,Nicole.Hamre_UWA,3/11/2022 4:46:32 AM,Nicole.Hamre_UWA,3/11/2022 5:08:32 AM,No,,121.931474612172,-33.8329600052353
152,16402c26-fbe0-41d1-8987-ef8b2e58e268,,EH,BandyCreekBR,Yes,No,Yes,Yes,3,Yes,3,0,1,Nicole.Hamre_UWA,3/11/2022 4:57:16 AM,Nicole.Hamre_UWA,3/11/2022 4:57:16 AM,No,,121.930998485309,-33.8338727361308
153,e162f75c-9e9a-4d59-9996-a55d4bdceb9f,,EH,BandyCreekBR,Yes,Yes,Yes,Yes,NA,Yes,NA,NA,0,Nicole.Hamre_UWA,3/11/2022 5:03:54 AM,Nicole.Hamre_UWA,3/11/2022 5:03:54 AM,No,,121.930982352465,-33.8347182075546
154,da6e33c6-2b31-48c2-b7da-fe74a0b5e435,,EH,BandyCreekBR,Yes,No,Yes,No,5,Yes,2,1,0,Nicole.Hamre_UWA,3/12/2022 3:05:49 AM,Nicole.Hamre_UWA,3/12/2022 3:05:49 AM,No,,121.930329629393,-33.8350452828608
155,fa6c82bf-9b3c-4ae1-925b-34ab6a904f5f,,EH,BandyCreekBR,Yes,No,No,Yes,NA,Yes,NA,NA,0,Nicole.Hamre_UWA,3/12/2022 3:18:13 AM,Nicole.Hamre_UWA,3/12/2022 3:18:13 AM,,,121.93159242712,-33.8347539116624
156,b65f27b9-0049-4706-9713-289f2921dbe5,,EH,BandyCreekBR,Yes,No,NE,Yes,NA,Yes,NA,NA,0,Nicole.Hamre_UWA,3/12/2022 3:23:11 AM,Nicole.Hamre_UWA,3/12/2022 3:23:11 AM,,,121.998941620389,-33.9320748959826
157,f9fea0a2-797e-4012-a20c-77f140e8afaa,,EH,BandyCreekBR,Yes,Yes,Yes,Yes,NA,Yes,NA,NA,0,Nicole.Hamre_UWA,3/12/2022 4:09:43 AM,Nicole.Hamre_UWA,3/12/2022 4:09:43 AM,No,,121.93172789576,-33.8345774773054
158,770ad937-d86f-414c-bf4a-4f6ab192176d,,EH,BandyCreekBR,Yes,No,Yes,Yes,NA,Yes,NA,NA,0,Nicole.Hamre_UWA,3/12/2022 4:33:56 AM,Nicole.Hamre_UWA,3/12/2022 4:33:56 AM,No,,121.930782896827,-33.8344519899018
159,2bac57ed-edf9-4393-9f8d-c27e2b733d11,,EH,BandyCreekBR,Yes,No,Yes,Yes,4,Yes,4,NA,0,Nicole.Hamre_UWA,3/12/2022 5:30:01 AM,Nicole.Hamre_UWA,3/12/2022 5:30:01 AM,No,,121.930585792979,-33.833335913818
160,6989c75c-5493-4583-bad9-39d2a8f79b96,,EH,BandyCreekBR,Yes,No,Yes,Yes,4,Yes,4,0,0,Nicole.Hamre_UWA,3/12/2022 5:36:41 AM,Nicole.Hamre_UWA,3/12/2022 5:36:41 AM,No,,121.931497161683,-33.8340484175455
161,d6dd4ccb-66d7-46e1-bfbc-dbd2d7fea794,,EH,BandyCreekBR,Yes,No,No,Refusal,Refusal,Refusal,Refusal,Refusal,0,Nicole.Hamre_UWA,3/12/2022 5:40:30 AM,Nicole.Hamre_UWA,3/12/2022 5:40:30 AM,,,121.930869429742,-33.8345203725456
162,572a4c44-7466-4257-b1ad-49732d4c5649,,EH,BandyCreekBR,Yes,No,Yes,Yes,4,Yes,2,0,1,Nicole.Hamre_UWA,3/12/2022 5:46:25 AM,Nicole.Hamre_UWA,3/12/2022 5:46:25 AM,No,,121.930498159628,-33.8338917595089
163,6c243cb5-b6ce-4b8c-9f9f-c3f40742a68e,,EH,BandyCreekBR,Yes,No,Yes,Yes,4,Yes,2,0,1,Nicole.Hamre_UWA,3/12/2022 6:22:29 AM,Nicole.Hamre_UWA,3/12/2022 6:22:29 AM,No,,121.930999765408,-33.8338530419231
164,a340d541-752e-4d35-a556-3f344b640220,,EH,BandyCreekBR,Yes,No,Yes,Yes,2,Yes,2,0,0,Nicole.Hamre_UWA,3/12/2022 6:38:03 AM,Nicole.Hamre_UWA,3/12/2022 6:38:03 AM,No,,121.931695678581,-33.8342489839457
165,e136992d-e229-462e-bc82-824809d83ed1,,EH,BandyCreekBR,Yes,Yes,Yes,Yes,NA,Yes,NA,NA,0,Nicole.Hamre_UWA,3/12/2022 7:21:11 AM,Nicole.Hamre_UWA,3/12/2022 7:21:11 AM,No,,121.931442545012,-33.8337513786091
166,0e3ee5cb-185b-4972-a837-d1ca84e6cc12,,NSH,BandyCreekBR,Yes,No,Yes,Yes,Refusal,Refusal,Refusal,Refusal,0,Nicole.Hamre_UWA,3/9/2022 1:52:21 AM,Nicole.Hamre_UWA,3/9/2022 1:52:21 AM,No,No,121.931255964927,-33.8339949978618
167,c2ca509e-eb8a-4aa6-aae2-2b36289cc47a,,NSH,BandyCreekBR,Yes,Yes,Yes,Yes,NA,Yes,NA,NA,0,Nicole.Hamre_UWA,3/9/2022 3:56:52 AM,Nicole.Hamre_UWA,3/9/2022 3:56:52 AM,No,No,121.931123571221,-33.8337885523713
168,56457d9b-2660-40e3-bd9a-272827d09af5,,EH,BandyCreekBR,Yes,No,Yes,No,9,Yes,5,4,1,Nicole.Hamre_UWA,3/10/2022 2:30:23 AM,Nicole.Hamre_UWA,3/10/2022 2:30:23 AM,No,,121.93140464509,-33.8335472979631
169,efddb797-1c2e-4cb3-af04-3bc6a29c4c20,,EH,BandyCreekBR,Yes,Yes,Yes,Yes,7,Yes,1,0,0,Nicole.Hamre_UWA,3/10/2022 2:45:28 AM,Nicole.Hamre_UWA,3/10/2022 2:45:28 AM,No,,121.931801685174,-33.8340512067997
170,2e7257f7-9ed2-4623-a625-1fc038e4c219,,EH,BandyCreekBR,Yes,Yes,Yes,Yes,NA,Yes,NA,NA,0,Nicole.Hamre_UWA,3/10/2022 4:14:21 AM,Nicole.Hamre_UWA,3/10/2022 4:14:21 AM,,,121.931490331792,-33.8336052294085
171,f71c1a9e-093f-4e6c-9963-4b5e1c8b932d,,EH,BandyCreekBR,Yes,No,Yes,Yes,NA,Yes,NA,NA,0,Nicole.Hamre_UWA,3/10/2022 4:36:16 AM,Nicole.Hamre_UWA,3/10/2022 7:30:01 AM,No,No,121.93051083845,-33.8335722103698
172,67a38e21-eaa7-49a9-84c7-a6d146f08412,,EH,BandyCreekBR,Yes,No,Yes,Yes,NA,Yes,NA,NA,0,Nicole.Hamre_UWA,3/10/2022 4:41:59 AM,Nicole.Hamre_UWA,3/10/2022 4:41:59 AM,No,,121.931296541829,-33.8332696001737
173,5248bf72-4f16-4e85-8971-bf3d1b1df700,,EH,BandyCreekBR,Yes,No,Yes,Yes,NA,Yes,NA,NA,0,Nicole.Hamre_UWA,3/10/2022 5:27:21 AM,Nicole.Hamre_UWA,3/10/2022 5:27:21 AM,No,,121.931481292943,-33.8339995317086
174,f25e0634-5d70-419e-a875-9c0ad821d158,,EH,BandyCreekBR,Yes,No,Yes,No,7,Yes,3,0,0,Nicole.Hamre_UWA,3/10/2022 6:11:32 AM,Nicole.Hamre_UWA,3/10/2022 6:11:32 AM,No,,121.931032668002,-33.8338039425638
175,26ad0a3e-a8b0-453d-9172-3f1ec0412814,,NSH,BandyCreekBR,Yes,No,Yes,No,4,Yes,2,0,6,Nicole.Hamre_UWA,3/11/2022 2:02:01 AM,Nicole.Hamre_UWA,3/11/2022 2:02:01 AM,No,No,121.93062003586,-33.8336486951291
176,7a85d6a7-763b-452c-bc9b-431fa6dcd28d,,NSH,BandyCreekBR,Yes,No,Yes,No,10,Yes,5,All,5,Nicole.Hamre_UWA,3/11/2022 2:24:24 AM,Nicole.Hamre_UWA,3/11/2022 2:24:24 AM,No,No,121.931340868298,-33.8333664988602
177,9a205460-edb9-45e7-9836-2b44c6bdd1f0,,NSH,BandyCreekBR,Yes,No,No,Refusal,Refusal,Refusal,Refusal,Refusal,0,Nicole.Hamre_UWA,3/11/2022 3:03:00 AM,Nicole.Hamre_UWA,3/11/2022 3:03:00 AM,PNTS,PNTS,121.930516402615,-33.8337273325832
178,8ec60e3a-1140-4006-9a86-0b62c6eb0413,,NSH,BandyCreekBR,Yes,Yes,No,Refusal,Refusal,Refusal,Refusal,Refusal,0,Nicole.Hamre_UWA,3/11/2022 3:20:27 AM,Nicole.Hamre_UWA,3/11/2022 3:21:24 AM,No,No,121.930972046992,-33.8337705915468
179,269cf01c-6ccb-48e9-b705-21e13819b151,,NSH,BandyCreekBR,Yes,No,Yes,Yes,NA,Yes,NA,NA,0,Nicole.Hamre_UWA,3/11/2022 4:30:06 AM,Nicole.Hamre_UWA,3/11/2022 4:30:06 AM,No,Yes,121.931132848123,-33.8337061347652
180,c01501e7-f69b-43dc-b803-fb5662b835d4,,NSH,BandyCreekBR,Yes,No,Yes,No,4,Yes,2,0,15,Nicole.Hamre_UWA,3/11/2022 4:41:24 AM,Nicole.Hamre_UWA,3/11/2022 4:41:24 AM,No,No,121.933996834454,-33.8307302493683
181,84da0731-8397-436f-8efb-fe5b75bf0dd1,,NSH,BandyCreekBR,No,Yes,NE,No,NA,Yes,NA,NA,0,Nicole.Hamre_UWA,3/11/2022 4:50:58 AM,Nicole.Hamre_UWA,3/11/2022 4:50:58 AM,No,No,121.930966085772,-33.833402013253
182,90b2efc5-b0a1-4239-a75d-0108d83db123,,NSH,BandyCreekBR,Yes,Yes,No,Refusal,Refusal,Refusal,Refusal,Refusal,0,Nicole.Hamre_UWA,3/11/2022 4:52:52 AM,Nicole.Hamre_UWA,3/11/2022 4:52:52 AM,No,No,121.930842751575,-33.8334325505151
183,d31b2d8e-6618-494a-abd9-5db4bd30a022,,NSH,BandyCreekBR,Yes,Yes,No,Refusal,Refusal,Refusal,Refusal,Refusal,0,Nicole.Hamre_UWA,3/11/2022 5:02:17 AM,Nicole.Hamre_UWA,3/11/2022 5:02:17 AM,No,No,121.931002848426,-33.8335044619783
184,968aa520-fe38-41c7-ab66-ea28c1afb40b,,NSH,BandyCreekBR,Yes,No,Yes,No,5,Yes,3,0,7,Nicole.Hamre_UWA,3/11/2022 5:08:02 AM,Nicole.Hamre_UWA,3/11/2022 5:08:02 AM,No,No,121.931269389351,-33.8341365483846
185,fd6d4685-2c6e-4c91-81d8-eeb784e45e49,,NSH,EsperanceBR,Yes,No,Yes,Yes,NA,No,NA,NA,0,Nicole.Hamre_UWA,3/12/2022 3:02:14 AM,Nicole.Hamre_UWA,3/12/2022 3:02:14 AM,No,No,121.893858829256,-33.8646587575603
186,64d588d0-a5fe-4ca2-a913-6d7347287dbb,,NSH,EsperanceBR,Yes,No,Yes,Yes,NA,Yes,NA,NA,0,Nicole.Hamre_UWA,3/12/2022 3:12:07 AM,Nicole.Hamre_UWA,3/12/2022 3:12:07 AM,No,No,121.892256337198,-33.86587329208
187,8d7de1f4-dd3a-44e4-9829-416427ac0bb7,,NSH,EsperanceBR,Yes,No,Yes,Yes,4,Yes,2,2,0,Nicole.Hamre_UWA,3/12/2022 3:56:30 AM,Nicole.Hamre_UWA,3/12/2022 3:56:30 AM,No,No,121.894150693689,-33.8653268523316
188,da74b573-68da-4ea1-88e4-4bdd2169a8c8,,NSH,EsperanceBR,Yes,Yes,Yes,Yes,NA,Yes,NA,NA,0,Nicole.Hamre_UWA,3/12/2022 4:05:28 AM,Nicole.Hamre_UWA,3/12/2022 4:17:55 AM,No,No,121.893978501022,-33.8650950392916
189,a116b566-61ca-40bd-b010-3e554b487803,,NSH,EsperanceBR,No,No,NE,Refusal,Refusal,Refusal,Refusal,Refusal,0,Nicole.Hamre_UWA,3/12/2022 4:53:05 AM,Nicole.Hamre_UWA,3/12/2022 4:53:05 AM,No,No,121.894137555828,-33.8651294492193
190,0de21cfa-1216-4ec0-bbff-693203c681da,,NSH,EsperanceBR,Yes,No,Yes,Yes,NA,No,NA,NA,0,Nicole.Hamre_UWA,3/12/2022 5:13:26 AM,Nicole.Hamre_UWA,3/12/2022 5:13:26 AM,No,No,121.893922700371,-33.8657026826667
191,a767fc2f-346f-479e-8d09-0359c55e118e,,NSH,EsperanceBR,Yes,No,Yes,No,2,Yes,2,0,1,Nicole.Hamre_UWA,3/12/2022 5:21:41 AM,Nicole.Hamre_UWA,3/12/2022 5:21:41 AM,Yes,No,121.894077352534,-33.8648242065463
192,8aa45386-165e-476c-ae9a-7a2a90af877e,,NSH,EsperanceBR,No,No,Yes,No,4,Yes,2,0,1,Nicole.Hamre_UWA,3/12/2022 6:29:13 AM,Nicole.Hamre_UWA,3/12/2022 6:29:13 AM,No,No,121.893884303681,-33.8648512744936
193,f04b5f9d-9758-4179-8283-4246c8eb6b78,,NSH,EsperanceBR,Yes,No,Yes,Yes,NA,No,NA,NA,0,Nicole.Hamre_UWA,3/12/2022 6:45:37 AM,Nicole.Hamre_UWA,3/12/2022 6:45:37 AM,No,No,121.892971514741,-33.863164963336
194,dfa61e9c-2bd8-4587-bc9d-847d157d8525,,NSH,EsperanceBR,Yes,No,Yes,Yes,NA,No,NA,NA,0,Nicole.Hamre_UWA,3/12/2022 7:13:50 AM,Nicole.Hamre_UWA,3/12/2022 7:13:50 AM,No,No,121.893858829256,-33.8646587575603
195,ebf4f30f-2174-4c7f-bc4c-3b0499b51276,,NSH,EsperanceBR,Yes,Yes,Yes,Yes,NA,No,NA,NA,0,Nicole.Hamre_UWA,3/12/2022 7:22:58 AM,Nicole.Hamre_UWA,3/12/2022 7:30:58 AM,No,No,121.894462599535,-33.865685255911
196,dcdd2cfe-f78b-4990-8efd-b935553933b4,,NSH,EsperanceBR,Yes,No,Yes,No,5,Yes,4,All,0,Nicole.Hamre_UWA,3/12/2022 7:34:19 AM,Nicole.Hamre_UWA,3/12/2022 7:34:19 AM,No,No,121.894036935533,-33.865003347295
197,33ef847c-1863-4d4c-b2c0-4878faa682c5,,NSH,EsperanceBR,Yes,Yes,No,Refusal,Refusal,Refusal,Refusal,Refusal,0,Nicole.Hamre_UWA,3/14/2022 2:34:01 AM,Nicole.Hamre_UWA,3/14/2022 2:34:01 AM,No,No,121.894038461771,-33.8649077182371
198,e20955c6-4068-4948-b964-8733c57456b0,,EH,EsperanceBR,Yes,No,Yes,Yes,NA,Yes,NA,NA,0,Nicole.Hamre_UWA,3/15/2022 1:45:56 AM,Nicole.Hamre_UWA,3/15/2022 1:45:56 AM,No,,121.894304295721,-33.8655524124928
199,4f32b570-333c-4069-a5b5-61a901f58084,,EH,EsperanceBR,Yes,No,Yes,Yes,NA,Yes,NA,NA,0,Nicole.Hamre_UWA,3/15/2022 2:35:56 AM,Nicole.Hamre_UWA,3/15/2022 2:35:56 AM,No,,121.893419130874,-33.8668284056527
200,c36ca304-69b5-4c71-88f3-8b9309af3b68,,EH,EsperanceBR,Yes,Yes,Yes,Yes,NA,Yes,NA,NA,0,Nicole.Hamre_UWA,3/15/2022 3:02:09 AM,Nicole.Hamre_UWA,3/15/2022 3:02:31 AM,No,,121.895313137921,-33.868780464328
201,34e6ea76-a0d9-4c61-aca9-39a5a3696c72,,EH,EsperanceBR,Yes,Yes,Yes,Yes,NA,Yes,NA,NA,0,Nicole.Hamre_UWA,3/15/2022 3:07:16 AM,Nicole.Hamre_UWA,3/15/2022 3:07:16 AM,No,,121.893713806135,-33.8674679342396
202,f46b03e7-2958-45bb-847d-6966ab6d6559,,EH,EsperanceBR,Yes,No,Yes,Yes,NA,Yes,NA,NA,0,Nicole.Hamre_UWA,3/15/2022 3:11:31 AM,Nicole.Hamre_UWA,3/15/2022 3:11:31 AM,No,,121.892081353465,-33.8678392163854
203,67fe0c09-eadd-481e-985a-dbc6cbf06166,,EH,EsperanceBR,Yes,No,Yes,Yes,NA,Yes,NA,NA,0,Nicole.Hamre_UWA,3/15/2022 3:16:08 AM,Nicole.Hamre_UWA,3/15/2022 3:16:08 AM,No,,121.89296933453,-33.867952645132
204,a0c5b463-a32a-4c5d-a209-a5b125be2378,,EH,EsperanceBR,Yes,No,Yes,Yes,6,Yes,2,3,0,Nicole.Hamre_UWA,3/15/2022 3:24:58 AM,Nicole.Hamre_UWA,3/15/2022 3:24:58 AM,No,,121.891851877927,-33.8673680652749
205,97246a80-be4b-442f-b4e0-bb9d0000e224,,EH,EsperanceBR,Yes,Yes,Yes,Yes,NA,Yes,NA,NA,0,Nicole.Hamre_UWA,3/15/2022 3:35:13 AM,Nicole.Hamre_UWA,3/15/2022 3:35:13 AM,No,,121.893611212242,-33.8680799003241
206,5aa9063f-aeb6-49a6-ada2-955bf628c841,,EH,EsperanceBR,Yes,No,Yes,Yes,4,Yes,3,1,0,Nicole.Hamre_UWA,3/15/2022 3:45:54 AM,Nicole.Hamre_UWA,3/15/2022 3:45:54 AM,No,,121.892857396361,-33.8668609396833
207,1e6d8a89-5e0a-4dad-bd48-d544e185f95c,,EH,EsperanceBR,Yes,Yes,Yes,Yes,NA,Yes,NA,NA,0,Nicole.Hamre_UWA,3/15/2022 4:14:01 AM,Nicole.Hamre_UWA,3/15/2022 4:14:01 AM,No,,121.89377307069,-33.8678559713971
208,7cb51318-863b-4561-9a7c-1531c3309708,,EH,EsperanceBR,Yes,Yes,Yes,Yes,9,Yes,6,NA,0,Nicole.Hamre_UWA,3/15/2022 4:21:24 AM,Nicole.Hamre_UWA,3/15/2022 4:21:24 AM,No,,121.893684721381,-33.8651476555721
209,6439b27f-3f8b-456b-bb14-cd70deb3fd70,,EH,BandyCreekBR,Yes,No,Yes,Yes,NA,Yes,NA,NA,0,Nicole.Hamre_UWA,3/15/2022 4:57:06 AM,Nicole.Hamre_UWA,3/15/2022 4:57:06 AM,No,,121.930748562319,-33.8338657861124
210,e848a873-15a5-4f09-adb5-5a8e07bb1414,,EH,BandyCreekBR,Yes,No,Yes,Yes,NA,Yes,NA,NA,0,Nicole.Hamre_UWA,3/15/2022 6:11:15 AM,Nicole.Hamre_UWA,3/15/2022 6:11:15 AM,No,,121.931367047002,-33.8334989259671
211,a50fe43d-acbf-49f7-a7f1-c3b0635f25c4,,EH,BandyCreekBR,Yes,Yes,Yes,Yes,NA,Yes,NA,NA,0,Nicole.Hamre_UWA,3/15/2022 7:06:50 AM,Nicole.Hamre_UWA,3/15/2022 7:06:50 AM,No,,121.930883114677,-33.8343731583598
212,c7d77e7a-2d1e-425a-a692-333ad181f833,,EH,EsperanceBR,Yes,No,Yes,Yes,3,Yes,2,3,0,Nicole.Hamre_UWA,3/16/2022 3:19:56 AM,Nicole.Hamre_UWA,3/16/2022 3:19:56 AM,No,,121.894404149753,-33.8655516889564
213,c4bca21a-c0da-4869-98b2-aa219cb1b513,,EH,BandyCreekBR,Yes,Yes,No,Yes,NA,Yes,NA,NA,0,Nicole.Hamre_UWA,3/17/2022 1:21:45 AM,Nicole.Hamre_UWA,3/17/2022 1:21:45 AM,,,121.934580119551,-33.8310408754433
214,ea54c0f5-a231-458c-bd4b-6dc7c7b8028f,,EH,BandyCreekBR,Yes,No,Yes,Yes,14,Yes,2,14,0,Nicole.Hamre_UWA,3/17/2022 2:31:48 AM,Nicole.Hamre_UWA,3/17/2022 2:31:48 AM,No,,121.931476536364,-33.8335678369319
215,f7415b1e-69fa-4594-be09-aff9b4c91ef4,,EH,BandyCreekBR,Yes,No,Yes,Yes,NA,Yes,NA,NA,0,Nicole.Hamre_UWA,3/17/2022 5:01:30 AM,Nicole.Hamre_UWA,3/17/2022 5:01:30 AM,No,,121.931489373289,-33.8340132130897
216,3389bf50-8f9e-4a9e-9121-ddb969a3e2c6,,EH,BandyCreekBR,Yes,No,Yes,Yes,NA,Yes,NA,NA,0,Nicole.Hamre_UWA,3/17/2022 5:05:48 AM,Nicole.Hamre_UWA,3/17/2022 5:05:48 AM,No,,121.930420768868,-33.8346789404059
217,1d2d0559-d142-4115-ad69-99be01045c50,,EH,BandyCreekBR,Yes,No,Yes,Yes,3,Yes,2,0,4,Nicole.Hamre_UWA,3/17/2022 5:46:25 AM,Nicole.Hamre_UWA,3/17/2022 5:46:25 AM,No,,121.930776349007,-33.8338706714217
218,5a70830e-16f2-4297-a728-453eae5445ef,,EH,BandyCreekBR,Yes,Yes,Yes,Yes,NA,Yes,NA,NA,0,Nicole.Hamre_UWA,3/17/2022 5:51:39 AM,Nicole.Hamre_UWA,3/17/2022 5:51:39 AM,No,,121.931563392672,-33.8338015047575
219,0d9b362f-db1f-4b78-853c-ae9d7b9b2c65,,EH,BandyCreekBR,Yes,No,Yes,Yes,NA,Yes,NA,NA,0,Nicole.Hamre_UWA,3/17/2022 6:04:03 AM,Nicole.Hamre_UWA,3/17/2022 6:04:03 AM,No,,121.930730404672,-33.8338184858268
220,c4de07e0-fbf4-44e2-af48-16581bc4f8c6,,EH,BandyCreekBR,Yes,Yes,Yes,Yes,NA,Yes,NA,NA,0,Nicole.Hamre_UWA,3/17/2022 6:28:07 AM,Nicole.Hamre_UWA,3/17/2022 6:28:07 AM,No,,121.93063053447,-33.8338299480653
221,1efa9d4f-ea00-461f-a20b-36b71a6c4c28,,EH,BandyCreekBR,Yes,No,Yes,Yes,4,Yes,2,4,1,Nicole.Hamre_UWA,3/17/2022 6:55:26 AM,Nicole.Hamre_UWA,3/17/2022 6:55:26 AM,No,,121.930909339195,-33.8340704704109
222,c8827a58-394c-4a0f-b6a9-1f957002c8c5,,HG,EsperanceBR,Yes,No,Yes,Yes,NA,Yes,NA,NA,0,Nicole.Hamre_UWA,3/18/2022 3:13:38 AM,Nicole.Hamre_UWA,3/18/2022 3:13:38 AM,No,No,121.931185757096,-33.8328242208876
223,6f05f333-ce59-461b-96f9-f503e2c0c7d3,,NSH,BandyCreekBR,Yes,No,Yes,Yes,NA,Yes,NA,NA,0,Nicole.Hamre_UWA,3/15/2022 3:24:44 AM,Nicole.Hamre_UWA,3/15/2022 3:24:44 AM,No,No,121.931498530715,-33.8334055240985
224,5f68c899-068d-48c4-b20a-1ed05c5b4c51,,NSH,BandyCreekBR,Yes,Yes,Yes,Yes,NA,Yes,NA,NA,0,Nicole.Hamre_UWA,3/15/2022 4:11:58 AM,Nicole.Hamre_UWA,3/15/2022 4:17:20 AM,No,No,121.931306569722,-33.8339600627586
225,eefaa98a-881c-4c99-8cec-e0f26044bc96,,NSH,BandyCreekBR,Yes,No,Yes,Yes,NA,Yes,NA,NA,0,Nicole.Hamre_UWA,3/15/2022 4:52:57 AM,Nicole.Hamre_UWA,3/15/2022 4:52:57 AM,No,No,121.931318829929,-33.8335255434401
226,03bed410-eb82-4dae-b361-164433653f91,,NSH,BandyCreekBR,Yes,Yes,No,Refusal,Refusal,Refusal,Refusal,Refusal,0,Nicole.Hamre_UWA,3/15/2022 4:58:50 AM,Nicole.Hamre_UWA,3/15/2022 5:15:26 AM,No,No,121.930643836723,-33.8333415632615
227,f2ac6606-cc60-48c0-80ae-a49eea03aaad,,NSH,BandyCreekBR,Yes,Yes,Yes,Yes,NA,Yes,NA,NA,0,Nicole.Hamre_UWA,3/15/2022 5:04:23 AM,Nicole.Hamre_UWA,3/15/2022 5:04:23 AM,No,No,121.930832903344,-33.8338607135089
228,7f991869-47b8-45ab-9e80-7d6dd424209c,,NSH,BandyCreekBR,Yes,No,Yes,Yes,NA,Yes,NA,NA,0,Nicole.Hamre_UWA,3/15/2022 5:27:31 AM,Nicole.Hamre_UWA,3/15/2022 5:27:31 AM,No,No,121.930869429742,-33.8345203725456
229,cd951202-f390-4da5-b506-75cbea6e944d,,NSH,EsperanceBR,No,No,NE,Yes,NA,Yes,NA,NA,0,Nicole.Hamre_UWA,3/17/2022 2:14:25 AM,Nicole.Hamre_UWA,3/17/2022 2:14:25 AM,No,No,121.893933024709,-33.8647299587336
230,b0cb1815-3029-424d-ade1-d6a26c6c592a,,NSH,EsperanceBR,Yes,Yes,Yes,No,5,Yes,2,3,0,Nicole.Hamre_UWA,3/17/2022 2:27:19 AM,Nicole.Hamre_UWA,3/17/2022 2:31:50 AM,No,No,121.893653984626,-33.8651008074738
231,aa599799-f281-4c7f-b9f5-48b23b575f00,,NSH,EsperanceBR,Yes,Yes,Yes,Yes,NA,Yes,NA,NA,0,Nicole.Hamre_UWA,3/17/2022 2:44:56 AM,Nicole.Hamre_UWA,3/17/2022 2:44:56 AM,No,No,121.893890940435,-33.8646119524573
232,a4e33e0c-d68e-4223-8f61-d512cbead192,,NSH,EsperanceBR,Yes,Yes,No,Yes,NA,Yes,NA,NA,0,Nicole.Hamre_UWA,3/17/2022 2:53:59 AM,Nicole.Hamre_UWA,3/17/2022 2:53:59 AM,No,No,121.893850106615,-33.8653164050344
233,32d8bfcd-ab55-4b91-b12e-5b7d669db6dc,,NSH,EsperanceBR,Yes,No,Yes,Yes,NA,Yes,NA,NA,0,Nicole.Hamre_UWA,3/17/2022 3:00:56 AM,Nicole.Hamre_UWA,3/17/2022 3:06:52 AM,No,No,121.894167931461,-33.8653729558823
234,54d2c2ba-cb56-4577-b4e1-862065457c66,,NSH,EsperanceBR,Yes,Yes,Yes,Yes,4,Yes,2,All,0,Nicole.Hamre_UWA,3/17/2022 4:16:29 AM,Nicole.Hamre_UWA,3/17/2022 4:16:29 AM,No,No,121.893874212906,-33.8654873531189
235,5e230049-25ed-4009-8322-c71acf6ae20f,,NSH,EsperanceBR,Yes,No,Yes,Yes,4,Yes,2,All,1,Nicole.Hamre_UWA,3/17/2022 4:22:12 AM,Nicole.Hamre_UWA,3/17/2022 4:22:12 AM,No,No,121.894306443593,-33.8649533274698
236,ef921a93-6341-4fb9-9f7b-6d777f9eee79,,NSH,EsperanceBR,Yes,No,Yes,Yes,NA,Yes,NA,NA,0,Nicole.Hamre_UWA,3/17/2022 5:08:36 AM,Nicole.Hamre_UWA,3/17/2022 5:17:23 AM,No,No,121.893823326938,-33.8642844376034
237,d8b9bdea-a4f0-489e-95da-2a057c3b9487,,NSH,EsperanceBR,Yes,No,Yes,Yes,NA,Yes,NA,NA,0,Nicole.Hamre_UWA,3/17/2022 5:27:18 AM,Nicole.Hamre_UWA,3/17/2022 5:27:18 AM,No,No,121.894194505424,-33.8650612850119
238,691f3e20-93ad-4933-997a-598c707ee239,,EH,EsperanceBR,Yes,No,Yes,Yes,NA,Yes,NA,NA,0,Nicole.Hamre_UWA,3/18/2022 3:49:58 AM,Nicole.Hamre_UWA,3/18/2022 3:49:58 AM,No,,121.894340332537,-33.8655857585636
239,6c6b96b8-5f50-4c63-bc38-3a3f487fc8e3,,EH,EsperanceBR,Yes,No,Yes,Yes,NA,Yes,NA,NA,0,Nicole.Hamre_UWA,3/18/2022 4:59:23 AM,Nicole.Hamre_UWA,3/18/2022 4:59:23 AM,No,,121.894241949945,-33.865769661108
240,f871f9d8-d18a-40ce-bb7b-3599b6bc4f79,,EH,EsperanceBR,Yes,Yes,Yes,Yes,NA,Yes,NA,NA,0,Nicole.Hamre_UWA,3/18/2022 5:13:13 AM,Nicole.Hamre_UWA,3/18/2022 5:13:13 AM,No,,121.89380248243,-33.8661709130399
241,9ba063e6-a3fd-4086-bfe8-ad649449f54f,,EH,EsperanceBR,Yes,No,Yes,Yes,NA,Yes,NA,NA,0,Nicole.Hamre_UWA,3/18/2022 5:47:33 AM,Nicole.Hamre_UWA,3/18/2022 5:47:33 AM,No,,121.893757030372,-33.8657730423266
242,0c55f57c-00a3-40ac-8d9c-2ee46fb3dcee,,EH,EsperanceBR,Yes,No,Yes,No,NA,Yes,NA,NA,0,Nicole.Hamre_UWA,3/18/2022 5:55:16 AM,Nicole.Hamre_UWA,3/18/2022 5:55:16 AM,No,,121.894236488188,-33.8657915342263
243,5cd49537-7e2b-4a94-bf16-317bc1a36bc0,,EH,EsperanceBR,Yes,Yes,Yes,Yes,NA,Yes,NA,NA,0,Nicole.Hamre_UWA,3/19/2022 2:02:34 AM,Nicole.Hamre_UWA,3/19/2022 2:02:34 AM,No,,121.894244264904,-33.8680905538951
244,196b8c8c-48b6-4fb5-b644-9645c4a6ea29,,EH,EsperanceBR,Yes,No,Yes,Yes,NA,Yes,NA,NA,0,Nicole.Hamre_UWA,3/20/2022 3:43:11 AM,Nicole.Hamre_UWA,3/20/2022 3:43:11 AM,No,,121.892536651092,-33.8640273116829
245,235f4134-0f83-4ec3-8c0e-a984399d6ac6,,NSH,EsperanceBR,No,No,NE,Yes,Refusal,Yes,Refusal,Refusal,0,Nicole.Hamre_UWA,3/20/2022 1:53:52 AM,Nicole.Hamre_UWA,3/20/2022 1:53:52 AM,,No,121.894137555828,-33.8651294492193
246,448c7285-cb60-4afb-bbb1-f55962e85e58,,NSH,EsperanceBR,Yes,No,Yes,Yes,NA,Yes,NA,NA,0,Nicole.Hamre_UWA,3/20/2022 4:13:11 AM,Nicole.Hamre_UWA,3/20/2022 4:13:11 AM,No,No,121.894077352534,-33.8648242065463
