GlobalID,GUID for meta,# Interviewer,# Site,Screen: 18+,Screen: Have you done this survey recently? ,Agreement to participate,"Are you/have you been a resident, got a holiday home here or been here over 3 months?","If here for less than 3 months, how many DAYS will you be in the area in total on this trip?","While you are on your trip, do you have access to a motorised boat/jetski (private/rental)?","If YES, how many DAYS out of your trip will you be going out on a boat in total? ",How many DAYS of your trip will you be doing coastal shore based activities in total? ,"Excluding this trip, how many times have you been to the area in the last 12 month?",created_user,created_date,last_edited_user,last_edited_date,Are you of Aboriginal or Torres Strait Islander origin?,Are you a Traditional Owner of the region?,x,y
DC0117F3-D0A8-413F-8148-981062E475A9,NA,EH,EsperanceBR,Yes,No,Yes,Yes,NA,No,NA,NA,0,Nicole.Hamre_UWA,17/1/22,Nicole.Hamre_UWA,17/1/22,NA,NA,121.8947533,-33.86597167
066C421F-DB26-47F4-AC29-CCBB588DB176,NA,EH,Wharton,Yes,No,Yes,Yes,NA,Yes,NA,NA,0,Nicole.Hamre_UWA,17/1/22,Nicole.Hamre_UWA,17/1/22,NA,NA,122.5894283,-33.93538833
85E33D86-5FB0-4E33-B1C2-83C97E00C1EE,NA,EH,EsperanceBR,Yes,No,Yes,Yes,NA,Yes,NA,NA,0,Nicole.Hamre_UWA,21/1/22,Nicole.Hamre_UWA,21/1/22,NA,NA,121.8945805,-33.8654804
002A7396-A8CB-471F-8B2C-CC8DA5F4E356,NA,EH,EsperanceBR,Yes,No,Yes,Yes,NA,Yes,NA,NA,0,Nicole.Hamre_UWA,21/1/22,Nicole.Hamre_UWA,21/1/22,NA,NA,121.8938233,-33.86428444
8F465EF1-5A7F-45A3-B450-E1D1EC4F282B,NA,EH,EsperanceBR,Yes,No,Yes,No,8,Yes,2,8,1,Nicole.Hamre_UWA,21/1/22,Nicole.Hamre_UWA,21/1/22,NA,NA,121.8941883,-33.86513137
00FE4BFA-98D7-4922-9759-94294DB3FE39,NA,EH,BandyCreekBR,Yes,Yes,Yes,Yes,NA,Yes,NA,NA,0,Nicole.Hamre_UWA,21/1/22,Nicole.Hamre_UWA,21/1/22,NA,NA,121.9309441,-33.83263954
EFA5FDC5-DFC5-40FE-96A7-2252E89B45F8,NA,EH,BandyCreekBR,Yes,No,Yes,Yes,NA,Yes,NA,NA,0,Nicole.Hamre_UWA,22/1/22,Nicole.Hamre_UWA,22/1/22,NA,NA,121.9324183,-33.83146667
C53DAE6D-CFDF-4443-94C9-37E6EB756AE4,NA,EH,BandyCreekBR,Yes,Yes,Yes,No,7,Yes,2,7,0,Nicole.Hamre_UWA,22/1/22,Nicole.Hamre_UWA,22/1/22,NA,NA,121.9322633,-33.83142667
B48CED61-1739-4972-A576-3E9B066098C5,NA,EH,BandyCreekBR,Yes,No,Yes,Yes,NA,Yes,NA,NA,0,Nicole.Hamre_UWA,22/1/22,Nicole.Hamre_UWA,22/1/22,NA,NA,121.9322533,-33.831415
F6656FA9-F674-4580-9235-BF5D949A9879,NA,EH,BandyCreekBR,Yes,No,Yes,No,4,Yes,1,4,3,Nicole.Hamre_UWA,22/1/22,Nicole.Hamre_UWA,22/1/22,NA,NA,121.9321817,-33.83140167
B1C70484-6603-4D98-A5A6-49EEFCB6FBDE,NA,EH,BandyCreekBR,Yes,No,Yes,Yes,NA,Yes,NA,NA,0,Nicole.Hamre_UWA,22/1/22,Nicole.Hamre_UWA,22/1/22,NA,NA,121.9321917,-33.83102167
5C97BB53-87BA-4BB2-B165-C7D919D44655,NA,EH,LuckyBay,Yes,No,Yes,Yes,NA,Yes,NA,NA,0,Nicole.Hamre_UWA,23/1/22,Nicole.Hamre_UWA,23/1/22,NA,NA,122.2182622,-33.98966325
ED8BEE0F-B535-4255-9E07-2A0A2CDC5650,NA,EH,EsperanceBR,Yes,No,Yes,Yes,NA,Yes,NA,NA,0,Nicole.Hamre_UWA,23/1/22,Nicole.Hamre_UWA,23/1/22,NA,NA,121.8936532,-33.8653721
F850B07D-D08A-4597-8836-07CF3612057B,NA,EH,EsperanceBR,Yes,No,Yes,Yes,2,Yes,2,0,0,Nicole.Hamre_UWA,23/1/22,Nicole.Hamre_UWA,23/1/22,NA,NA,121.8941809,-33.86585643
1D84E23C-1C4A-468A-B00E-1099CC37D9B9,NA,EH,EsperanceBR,Yes,No,Yes,Yes,NA,Yes,NA,NA,0,Nicole.Hamre_UWA,23/1/22,Nicole.Hamre_UWA,23/1/22,NA,NA,121.8942236,-33.86817338
8EF85227-8AA8-41EC-B017-40CF8C1516CD,NA,EH,EsperanceBR,Yes,No,Yes,Yes,NA,Yes,NA,NA,0,Nicole.Hamre_UWA,23/1/22,Nicole.Hamre_UWA,23/1/22,NA,NA,121.8942866,-33.86636054
19A48624-5245-4551-8986-93D502475C94,NA,EH,BandyCreekBR,Yes,Yes,No,Yes,NA,Yes,NA,NA,0,Nicole.Hamre_UWA,23/1/22,Nicole.Hamre_UWA,23/1/22,NA,NA,121.9312607,-33.83318564
67E773DE-6974-4CA1-8978-1746450746A7,NA,EH,BandyCreekBR,Yes,No,No,Yes,NA,Yes,NA,NA,0,Nicole.Hamre_UWA,23/1/22,Nicole.Hamre_UWA,23/1/22,NA,NA,121.9313656,-33.83367948
F9B6A339-87AD-48C7-98A5-77FFD4A07E77,NA,EH,BandyCreekBR,Yes,No,No,Yes,NA,Yes,NA,NA,0,Nicole.Hamre_UWA,23/1/22,Nicole.Hamre_UWA,23/1/22,NA,NA,121.930806,-33.83399902
27D42D98-C39D-4243-B705-15F8EE4F34F9,NA,NSH,BandyCreekBR,Yes,No,Yes,No,7,Yes,2,4,0,Nicole.Hamre_UWA,20/1/22,Nicole.Hamre_UWA,20/1/22,NA,NA,121.9312743,-33.83285379
F11653EC-00B4-43A0-9CCC-17F9C2078A2F,NA,NSH,BandyCreekBR,Yes,No,Yes,Yes,NA,Yes,NA,NA,0,Nicole.Hamre_UWA,20/1/22,Nicole.Hamre_UWA,20/1/22,NA,NA,121.9314099,-33.83302671
F8C7B042-F471-4389-B8E4-020F1BE4CE9D,NA,NSH,BandyCreekBR,Yes,No,Yes,Yes,NA,Yes,NA,NA,0,Nicole.Hamre_UWA,20/1/22,Nicole.Hamre_UWA,20/1/22,NA,NA,121.9315546,-33.83302551
88780BB7-D3CD-474A-8A17-F5540F5EFF05,NA,NSH,BandyCreekBR,Yes,No,Yes,Yes,NA,Yes,NA,NA,0,Nicole.Hamre_UWA,20/1/22,Nicole.Hamre_UWA,20/1/22,NA,NA,121.9316332,-33.83318872
5598B27D-78B7-4155-8248-6EA143F2D96E,NA,EH,EsperanceBR,Yes,No,Yes,No,4,Yes,1,0,1,Nicole.Hamre_UWA,20/1/22,Nicole.Hamre_UWA,20/1/22,NA,NA,121.8942138,-33.86448858
16A592B9-B766-4033-9B88-4B4D26CC2052,NA,NSH,BandyCreekBR,Yes,No,Yes,No,10,Yes,2,8,1,Nicole.Hamre_UWA,21/1/22,Nicole.Hamre_UWA,21/1/22,NA,NA,121.9312591,-33.83315655
BB2D0CA0-D8BA-4F21-866F-56AC5BFFAF8C,NA,NSH,BandyCreekBR,Yes,No,Yes,No,7,Yes,3,3,0,Nicole.Hamre_UWA,21/1/22,Nicole.Hamre_UWA,21/1/22,NA,NA,121.9313786,-33.83305092
501E1D61-2B4A-4DE3-A678-D2B49F194587,NA,NSH,BandyCreekBR,Yes,No,Yes,Yes,NA,Yes,NA,NA,0,Nicole.Hamre_UWA,21/1/22,Nicole.Hamre_UWA,21/1/22,NA,NA,121.9315204,-33.8330535
C06C5453-0167-4963-A346-01E85FCC898F,NA,NSH,EsperanceBR,Yes,No,Yes,Yes,NA,Yes,NA,NA,0,Nicole.Hamre_UWA,21/1/22,Nicole.Hamre_UWA,21/1/22,NA,NA,121.8939746,-33.86552538
B2F19E9F-6083-46DC-9427-D3481F8723E0,NA,NSH,EsperanceBR,Yes,No,Yes,Yes,NA,Yes,NA,NA,0,Nicole.Hamre_UWA,22/1/22,Nicole.Hamre_UWA,22/1/22,NA,NA,121.8939746,-33.86552538
974D0FAF-1D97-467D-8888-96856BC06FA8,NA,NSH,EsperanceBR,Yes,No,Yes,Yes,NA,Yes,NA,NA,0,Nicole.Hamre_UWA,22/1/22,Nicole.Hamre_UWA,22/1/22,NA,NA,121.8939746,-33.86552538
E876EE75-BF58-472F-B8DF-23CE1B733239,NA,NSH,EsperanceBR,Yes,No,No,Yes,NA,Yes,NA,NA,0,Nicole.Hamre_UWA,22/1/22,Nicole.Hamre_UWA,22/1/22,NA,NA,121.8939746,-33.86552538
09ABA671-9AAF-4D6D-AF23-CFCBC3DF4BB7,NA,NSH,EsperanceBR,Yes,No,Yes,Yes,NA,Yes,NA,NA,0,Nicole.Hamre_UWA,22/1/22,Nicole.Hamre_UWA,22/1/22,NA,NA,121.8940156,-33.8638078
DD9A53F2-5E50-4595-B520-1EEE6DBBA0E5,NA,NSH,EsperanceBR,Yes,No,Yes,Yes,NA,Yes,NA,NA,0,Nicole.Hamre_UWA,22/1/22,Nicole.Hamre_UWA,22/1/22,NA,NA,121.8942138,-33.86448858
C3CC11AE-3809-4500-8943-37881670135A,NA,NSH,EsperanceBR,Yes,No,Yes,Yes,NA,Yes,NA,NA,0,Nicole.Hamre_UWA,22/1/22,Nicole.Hamre_UWA,22/1/22,NA,NA,121.8939272,-33.86433855
046D21A2-3A21-47CE-851F-31C1F0F59EE4,NA,NSH,EsperanceBR,Yes,No,Yes,Yes,NA,Yes,NA,NA,0,Nicole.Hamre_UWA,22/1/22,Nicole.Hamre_UWA,22/1/22,NA,NA,121.8941462,-33.86453464
42027B7B-D2BB-46EE-BA54-05FB2D203A52,NA,NSH,EsperanceBR,Yes,No,Yes,Yes,NA,Yes,NA,NA,0,Nicole.Hamre_UWA,22/1/22,Nicole.Hamre_UWA,22/1/22,NA,NA,121.8939836,-33.86548919
3AB81EEC-BDEB-41FE-8372-C88300E0E048,NA,NSH,EsperanceBR,Yes,No,Yes,Yes,NA,Yes,NA,NA,0,Nicole.Hamre_UWA,22/1/22,Nicole.Hamre_UWA,22/1/22,NA,NA,121.8942435,-33.86456572
D0591308-4E94-42F8-BAEA-12B0C6402E42,NA,NSH,EsperanceBR,Yes,No,Yes,Yes,NA,Yes,NA,NA,0,Nicole.Hamre_UWA,22/1/22,Nicole.Hamre_UWA,22/1/22,NA,NA,121.8942124,-33.86456969
6471CE97-77B6-4B12-8BEC-2F677699CE16,NA,NSH,LuckyBay,Yes,No,Yes,No,10,Yes,5,10,0,Nicole.Hamre_UWA,23/1/22,Nicole.Hamre_UWA,23/1/22,NA,NA,122.2213127,-33.99216712
E18FFBD2-E2D8-43E7-99D0-9F27A0FAFB65,NA,NSH,BandyCreekBR,Yes,No,Yes,Yes,NA,Yes,NA,NA,0,Nicole.Hamre_UWA,23/1/22,Nicole.Hamre_UWA,23/1/22,NA,NA,121.9313538,-33.83334531
0BF88168-0B51-4C04-A5DF-1DE4806B8999,NA,NSH,BandyCreekBR,Yes,No,Yes,Yes,NA,Yes,NA,NA,0,Nicole.Hamre_UWA,23/1/22,Nicole.Hamre_UWA,23/1/22,NA,NA,121.9315478,-33.8328049
DB2D8DC4-07FE-4482-BFE9-135B73BAF206,NA,NSH,BandyCreekBR,Yes,Yes,Yes,Yes,NA,Yes,NA,NA,0,Nicole.Hamre_UWA,23/1/22,Nicole.Hamre_UWA,23/1/22,NA,NA,121.9313538,-33.83334531
F25D9CF6-3F24-4F14-BBCD-2DBCCE33B748,NA,NSH,BandyCreekBR,Yes,No,Yes,Yes,NA,Yes,NA,NA,0,Nicole.Hamre_UWA,23/1/22,Nicole.Hamre_UWA,23/1/22,NA,NA,121.9313784,-33.83339478
D094761C-9806-4A93-97C8-9FCC54E38122,NA,NSH,BandyCreekBR,Yes,Yes,No,No,NA,Yes,NA,NA,0,Nicole.Hamre_UWA,23/1/22,Nicole.Hamre_UWA,23/1/22,NA,NA,121.9314684,-33.83352642
A8FAD5C3-1E10-4509-A0C6-CDFA3CDB488D,NA,EH,BandyCreekBR,Yes,No,Yes,Yes,7,Yes,4,7,3,Nicole.Hamre_UWA,24/1/22,Nicole.Hamre_UWA,24/1/22,NA,NA,121.9308513,-33.83329136
83AC31E8-784C-47C0-B795-092EA40248E9,NA,CLA,BandyCreekBR,Yes,No,Yes,Yes,NA,Yes,6,4,6,Nicole.Hamre_UWA,1/2/22,Nicole.Hamre_UWA,1/2/22,NA,NA,122.3586822,-33.91502208
FB4EFAA5-65C6-4732-A5E2-07D48FA2B980,NA,EH,EsperanceBR,Yes,No,NE,Yes,NA,Yes,NA,NA,0,Nicole.Hamre_UWA,16/2/22,Nicole.Hamre_UWA,16/2/22,NA,NA,121.8940863,-33.86473725
D821EE09-4F80-4AA1-BA33-4EC70B53A8BA,NA,NSH,BandyCreekBR,Yes,No,Yes,Yes,NA,Yes,NA,NA,0,Nicole.Hamre_UWA,16/2/22,Nicole.Hamre_UWA,16/2/22,NA,NA,121.9305453,-33.83369598
2F09F756-A353-4E72-9F94-435E303D7730,NA,NSH,BandyCreekBR,Yes,Yes,Yes,Yes,NA,Yes,NA,NA,0,Nicole.Hamre_UWA,16/2/22,Nicole.Hamre_UWA,16/2/22,NA,NA,121.9314056,-33.83327061
D3F8D55D-3738-4225-9B21-28E068EFF9F6,NA,NSH,BandyCreekBR,Yes,No,Yes,No,7,Yes,1,7,0,Nicole.Hamre_UWA,16/2/22,Nicole.Hamre_UWA,16/2/22,NA,NA,121.9314684,-33.83352642
62E5375B-D061-479F-B581-3C73FD465483,NA,NSH,BandyCreekBR,Yes,No,Yes,No,14,Yes,5,7,1,Nicole.Hamre_UWA,16/2/22,Nicole.Hamre_UWA,16/2/22,NA,NA,121.9312591,-33.83315655
E69FB4CE-15F4-42DF-B15F-104D24E102FD,NA,NSH,DukeOrleans,Yes,No,Yes,Yes,5,Yes,2,All,0,Nicole.Hamre_UWA,17/2/22,Nicole.Hamre_UWA,17/2/22,NA,NA,122.5797083,-33.92450276
58875847-F392-4CCB-A35C-D050A4772A99,NA,NSH,DukeOrleans,Yes,No,Yes,Yes,30,Yes,4,All,0,Nicole.Hamre_UWA,17/2/22,Nicole.Hamre_UWA,17/2/22,NA,NA,122.5797292,-33.92452022
EF1BA608-26C6-4519-9B90-222D46B3B213,NA,EH,EsperanceBR,Yes,No,Yes,Yes,NA,Yes,NA,NA,0,Nicole.Hamre_UWA,18/2/22,Nicole.Hamre_UWA,18/2/22,NA,NA,121.8939065,-33.86860864
F21004A8-9AC1-425C-8308-53EC87C6C32F,NA,EH,BandyCreekBR,Yes,No,Yes,Yes,NA,Yes,NA,NA,0,Nicole.Hamre_UWA,19/2/22,Nicole.Hamre_UWA,19/2/22,NA,NA,121.9316983,-33.83327912
5C2E3E5A-7B08-4921-ADE2-26F61CCC51FE,NA,EH,BandyCreekBR,Yes,No,Yes,Yes,NA,Yes,NA,NA,0,Nicole.Hamre_UWA,19/2/22,Nicole.Hamre_UWA,19/2/22,NA,NA,121.9309763,-33.83364765
F3880ED3-A4EA-4797-AC02-1F119CE18FAB,NA,EH,BandyCreekBR,Yes,No,Yes,No,2,Yes,1,1,0,Nicole.Hamre_UWA,19/2/22,Nicole.Hamre_UWA,19/2/22,NA,NA,121.9313836,-33.83372812
2ED390D3-7607-4408-A22E-6C04C6DDCFA2,NA,EH,BandyCreekBR,Yes,No,Yes,Yes,NA,Yes,NA,NA,0,Nicole.Hamre_UWA,19/2/22,Nicole.Hamre_UWA,19/2/22,NA,NA,121.9311204,-33.83399963
92645370-848A-4E6D-A542-2393E7EF0A34,NA,EH,BandyCreekBR,Yes,No,Yes,Yes,NA,Yes,NA,NA,0,Nicole.Hamre_UWA,19/2/22,Nicole.Hamre_UWA,19/2/22,NA,NA,121.9308761,-33.83374125
E2E76373-85B8-48E9-A054-04FA6B457658,NA,EH,BandyCreekBR,Yes,No,Yes,Yes,NA,Yes,NA,NA,0,Nicole.Hamre_UWA,19/2/22,Nicole.Hamre_UWA,19/2/22,NA,NA,121.931283,-33.83345482
BE8A3801-D779-4C30-B1DD-24C6590BAB15,NA,EH,BandyCreekBR,Yes,No,Yes,Yes,NA,Yes,NA,NA,0,Nicole.Hamre_UWA,19/2/22,Nicole.Hamre_UWA,19/2/22,NA,NA,121.9312214,-33.83350929
3783F8F8-18D2-41A6-A1C1-51B39A4320F8,NA,EH,BandyCreekBR,Yes,No,Yes,Yes,NA,Yes,NA,NA,0,Nicole.Hamre_UWA,19/2/22,Nicole.Hamre_UWA,19/2/22,NA,NA,121.9311945,-33.83378006
97586454-4FD6-452B-A16B-87203E01E829,NA,EH,BandyCreekBR,Yes,No,Yes,Yes,NA,Yes,NA,NA,0,Nicole.Hamre_UWA,19/2/22,Nicole.Hamre_UWA,19/2/22,NA,NA,121.9311639,-33.83344439
443C5B72-922D-489E-9B6B-323F1CF6B92D,NA,EH,BandyCreekBR,Yes,No,Yes,Yes,NA,Yes,NA,NA,0,Nicole.Hamre_UWA,19/2/22,Nicole.Hamre_UWA,19/2/22,NA,NA,121.9312937,-33.83368171
FCEDCDE4-5035-49E4-ABDB-AEE8F3CDF541,NA,EH,BandyCreekBR,Yes,No,Yes,Yes,NA,Yes,NA,NA,0,Nicole.Hamre_UWA,19/2/22,Nicole.Hamre_UWA,19/2/22,NA,NA,121.9310696,-33.83367904
3D61651B-35C8-42F5-AE6B-1465E738D0F6,NA,EH,BandyCreekBR,Yes,No,NE,Yes,NA,Yes,NA,NA,0,Nicole.Hamre_UWA,19/2/22,Nicole.Hamre_UWA,19/2/22,NA,NA,121.9308285,-33.83318001
DA74E667-BB5F-4409-BA2C-9C3F043FA2F8,NA,EH,BandyCreekBR,Yes,Yes,Yes,Yes,NA,Yes,NA,NA,0,Nicole.Hamre_UWA,19/2/22,Nicole.Hamre_UWA,19/2/22,NA,NA,121.9308847,-33.83334491
88AE9399-037E-41E0-A7D7-5970E27D8280,NA,EH,BandyCreekBR,Yes,No,Yes,Yes,NA,Yes,NA,NA,0,Nicole.Hamre_UWA,19/2/22,Nicole.Hamre_UWA,19/2/22,NA,NA,121.9313066,-33.83396006
A1E5B056-77DA-48E8-BE2C-6F5762C26E08,NA,EH,BandyCreekBR,Yes,No,Yes,Yes,2,Yes,2,2,0,Nicole.Hamre_UWA,19/2/22,Nicole.Hamre_UWA,19/2/22,NA,NA,121.9312589,-33.83251303
7EA34AF3-4664-4006-967E-CD1BDE677861,NA,EH,BandyCreekBR,Yes,No,Yes,Yes,NA,Yes,NA,NA,0,Nicole.Hamre_UWA,19/2/22,Nicole.Hamre_UWA,19/2/22,NA,NA,121.9308572,-33.83365917
271B9B6C-327A-4C5C-B585-4F33C4ABFA3F,NA,EH,BandyCreekBR,Yes,No,Yes,Yes,NA,Yes,NA,NA,0,Nicole.Hamre_UWA,19/2/22,Nicole.Hamre_UWA,19/2/22,NA,NA,121.9317037,-33.83377255
2C63B783-EFCB-4AA7-AD8D-F9B5486436F0,NA,EH,BandyCreekBR,Yes,No,Yes,Yes,NA,Yes,NA,NA,0,Nicole.Hamre_UWA,19/2/22,Nicole.Hamre_UWA,19/2/22,NA,NA,121.9308329,-33.83386071
7AD0B93E-4BA7-486F-B539-40142D477788,NA,EH,BandyCreekBR,Yes,Yes,Yes,Yes,NA,Yes,NA,NA,0,Nicole.Hamre_UWA,19/2/22,Nicole.Hamre_UWA,19/2/22,NA,NA,121.9297193,-33.83442459
C567F82A-55D0-4314-85EE-560D20D3AD5A,NA,EH,BandyCreekBR,Yes,No,Yes,Yes,4,Yes,4,0,2,Nicole.Hamre_UWA,19/2/22,Nicole.Hamre_UWA,19/2/22,NA,NA,121.9313576,-33.83362109
0A5B8863-8140-4542-91EB-CEEE62F8B002,NA,EH,BandyCreekBR,Yes,No,Yes,No,7,Yes,1,7,0,Nicole.Hamre_UWA,19/2/22,Nicole.Hamre_UWA,19/2/22,NA,NA,121.9311574,-33.83317499
DCF47047-6C74-4E58-9E25-DFBB783E3919,NA,EH,BandyCreekBR,Yes,No,Yes,Yes,NA,Yes,NA,NA,0,Nicole.Hamre_UWA,19/2/22,Nicole.Hamre_UWA,19/2/22,NA,NA,121.9313113,-33.83325925
76DDCB46-0C4E-4441-BD9E-3D890A74D6E6,NA,NSH,EsperanceBR,Yes,No,Yes,Yes,NA,Yes,NA,NA,0,Nicole.Hamre_UWA,22/2/22,Nicole.Hamre_UWA,22/2/22,NA,NA,121.8941883,-33.86513137
15590A95-C762-42B4-8E38-6F479473BD1E,NA,NSH,EsperanceBR,Yes,No,Yes,Yes,NA,Yes,NA,NA,0,Nicole.Hamre_UWA,22/2/22,Nicole.Hamre_UWA,22/2/22,NA,NA,121.8939836,-33.86548919
1AD75C2B-5AAF-47DD-A8CC-2C8069B590D2,NA,NSH,EsperanceBR,Yes,Yes,Yes,Yes,NA,Yes,NA,NA,0,Nicole.Hamre_UWA,22/2/22,Nicole.Hamre_UWA,22/2/22,NA,NA,121.8941902,-33.86467699
282D3F35-D0CD-4678-9CBF-455D021C089F,NA,NSH,EsperanceBR,Yes,No,Yes,Yes,NA,Yes,NA,NA,0,Nicole.Hamre_UWA,22/2/22,Nicole.Hamre_UWA,22/2/22,NA,NA,121.8941883,-33.86513137
F961CC07-F0C7-4FBD-A3D2-D9890A9F2F4A,NA,NSH,EsperanceBR,Yes,No,No,No,NA,Yes,NA,NA,0,Nicole.Hamre_UWA,26/2/22,Nicole.Hamre_UWA,26/2/22,NA,NA,121.8937522,-33.86377165
175D1C3C-38B0-4AE7-A973-9AF6E2EB2509,NA,NSH,EsperanceBR,Yes,No,Yes,No,2,Yes,1,0,6,Nicole.Hamre_UWA,26/2/22,Nicole.Hamre_UWA,26/2/22,NA,NA,121.894219,-33.86579209
BBA0A9BD-5D4D-4E86-BC35-7AC22F1C0EC8,NA,EH,BandyCreekBR,Yes,No,Yes,Yes,NA,Yes,NA,NA,0,Nicole.Hamre_UWA,17/2/22,Nicole.Hamre_UWA,17/2/22,NA,NA,121.9315545,-33.8333602
1ADCB2A0-ECB1-47DF-B8D0-A777E6DE2176,NA,EH,BandyCreekBR,Yes,No,Yes,Yes,NA,Yes,NA,NA,0,Nicole.Hamre_UWA,17/2/22,Nicole.Hamre_UWA,17/2/22,NA,NA,121.9316316,-33.83319693
04176D5C-585D-4A82-A942-F3C8DDDF0890,NA,EH,BandyCreekBR,Yes,Yes,Yes,Yes,7,Yes,2,7,0,Nicole.Hamre_UWA,17/2/22,Nicole.Hamre_UWA,17/2/22,NA,NA,121.9309049,-33.83329861
E5379B65-1D61-4294-985A-65399A766C26,NA,EH,BandyCreekBR,Yes,No,Yes,Yes,NA,Yes,NA,NA,0,Nicole.Hamre_UWA,17/2/22,Nicole.Hamre_UWA,17/2/22,NA,NA,121.9313105,-33.83309291
FA64A3E7-2973-4381-914D-FCDFFE228AB8,NA,EH,BandyCreekBR,Yes,No,Yes,Yes,NA,Yes,NA,NA,0,Nicole.Hamre_UWA,17/2/22,Nicole.Hamre_UWA,17/2/22,NA,NA,121.9309718,-33.8335526
A1317A62-1007-43E4-B57B-6F082494E665,NA,EH,BandyCreekBR,Yes,No,Yes,Yes,NA,Yes,NA,NA,0,Nicole.Hamre_UWA,17/2/22,Nicole.Hamre_UWA,17/2/22,NA,NA,121.9310145,-33.83344611
2242E510-EB13-4C0E-9000-9656A79AD96C,NA,EH,BandyCreekBR,Yes,Yes,Yes,Yes,14,Yes,5,7,0,Nicole.Hamre_UWA,17/2/22,Nicole.Hamre_UWA,17/2/22,NA,NA,121.9311467,-33.83313728
00EBD7D6-C03F-43AA-AE64-1FE5AB20FCFF,NA,EH,BandyCreekBR,Yes,No,Yes,Yes,NA,Yes,NA,NA,0,Nicole.Hamre_UWA,18/2/22,Nicole.Hamre_UWA,18/2/22,NA,NA,121.9311565,-33.83312681
A275649F-2910-4FA3-ABD1-778727AC2EFC,NA,EH,BandyCreekBR,Yes,Yes,Yes,Yes,NA,Yes,NA,NA,0,Nicole.Hamre_UWA,18/2/22,Nicole.Hamre_UWA,18/2/22,NA,NA,121.9312329,-33.83358621
CAFAB483-D30B-4A36-8873-84384ED691C1,NA,EH,BandyCreekBR,Yes,No,Yes,Yes,NA,Yes,NA,NA,0,Nicole.Hamre_UWA,18/2/22,Nicole.Hamre_UWA,18/2/22,NA,NA,121.9313012,-33.83320038
0C7D9C06-FCE7-4549-BB10-B5C7D625891B,NA,NSH,EsperanceBR,Yes,No,Yes,No,NA,Yes,NA,NA,0,Nicole.Hamre_UWA,19/2/22,Nicole.Hamre_UWA,19/2/22,NA,NA,121.8936012,-33.86464255
51DFA3F7-82DF-41CF-A0F8-1AA93FFD6A6C,NA,NSH,EsperanceBR,Yes,No,Yes,No,3,Yes,1,All,3,Nicole.Hamre_UWA,19/2/22,Nicole.Hamre_UWA,19/2/22,NA,NA,121.8942138,-33.86448858
E8769595-A7CF-4616-B37C-FCEB5542F34A,NA,NSH,EsperanceBR,Yes,No,Yes,Yes,NA,Yes,NA,NA,0,Nicole.Hamre_UWA,19/2/22,Nicole.Hamre_UWA,19/2/22,NA,NA,121.8938262,-33.86465725
4DA40B00-6CD5-4896-AEA9-AE5DD656ECDC,NA,NSH,EsperanceBR,Yes,No,Yes,Yes,NA,Yes,NA,NA,0,Nicole.Hamre_UWA,19/2/22,Nicole.Hamre_UWA,19/2/22,NA,NA,121.8941789,-33.8647509
4C37ABE2-3FBD-4ED5-BBA2-F35CFF58BB67,NA,NSH,EsperanceBR,Yes,No,Yes,Yes,NA,Yes,NA,NA,0,Nicole.Hamre_UWA,19/2/22,Nicole.Hamre_UWA,19/2/22,NA,NA,121.8943645,-33.86557763
82356359-03C8-4040-9730-E90CDFB90F38,NA,NSH,EsperanceBR,Yes,No,Yes,Yes,NA,Yes,NA,NA,0,Nicole.Hamre_UWA,19/2/22,Nicole.Hamre_UWA,19/2/22,NA,NA,121.8938262,-33.86465725
05A82126-6C04-46D6-8C92-AEBBB78F2A8B,NA,NSH,EsperanceBR,Yes,No,Yes,Yes,5,Yes,1,3,0,Nicole.Hamre_UWA,19/2/22,Nicole.Hamre_UWA,19/2/22,NA,NA,121.8936012,-33.86464255
4E0C97DF-F4E1-45B4-AD54-C0DC16F8470C,NA,NSH,EsperanceBR,Yes,No,No,Yes,NA,Yes,1,3,0,Nicole.Hamre_UWA,19/2/22,Nicole.Hamre_UWA,19/2/22,NA,NA,121.8938262,-33.86465725
38649731-BAD5-4AB5-99D2-470BE1D85D8B,NA,NSH,EsperanceBR,Yes,Yes,No,Yes,NA,Yes,NA,NA,0,Nicole.Hamre_UWA,19/2/22,Nicole.Hamre_UWA,19/2/22,NA,NA,121.8938262,-33.86465725
99541474-93FF-4B55-AF57-8615892206F5,NA,NSH,EsperanceBR,Yes,Yes,No,Yes,NA,Yes,NA,NA,0,Nicole.Hamre_UWA,19/2/22,Nicole.Hamre_UWA,19/2/22,NA,NA,121.8943645,-33.86557763
E2C71F7C-ED3B-4B6C-A4DD-23495340D369,NA,NSH,EsperanceBR,Yes,No,Yes,Yes,NA,Yes,NA,NA,0,Nicole.Hamre_UWA,19/2/22,Nicole.Hamre_UWA,19/2/22,NA,NA,121.8941883,-33.86513137
03725EB2-3931-4F63-AA4F-7B85B962B03E,NA,NSH,EsperanceBR,Yes,No,Yes,Yes,NA,Yes,NA,NA,0,Nicole.Hamre_UWA,19/2/22,Nicole.Hamre_UWA,19/2/22,NA,NA,121.893999,-33.8657242
8E74FB7B-1697-45FF-99E2-A74617EA22CE,NA,NSH,BandyCreekBR,Yes,No,Yes,Yes,NA,Yes,NA,NA,0,Nicole.Hamre_UWA,19/2/22,Nicole.Hamre_UWA,19/2/22,NA,NA,121.9311038,-33.8339322
08F70467-6C0B-4AF2-BC5E-A892AB8A700D,NA,NSH,BandyCreekBR,Yes,No,Yes,Yes,NA,Yes,NA,NA,0,Nicole.Hamre_UWA,19/2/22,Nicole.Hamre_UWA,19/2/22,NA,NA,121.9312818,-33.83347821
CC6C0986-C741-4F81-8A96-1B78BF3D6E51,NA,NSH,BandyCreekBR,Yes,No,Yes,Yes,NA,Yes,NA,NA,0,Nicole.Hamre_UWA,19/2/22,Nicole.Hamre_UWA,19/2/22,NA,NA,121.9314985,-33.83340552
D7FF377E-DADF-427C-90D5-15E4B96A29F3,NA,NSH,BandyCreekBR,Yes,Yes,No,Yes,NA,Yes,NA,NA,0,Nicole.Hamre_UWA,19/2/22,Nicole.Hamre_UWA,19/2/22,NA,NA,121.9311038,-33.8339322
3C09CFF3-29FC-4311-99D5-7185C3A16A96,NA,NSH,BandyCreekBR,Yes,No,Yes,Yes,NA,Yes,NA,NA,0,Nicole.Hamre_UWA,19/2/22,Nicole.Hamre_UWA,19/2/22,NA,NA,121.930806,-33.83399902
DB10FEC0-C528-4A62-B252-D28B6C06E265,NA,NSH,BandyCreekBR,Yes,No,Yes,Yes,NA,Yes,NA,NA,0,Nicole.Hamre_UWA,19/2/22,Nicole.Hamre_UWA,19/2/22,NA,NA,121.9314655,-33.83356267
D2D03996-FACA-47E5-A2EE-0DFA613C95EF,NA,NSH,BandyCreekBR,Yes,No,Yes,Yes,NA,Yes,NA,NA,0,Nicole.Hamre_UWA,19/2/22,Nicole.Hamre_UWA,19/2/22,NA,NA,121.9311038,-33.8339322
3A5F1A2B-9CCD-4C77-B7B5-2FFB891A1601,NA,NSH,BandyCreekBR,Yes,No,Yes,Yes,NA,Yes,NA,NA,0,Nicole.Hamre_UWA,19/2/22,Nicole.Hamre_UWA,19/2/22,NA,NA,121.9315095,-33.83333774
49E1E9CB-9B9B-47C2-BA99-33679C1094EE,NA,EH,BandyCreekBR,Yes,No,Yes,Yes,NA,Yes,NA,NA,0,Nicole.Hamre_UWA,22/2/22,Nicole.Hamre_UWA,22/2/22,NA,NA,121.9306815,-33.83362759
8111A384-2BF9-4C4A-9B1E-ABAB8C98F4D7,NA,EH,BandyCreekBR,Yes,Yes,Yes,Yes,NA,Yes,NA,NA,0,Nicole.Hamre_UWA,22/2/22,Nicole.Hamre_UWA,22/2/22,NA,NA,121.9310715,-33.83368661
C9D6C970-69C5-4D98-B565-D07085ADCFBD,NA,EH,BandyCreekBR,Yes,No,Yes,Yes,NA,Yes,NA,NA,0,Nicole.Hamre_UWA,22/2/22,Nicole.Hamre_UWA,22/2/22,NA,NA,121.9310483,-33.83317657
1329C3A8-8BC5-4AE3-A9B5-DEB11CB5D8B4,NA,EH,BandyCreekBR,Yes,Yes,Yes,Yes,NA,Yes,NA,NA,0,Nicole.Hamre_UWA,22/2/22,Nicole.Hamre_UWA,22/2/22,NA,NA,121.9313615,-33.83376437
A5F28630-2646-4BFB-949F-5FED2CB9034F,NA,EH,BandyCreekBR,Yes,Yes,No,Yes,NA,Yes,NA,NA,0,Nicole.Hamre_UWA,22/2/22,Nicole.Hamre_UWA,22/2/22,NA,NA,121.9312854,-33.83416388
587038C5-3B90-4E50-A999-A0FC76AFFC7A,NA,EH,BandyCreekBR,Yes,No,Yes,Yes,NA,Yes,NA,NA,0,Nicole.Hamre_UWA,22/2/22,Nicole.Hamre_UWA,22/2/22,NA,NA,121.9312684,-33.8333128
CA992115-75A7-4A71-9F7D-0FE33B578681,NA,EH,BandyCreekBR,Yes,No,Yes,Yes,NA,Yes,NA,NA,0,Nicole.Hamre_UWA,22/2/22,Nicole.Hamre_UWA,22/2/22,NA,NA,121.9312026,-33.8336957
179F0557-CEF4-499A-8141-BEF2378755F0,NA,EH,BandyCreekBR,Yes,No,NE,Yes,NA,Yes,NA,NA,0,Nicole.Hamre_UWA,22/2/22,Nicole.Hamre_UWA,22/2/22,NA,NA,121.9311236,-33.83378855
4EBFE7EF-B690-4DE7-9E0C-C2BBB1BA1825,NA,EH,BandyCreekBR,Yes,No,Yes,Yes,NA,Yes,NA,NA,0,Nicole.Hamre_UWA,22/2/22,Nicole.Hamre_UWA,22/2/22,NA,NA,121.9310312,-33.83398305
3C86553B-97C3-4872-9981-C3DD447AA113,NA,EH,BandyCreekBR,Yes,No,Yes,Yes,4,Yes,1,3,1,Nicole.Hamre_UWA,26/2/22,Nicole.Hamre_UWA,26/2/22,NA,NA,121.9310958,-33.83348614
995AB30B-17BD-4B63-B227-E7AEB2F2B864,NA,EH,BandyCreekBR,No,No,NE,Yes,NA,Yes,NA,NA,0,Nicole.Hamre_UWA,26/2/22,Nicole.Hamre_UWA,26/2/22,NA,NA,121.9313872,-33.83343144
3EECDD3D-D852-403A-9293-74A5F58FD342,NA,EH,BandyCreekBR,Yes,Yes,No,Yes,NA,Yes,NA,NA,0,Nicole.Hamre_UWA,26/2/22,Nicole.Hamre_UWA,26/2/22,NA,NA,121.9313872,-33.83346372
EE39040D-535F-4F9C-98CF-F6E3DFB4DA8C,NA,EH,BandyCreekBR,No,No,Yes,Yes,NA,Yes,NA,NA,0,Nicole.Hamre_UWA,26/2/22,Nicole.Hamre_UWA,26/2/22,NA,NA,121.9314119,-33.83361761
500D4E4A-FF0B-409F-8611-45CD731B7EFE,NA,EH,EsperanceBR,Yes,No,Yes,Yes,NA,Yes,NA,NA,0,Nicole.Hamre_UWA,16/2/22,Nicole.Hamre_UWA,16/2/22,NA,NA,121.8947068,-33.86570267
BBA4A32C-E66A-4526-AAC6-308D754F0FE0,NA,EH,EsperanceBR,Yes,No,Yes,No,5,Yes,2,0,0,Nicole.Hamre_UWA,16/2/22,Nicole.Hamre_UWA,16/2/22,NA,NA,121.894402,-33.86555483
D560306F-CDD5-4496-B846-CA6C9EFD9FAD,NA,EH,EsperanceBR,Yes,No,Yes,Yes,NA,Yes,NA,NA,0,Nicole.Hamre_UWA,16/2/22,Nicole.Hamre_UWA,16/2/22,NA,NA,121.8941205,-33.86547515
F5DEB850-9C45-49ED-BA4F-68861D2D8004,NA,EH,EsperanceBR,Yes,No,Yes,Yes,NA,Yes,NA,NA,0,Nicole.Hamre_UWA,16/2/22,Nicole.Hamre_UWA,16/2/22,NA,NA,121.8941581,-33.86799144
A53D7962-02A9-4E66-B64A-D9EC17107611,NA,EH,EsperanceBR,Yes,No,Yes,Yes,NA,Yes,NA,NA,0,Nicole.Hamre_UWA,16/2/22,Nicole.Hamre_UWA,16/2/22,NA,NA,121.894786,-33.86809474
E9B77B44-583B-48DC-BDEE-85A9594BAC79,NA,EH,EsperanceBR,Yes,No,Yes,Yes,NA,Yes,NA,NA,0,Nicole.Hamre_UWA,16/2/22,Nicole.Hamre_UWA,16/2/22,NA,NA,121.8937,-33.86659516
8E9EE990-5EB8-45F7-9619-D77E261F9C2D,NA,EH,EsperanceBR,Yes,No,No,No,0,No,0,0,0,Nicole.Hamre_UWA,16/2/22,Nicole.Hamre_UWA,16/2/22,NA,NA,121.893358,-33.86615849
777906AD-730B-4B2A-A042-20158FEBDB2A,NA,EH,EsperanceBR,Yes,No,Yes,Yes,NA,Yes,NA,NA,0,Nicole.Hamre_UWA,16/2/22,Nicole.Hamre_UWA,16/2/22,NA,NA,121.8943222,-33.86656977
E2100749-6809-4183-8D75-B1EB2623CDC4,NA,EH,BandyCreekBR,Yes,No,Yes,Yes,NA,Yes,NA,NA,0,Nicole.Hamre_UWA,16/2/22,Nicole.Hamre_UWA,16/2/22,NA,NA,121.931431,-33.83220054
E4074320-0FF9-4182-9B05-235D79945572,NA,NSH,BandyCreekBR,Yes,No,Yes,Yes,4,Yes,1,All,0,Nicole.Hamre_UWA,16/2/22,Nicole.Hamre_UWA,16/2/22,NA,NA,121.9316239,-33.83288507
0E3EE5CB-185B-4972-A837-D1CA84E6CC12,NA,NSH,BandyCreekBR,Yes,No,Yes,Yes,Refusal,Refusal,Refusal,Refusal,0,Nicole.Hamre_UWA,9/3/22,Nicole.Hamre_UWA,9/3/22,No,No,121.931256,-33.833995
C2CA509E-EB8A-4AA6-AAE2-2B36289CC47A,NA,NSH,BandyCreekBR,Yes,Yes,Yes,Yes,NA,Yes,NA,NA,0,Nicole.Hamre_UWA,9/3/22,Nicole.Hamre_UWA,9/3/22,No,No,121.9311236,-33.83378855
56457D9B-2660-40E3-BD9A-272827D09AF5,NA,EH,BandyCreekBR,Yes,No,Yes,No,9,Yes,5,4,1,Nicole.Hamre_UWA,10/3/22,Nicole.Hamre_UWA,10/3/22,No,NA,121.9314046,-33.8335473
EFDDB797-1C2E-4CB3-AF04-3BC6A29C4C20,NA,EH,BandyCreekBR,Yes,Yes,Yes,Yes,7,Yes,1,0,0,Nicole.Hamre_UWA,10/3/22,Nicole.Hamre_UWA,10/3/22,No,NA,121.9318017,-33.83405121
2E7257F7-9ED2-4623-A625-1FC038E4C219,NA,EH,BandyCreekBR,Yes,Yes,Yes,Yes,NA,Yes,NA,NA,0,Nicole.Hamre_UWA,10/3/22,Nicole.Hamre_UWA,10/3/22,NA,NA,121.9314903,-33.83360523
67A38E21-EAA7-49A9-84C7-A6D146F08412,NA,EH,BandyCreekBR,Yes,No,Yes,Yes,NA,Yes,NA,NA,0,Nicole.Hamre_UWA,10/3/22,Nicole.Hamre_UWA,10/3/22,No,NA,121.9312965,-33.8332696
5248BF72-4F16-4E85-8971-BF3D1B1DF700,NA,EH,BandyCreekBR,Yes,No,Yes,Yes,NA,Yes,NA,NA,0,Nicole.Hamre_UWA,10/3/22,Nicole.Hamre_UWA,10/3/22,No,NA,121.9314813,-33.83399953
F25E0634-5D70-419E-A875-9C0AD821D158,NA,EH,BandyCreekBR,Yes,No,Yes,No,7,Yes,3,0,0,Nicole.Hamre_UWA,10/3/22,Nicole.Hamre_UWA,10/3/22,No,NA,121.9310327,-33.83380394
F71C1A9E-093F-4E6C-9963-4B5E1C8B932D,NA,EH,BandyCreekBR,Yes,No,Yes,Yes,NA,Yes,NA,NA,0,Nicole.Hamre_UWA,10/3/22,Nicole.Hamre_UWA,10/3/22,No,No,121.9305108,-33.83357221
26AD0A3E-A8B0-453D-9172-3F1EC0412814,NA,NSH,BandyCreekBR,Yes,No,Yes,No,4,Yes,2,0,6,Nicole.Hamre_UWA,11/3/22,Nicole.Hamre_UWA,11/3/22,No,No,121.93062,-33.8336487
7A85D6A7-763B-452C-BC9B-431FA6DCD28D,NA,NSH,BandyCreekBR,Yes,No,Yes,No,10,Yes,5,All,5,Nicole.Hamre_UWA,11/3/22,Nicole.Hamre_UWA,11/3/22,No,No,121.9313409,-33.8333665
9A205460-EDB9-45E7-9836-2B44C6BDD1F0,NA,NSH,BandyCreekBR,Yes,No,No,Refusal,Refusal,Refusal,Refusal,Refusal,0,Nicole.Hamre_UWA,11/3/22,Nicole.Hamre_UWA,11/3/22,PNTS,PNTS,121.9305164,-33.83372733
8EC60E3A-1140-4006-9A86-0B62C6EB0413,NA,NSH,BandyCreekBR,Yes,Yes,No,Refusal,Refusal,Refusal,Refusal,Refusal,0,Nicole.Hamre_UWA,11/3/22,Nicole.Hamre_UWA,11/3/22,No,No,121.930972,-33.83377059
269CF01C-6CCB-48E9-B705-21E13819B151,NA,NSH,BandyCreekBR,Yes,No,Yes,Yes,NA,Yes,NA,NA,0,Nicole.Hamre_UWA,11/3/22,Nicole.Hamre_UWA,11/3/22,No,Yes,121.9311328,-33.83370614
C01501E7-F69B-43DC-B803-FB5662B835D4,NA,NSH,BandyCreekBR,Yes,No,Yes,No,4,Yes,2,0,15,Nicole.Hamre_UWA,11/3/22,Nicole.Hamre_UWA,11/3/22,No,No,121.9339968,-33.83073025
84DA0731-8397-436F-8EFB-FE5B75BF0DD1,NA,NSH,BandyCreekBR,No,Yes,NE,No,NA,Yes,NA,NA,0,Nicole.Hamre_UWA,11/3/22,Nicole.Hamre_UWA,11/3/22,No,No,121.9309661,-33.83340201
90B2EFC5-B0A1-4239-A75D-0108D83DB123,NA,NSH,BandyCreekBR,Yes,Yes,No,Refusal,Refusal,Refusal,Refusal,Refusal,0,Nicole.Hamre_UWA,11/3/22,Nicole.Hamre_UWA,11/3/22,No,No,121.9308428,-33.83343255
D31B2D8E-6618-494A-ABD9-5DB4BD30A022,NA,NSH,BandyCreekBR,Yes,Yes,No,Refusal,Refusal,Refusal,Refusal,Refusal,0,Nicole.Hamre_UWA,11/3/22,Nicole.Hamre_UWA,11/3/22,No,No,121.9310028,-33.83350446
968AA520-FE38-41C7-AB66-EA28C1AFB40B,NA,NSH,BandyCreekBR,Yes,No,Yes,No,5,Yes,3,0,7,Nicole.Hamre_UWA,11/3/22,Nicole.Hamre_UWA,11/3/22,No,No,121.9312694,-33.83413655
FD6D4685-2C6E-4C91-81D8-EEB784E45E49,NA,NSH,EsperanceBR,Yes,No,Yes,Yes,NA,No,NA,NA,0,Nicole.Hamre_UWA,12/3/22,Nicole.Hamre_UWA,12/3/22,No,No,121.8938588,-33.86465876
64D588D0-A5FE-4CA2-A913-6D7347287DBB,NA,NSH,EsperanceBR,Yes,No,Yes,Yes,NA,Yes,NA,NA,0,Nicole.Hamre_UWA,12/3/22,Nicole.Hamre_UWA,12/3/22,No,No,121.8922563,-33.86587329
8D7DE1F4-DD3A-44E4-9829-416427AC0BB7,NA,NSH,EsperanceBR,Yes,No,Yes,Yes,4,Yes,2,2,0,Nicole.Hamre_UWA,12/3/22,Nicole.Hamre_UWA,12/3/22,No,No,121.8941507,-33.86532685
DA74B573-68DA-4EA1-88E4-4BDD2169A8C8,NA,NSH,EsperanceBR,Yes,Yes,Yes,Yes,NA,Yes,NA,NA,0,Nicole.Hamre_UWA,12/3/22,Nicole.Hamre_UWA,12/3/22,No,No,121.8939785,-33.86509504
A116B566-61CA-40BD-B010-3E554B487803,NA,NSH,EsperanceBR,No,No,NE,Refusal,Refusal,Refusal,Refusal,Refusal,0,Nicole.Hamre_UWA,12/3/22,Nicole.Hamre_UWA,12/3/22,No,No,121.8941376,-33.86512945
0DE21CFA-1216-4EC0-BBFF-693203C681DA,NA,NSH,EsperanceBR,Yes,No,Yes,Yes,NA,No,NA,NA,0,Nicole.Hamre_UWA,12/3/22,Nicole.Hamre_UWA,12/3/22,No,No,121.8939227,-33.86570268
A767FC2F-346F-479E-8D09-0359C55E118E,NA,NSH,EsperanceBR,Yes,No,Yes,No,2,Yes,2,0,1,Nicole.Hamre_UWA,12/3/22,Nicole.Hamre_UWA,12/3/22,Yes,No,121.8940774,-33.86482421
8AA45386-165E-476C-AE9A-7A2A90AF877E,NA,NSH,EsperanceBR,No,No,Yes,No,4,Yes,2,0,1,Nicole.Hamre_UWA,12/3/22,Nicole.Hamre_UWA,12/3/22,No,No,121.8938843,-33.86485128
F04B5F9D-9758-4179-8283-4246C8EB6B78,NA,NSH,EsperanceBR,Yes,No,Yes,Yes,NA,No,NA,NA,0,Nicole.Hamre_UWA,12/3/22,Nicole.Hamre_UWA,12/3/22,No,No,121.8929715,-33.86316496
DFA61E9C-2BD8-4587-BC9D-847D157D8525,NA,NSH,EsperanceBR,Yes,No,Yes,Yes,NA,No,NA,NA,0,Nicole.Hamre_UWA,12/3/22,Nicole.Hamre_UWA,12/3/22,No,No,121.8938588,-33.86465876
EBF4F30F-2174-4C7F-BC4C-3B0499B51276,NA,NSH,EsperanceBR,Yes,Yes,Yes,Yes,NA,No,NA,NA,0,Nicole.Hamre_UWA,12/3/22,Nicole.Hamre_UWA,12/3/22,No,No,121.8944626,-33.86568526
DCDD2CFE-F78B-4990-8EFD-B935553933B4,NA,NSH,EsperanceBR,Yes,No,Yes,No,5,Yes,4,All,0,Nicole.Hamre_UWA,12/3/22,Nicole.Hamre_UWA,12/3/22,No,No,121.8940369,-33.86500335
33EF847C-1863-4D4C-B2C0-4878FAA682C5,NA,NSH,EsperanceBR,Yes,Yes,No,Refusal,Refusal,Refusal,Refusal,Refusal,0,Nicole.Hamre_UWA,14/3/22,Nicole.Hamre_UWA,14/3/22,No,No,121.8940385,-33.86490772
16402C26-FBE0-41D1-8987-EF8B2E58E268,NA,EH,BandyCreekBR,Yes,No,Yes,Yes,3,Yes,3,0,1,Nicole.Hamre_UWA,11/3/22,Nicole.Hamre_UWA,11/3/22,No,NA,121.9309985,-33.83387274
2BAC57ED-EDF9-4393-9F8D-C27E2B733D11,NA,EH,BandyCreekBR,Yes,No,Yes,Yes,4,Yes,4,NA,0,Nicole.Hamre_UWA,12/3/22,Nicole.Hamre_UWA,12/3/22,No,NA,121.9305858,-33.83333591
572A4C44-7466-4257-B1AD-49732D4C5649,NA,EH,BandyCreekBR,Yes,No,Yes,Yes,4,Yes,2,0,1,Nicole.Hamre_UWA,12/3/22,Nicole.Hamre_UWA,12/3/22,No,NA,121.9304982,-33.83389176
6989C75C-5493-4583-BAD9-39D2A8F79B96,NA,EH,BandyCreekBR,Yes,No,Yes,Yes,4,Yes,4,0,0,Nicole.Hamre_UWA,12/3/22,Nicole.Hamre_UWA,12/3/22,No,NA,121.9314972,-33.83404842
6C243CB5-B6CE-4B8C-9F9F-C3F40742A68E,NA,EH,BandyCreekBR,Yes,No,Yes,Yes,4,Yes,2,0,1,Nicole.Hamre_UWA,12/3/22,Nicole.Hamre_UWA,12/3/22,No,NA,121.9309998,-33.83385304
7138D321-8DB7-44A3-B0AA-538ACFE02DE4,NA,EH,EsperanceBR,Yes,Yes,Yes,Yes,NA,Yes,NA,NA,0,Nicole.Hamre_UWA,11/3/22,Nicole.Hamre_UWA,11/3/22,NA,NA,121.8939011,-33.8655123
770AD937-D86F-414C-BF4A-4F6AB192176D,NA,EH,BandyCreekBR,Yes,No,Yes,Yes,NA,Yes,NA,NA,0,Nicole.Hamre_UWA,12/3/22,Nicole.Hamre_UWA,12/3/22,No,NA,121.9307829,-33.83445199
7A929DA3-150D-42DA-AB7F-32BCC0218816,NA,NSH,EsperanceBR,Yes,Yes,No,Refusal,Refusal,Refusal,Refusal,Refusal,0,Nicole.Hamre_UWA,10/3/22,Nicole.Hamre_UWA,10/3/22,PNTS,PNTS,121.8938643,-33.86528925
815033D5-9F70-4487-A728-D14DC51EB08E,NA,EH,BandyCreekBR,Yes,No,Yes,Yes,5,Yes,3,1,0,Nicole.Hamre_UWA,11/3/22,Nicole.Hamre_UWA,11/3/22,No,NA,121.9314746,-33.83296001
88870620-8E0F-445C-9913-A33E44D500E2,NA,EH,EsperanceBR,Yes,No,No,Yes,NA,Yes,NA,NA,0,Nicole.Hamre_UWA,11/3/22,Nicole.Hamre_UWA,11/3/22,No,NA,121.8939974,-33.86580178
89D10B01-C100-4498-BECF-B82A4BF0D26F,NA,EH,EsperanceBR,Yes,No,Yes,Yes,NA,Yes,NA,NA,0,Nicole.Hamre_UWA,11/3/22,Nicole.Hamre_UWA,11/3/22,No,NA,121.893955,-33.86489451
8DAD0574-EA07-4DCD-9EBB-AD0107D5738E,NA,NSH,EsperanceBR,Yes,Yes,Yes,Yes,NA,No,NA,NA,0,Nicole.Hamre_UWA,10/3/22,Nicole.Hamre_UWA,10/3/22,No,No,121.8938983,-33.86519147
98B8B5CA-52A6-4D73-B426-89826E18128D,NA,NSH,EsperanceBR,Yes,Yes,Yes,Yes,NA,Yes,NA,NA,0,Nicole.Hamre_UWA,10/3/22,Nicole.Hamre_UWA,10/3/22,No,No,121.8937387,-33.86530091
A340D541-752E-4D35-A556-3F344B640220,NA,EH,BandyCreekBR,Yes,No,Yes,Yes,2,Yes,2,0,0,Nicole.Hamre_UWA,12/3/22,Nicole.Hamre_UWA,12/3/22,No,NA,121.9316957,-33.83424898
AD756891-36D6-442D-B159-D2E510301221,NA,NSH,EsperanceBR,Yes,No,Yes,Yes,NA,Yes,NA,NA,0,Nicole.Hamre_UWA,10/3/22,Nicole.Hamre_UWA,10/3/22,No,No,121.8944451,-33.86666961
B65F27B9-0049-4706-9713-289F2921DBE5,NA,EH,BandyCreekBR,Yes,No,NE,Yes,NA,Yes,NA,NA,0,Nicole.Hamre_UWA,12/3/22,Nicole.Hamre_UWA,12/3/22,NA,NA,121.9989416,-33.9320749
D6DD4CCB-66D7-46E1-BFBC-DBD2D7FEA794,NA,EH,BandyCreekBR,Yes,No,No,Refusal,Refusal,Refusal,Refusal,Refusal,0,Nicole.Hamre_UWA,12/3/22,Nicole.Hamre_UWA,12/3/22,NA,NA,121.9308694,-33.83452037
DA6E33C6-2B31-48C2-B7DA-FE74A0B5E435,NA,EH,BandyCreekBR,Yes,No,Yes,No,5,Yes,2,1,0,Nicole.Hamre_UWA,12/3/22,Nicole.Hamre_UWA,12/3/22,No,NA,121.9303296,-33.83504528
E0910706-D726-4010-BBFD-BDD7928CAC6E,NA,EH,BandyCreekBR,Yes,No,Yes,Yes,4,Yes,2,0,1,Nicole.Hamre_UWA,11/3/22,Nicole.Hamre_UWA,11/3/22,No,NA,121.9316313,-33.83372549
E136992D-E229-462E-BC82-824809D83ED1,NA,EH,BandyCreekBR,Yes,Yes,Yes,Yes,NA,Yes,NA,NA,0,Nicole.Hamre_UWA,12/3/22,Nicole.Hamre_UWA,12/3/22,No,NA,121.9314425,-33.83375138
E162F75C-9E9A-4D59-9996-A55D4BDCEB9F,NA,EH,BandyCreekBR,Yes,Yes,Yes,Yes,NA,Yes,NA,NA,0,Nicole.Hamre_UWA,11/3/22,Nicole.Hamre_UWA,11/3/22,No,NA,121.9309824,-33.83471821
E8464E00-20AB-471A-9BC3-360628BC350B,NA,EH,EsperanceBR,Yes,Yes,Yes,Yes,NA,Yes,NA,NA,0,Nicole.Hamre_UWA,9/3/22,Nicole.Hamre_UWA,9/3/22,No,No,121.8943822,-33.86569815
F9FEA0A2-797E-4012-A20C-77F140E8AFAA,NA,EH,BandyCreekBR,Yes,Yes,Yes,Yes,NA,Yes,NA,NA,0,Nicole.Hamre_UWA,12/3/22,Nicole.Hamre_UWA,12/3/22,No,NA,121.9317279,-33.83457748
FA6C82BF-9B3C-4AE1-925B-34AB6A904F5F,NA,EH,BandyCreekBR,Yes,No,No,Yes,NA,Yes,NA,NA,0,Nicole.Hamre_UWA,12/3/22,Nicole.Hamre_UWA,12/3/22,NA,NA,121.9315924,-33.83475391
E20955C6-4068-4948-B964-8733C57456B0,NA,EH,EsperanceBR,Yes,No,Yes,Yes,NA,Yes,NA,NA,0,Nicole.Hamre_UWA,15/3/22,Nicole.Hamre_UWA,15/3/22,No,NA,121.8943043,-33.86555241
4F32B570-333C-4069-A5B5-61A901F58084,NA,EH,EsperanceBR,Yes,No,Yes,Yes,NA,Yes,NA,NA,0,Nicole.Hamre_UWA,15/3/22,Nicole.Hamre_UWA,15/3/22,No,NA,121.8934191,-33.86682841
C36CA304-69B5-4C71-88F3-8B9309AF3B68,NA,EH,EsperanceBR,Yes,Yes,Yes,Yes,NA,Yes,NA,NA,0,Nicole.Hamre_UWA,15/3/22,Nicole.Hamre_UWA,15/3/22,No,NA,121.8953131,-33.86878047
34E6EA76-A0D9-4C61-ACA9-39A5A3696C72,NA,EH,EsperanceBR,Yes,Yes,Yes,Yes,NA,Yes,NA,NA,0,Nicole.Hamre_UWA,15/3/22,Nicole.Hamre_UWA,15/3/22,No,NA,121.8937138,-33.86746794
F46B03E7-2958-45BB-847D-6966AB6D6559,NA,EH,EsperanceBR,Yes,No,Yes,Yes,NA,Yes,NA,NA,0,Nicole.Hamre_UWA,15/3/22,Nicole.Hamre_UWA,15/3/22,No,NA,121.8920814,-33.86783922
67FE0C09-EADD-481E-985A-DBC6CBF06166,NA,EH,EsperanceBR,Yes,No,Yes,Yes,NA,Yes,NA,NA,0,Nicole.Hamre_UWA,15/3/22,Nicole.Hamre_UWA,15/3/22,No,NA,121.8929693,-33.86795265
A0C5B463-A32A-4C5D-A209-A5B125BE2378,NA,EH,EsperanceBR,Yes,No,Yes,Yes,6,Yes,2,3,0,Nicole.Hamre_UWA,15/3/22,Nicole.Hamre_UWA,15/3/22,No,NA,121.8918519,-33.86736807
97246A80-BE4B-442F-B4E0-BB9D0000E224,NA,EH,EsperanceBR,Yes,Yes,Yes,Yes,NA,Yes,NA,NA,0,Nicole.Hamre_UWA,15/3/22,Nicole.Hamre_UWA,15/3/22,No,NA,121.8936112,-33.8680799
5AA9063F-AEB6-49A6-ADA2-955BF628C841,NA,EH,EsperanceBR,Yes,No,Yes,Yes,4,Yes,3,1,0,Nicole.Hamre_UWA,15/3/22,Nicole.Hamre_UWA,15/3/22,No,NA,121.8928574,-33.86686094
1E6D8A89-5E0A-4DAD-BD48-D544E185F95C,NA,EH,EsperanceBR,Yes,Yes,Yes,Yes,NA,Yes,NA,NA,0,Nicole.Hamre_UWA,15/3/22,Nicole.Hamre_UWA,15/3/22,No,NA,121.8937731,-33.86785597
7CB51318-863B-4561-9A7C-1531C3309708,NA,EH,EsperanceBR,Yes,Yes,Yes,Yes,9,Yes,6,NA,0,Nicole.Hamre_UWA,15/3/22,Nicole.Hamre_UWA,15/3/22,No,NA,121.8936847,-33.86514766
6439B27F-3F8B-456B-BB14-CD70DEB3FD70,NA,EH,BandyCreekBR,Yes,No,Yes,Yes,NA,Yes,NA,NA,0,Nicole.Hamre_UWA,15/3/22,Nicole.Hamre_UWA,15/3/22,No,NA,121.9307486,-33.83386579
E848A873-15A5-4F09-ADB5-5A8E07BB1414,NA,EH,BandyCreekBR,Yes,No,Yes,Yes,NA,Yes,NA,NA,0,Nicole.Hamre_UWA,15/3/22,Nicole.Hamre_UWA,15/3/22,No,NA,121.931367,-33.83349893
A50FE43D-ACBF-49F7-A7F1-C3B0635F25C4,NA,EH,BandyCreekBR,Yes,Yes,Yes,Yes,NA,Yes,NA,NA,0,Nicole.Hamre_UWA,15/3/22,Nicole.Hamre_UWA,15/3/22,No,NA,121.9308831,-33.83437316
C7D77E7A-2D1E-425A-A692-333AD181F833,NA,EH,EsperanceBR,Yes,No,Yes,Yes,3,Yes,2,3,0,Nicole.Hamre_UWA,16/3/22,Nicole.Hamre_UWA,16/3/22,No,NA,121.8944041,-33.86555169
C4BCA21A-C0DA-4869-98B2-AA219CB1B513,NA,EH,BandyCreekBR,Yes,Yes,No,Yes,NA,Yes,NA,NA,0,Nicole.Hamre_UWA,17/3/22,Nicole.Hamre_UWA,17/3/22,NA,NA,121.9345801,-33.83104088
EA54C0F5-A231-458C-BD4B-6DC7C7B8028F,NA,EH,BandyCreekBR,Yes,No,Yes,Yes,14,Yes,2,14,0,Nicole.Hamre_UWA,17/3/22,Nicole.Hamre_UWA,17/3/22,No,NA,121.9314765,-33.83356784
F7415B1E-69FA-4594-BE09-AFF9B4C91EF4,NA,EH,BandyCreekBR,Yes,No,Yes,Yes,NA,Yes,NA,NA,0,Nicole.Hamre_UWA,17/3/22,Nicole.Hamre_UWA,17/3/22,No,NA,121.9314894,-33.83401321
3389BF50-8F9E-4A9E-9121-DDB969A3E2C6,NA,EH,BandyCreekBR,Yes,No,Yes,Yes,NA,Yes,NA,NA,0,Nicole.Hamre_UWA,17/3/22,Nicole.Hamre_UWA,17/3/22,No,NA,121.9304208,-33.83467894
1D2D0559-D142-4115-AD69-99BE01045C50,NA,EH,BandyCreekBR,Yes,No,Yes,Yes,3,Yes,2,0,4,Nicole.Hamre_UWA,17/3/22,Nicole.Hamre_UWA,17/3/22,No,NA,121.9307763,-33.83387067
5A70830E-16F2-4297-A728-453EAE5445EF,NA,EH,BandyCreekBR,Yes,Yes,Yes,Yes,NA,Yes,NA,NA,0,Nicole.Hamre_UWA,17/3/22,Nicole.Hamre_UWA,17/3/22,No,NA,121.9315634,-33.83380151
0D9B362F-DB1F-4B78-853C-AE9D7B9B2C65,NA,EH,BandyCreekBR,Yes,No,Yes,Yes,NA,Yes,NA,NA,0,Nicole.Hamre_UWA,17/3/22,Nicole.Hamre_UWA,17/3/22,No,NA,121.9307304,-33.83381849
C4DE07E0-FBF4-44E2-AF48-16581BC4F8C6,NA,EH,BandyCreekBR,Yes,Yes,Yes,Yes,NA,Yes,NA,NA,0,Nicole.Hamre_UWA,17/3/22,Nicole.Hamre_UWA,17/3/22,No,NA,121.9306305,-33.83382995
1EFA9D4F-EA00-461F-A20B-36B71A6C4C28,NA,EH,BandyCreekBR,Yes,No,Yes,Yes,4,Yes,2,4,1,Nicole.Hamre_UWA,17/3/22,Nicole.Hamre_UWA,17/3/22,No,NA,121.9309093,-33.83407047
C8827A58-394C-4A0F-B6A9-1F957002C8C5,NA,HG,EsperanceBR,Yes,No,Yes,Yes,NA,Yes,NA,NA,0,Nicole.Hamre_UWA,18/3/22,Nicole.Hamre_UWA,18/3/22,No,No,121.9311858,-33.83282422
235F4134-0F83-4EC3-8C0E-A984399D6AC6,NA,NSH,EsperanceBR,No,No,NE,Yes,Refusal,Yes,Refusal,Refusal,0,Nicole.Hamre_UWA,20/3/22,Nicole.Hamre_UWA,20/3/22,NA,No,121.8941376,-33.86512945
448C7285-CB60-4AFB-BBB1-F55962E85E58,NA,NSH,EsperanceBR,Yes,No,Yes,Yes,NA,Yes,NA,NA,0,Nicole.Hamre_UWA,20/3/22,Nicole.Hamre_UWA,20/3/22,No,No,121.8940774,-33.86482421
03BED410-EB82-4DAE-B361-164433653F91,NA,NSH,BandyCreekBR,Yes,Yes,No,Refusal,Refusal,Refusal,Refusal,Refusal,0,Nicole.Hamre_UWA,15/3/22,Nicole.Hamre_UWA,15/3/22,No,No,121.9306438,-33.83334156
0C55F57C-00A3-40AC-8D9C-2EE46FB3DCEE,NA,EH,EsperanceBR,Yes,No,Yes,No,NA,Yes,NA,NA,0,Nicole.Hamre_UWA,18/3/22,Nicole.Hamre_UWA,18/3/22,No,NA,121.8942365,-33.86579154
196B8C8C-48B6-4FB5-B644-9645C4A6EA29,NA,EH,EsperanceBR,Yes,No,Yes,Yes,NA,Yes,NA,NA,0,Nicole.Hamre_UWA,20/3/22,Nicole.Hamre_UWA,20/3/22,No,NA,121.8925367,-33.86402731
32D8BFCD-AB55-4B91-B12E-5B7D669DB6DC,NA,NSH,EsperanceBR,Yes,No,Yes,Yes,NA,Yes,NA,NA,0,Nicole.Hamre_UWA,17/3/22,Nicole.Hamre_UWA,17/3/22,No,No,121.8941679,-33.86537296
54D2C2BA-CB56-4577-B4E1-862065457C66,NA,NSH,EsperanceBR,Yes,Yes,Yes,Yes,4,Yes,2,All,0,Nicole.Hamre_UWA,17/3/22,Nicole.Hamre_UWA,17/3/22,No,No,121.8938742,-33.86548735
5CD49537-7E2B-4A94-BF16-317BC1A36BC0,NA,EH,EsperanceBR,Yes,Yes,Yes,Yes,NA,Yes,NA,NA,0,Nicole.Hamre_UWA,19/3/22,Nicole.Hamre_UWA,19/3/22,No,NA,121.8942443,-33.86809055
5E230049-25ED-4009-8322-C71ACF6AE20F,NA,NSH,EsperanceBR,Yes,No,Yes,Yes,4,Yes,2,All,1,Nicole.Hamre_UWA,17/3/22,Nicole.Hamre_UWA,17/3/22,No,No,121.8943064,-33.86495333
5F68C899-068D-48C4-B20A-1ED05C5B4C51,NA,NSH,BandyCreekBR,Yes,Yes,Yes,Yes,NA,Yes,NA,NA,0,Nicole.Hamre_UWA,15/3/22,Nicole.Hamre_UWA,15/3/22,No,No,121.9313066,-33.83396006
691F3E20-93AD-4933-997A-598C707EE239,NA,EH,EsperanceBR,Yes,No,Yes,Yes,NA,Yes,NA,NA,0,Nicole.Hamre_UWA,18/3/22,Nicole.Hamre_UWA,18/3/22,No,NA,121.8943403,-33.86558576
6C6B96B8-5F50-4C63-BC38-3A3F487FC8E3,NA,EH,EsperanceBR,Yes,No,Yes,Yes,NA,Yes,NA,NA,0,Nicole.Hamre_UWA,18/3/22,Nicole.Hamre_UWA,18/3/22,No,NA,121.8942419,-33.86576966
6F05F333-CE59-461B-96F9-F503E2C0C7D3,NA,NSH,BandyCreekBR,Yes,No,Yes,Yes,NA,Yes,NA,NA,0,Nicole.Hamre_UWA,15/3/22,Nicole.Hamre_UWA,15/3/22,No,No,121.9314985,-33.83340552
7F991869-47B8-45AB-9E80-7D6DD424209C,NA,NSH,BandyCreekBR,Yes,No,Yes,Yes,NA,Yes,NA,NA,0,Nicole.Hamre_UWA,15/3/22,Nicole.Hamre_UWA,15/3/22,No,No,121.9308694,-33.83452037
9BA063E6-A3FD-4086-BFE8-AD649449F54F,NA,EH,EsperanceBR,Yes,No,Yes,Yes,NA,Yes,NA,NA,0,Nicole.Hamre_UWA,18/3/22,Nicole.Hamre_UWA,18/3/22,No,NA,121.893757,-33.86577304
A4E33E0C-D68E-4223-8F61-D512CBEAD192,NA,NSH,EsperanceBR,Yes,Yes,No,Yes,NA,Yes,NA,NA,0,Nicole.Hamre_UWA,17/3/22,Nicole.Hamre_UWA,17/3/22,No,No,121.8938501,-33.86531641
AA599799-F281-4C7F-B9F5-48B23B575F00,NA,NSH,EsperanceBR,Yes,Yes,Yes,Yes,NA,Yes,NA,NA,0,Nicole.Hamre_UWA,17/3/22,Nicole.Hamre_UWA,17/3/22,No,No,121.8938909,-33.86461195
B0CB1815-3029-424D-ADE1-D6A26C6C592A,NA,NSH,EsperanceBR,Yes,Yes,Yes,No,5,Yes,2,3,0,Nicole.Hamre_UWA,17/3/22,Nicole.Hamre_UWA,17/3/22,No,No,121.893654,-33.86510081
CD951202-F390-4DA5-B506-75CBEA6E944D,NA,NSH,EsperanceBR,No,No,NE,Yes,NA,Yes,NA,NA,0,Nicole.Hamre_UWA,17/3/22,Nicole.Hamre_UWA,17/3/22,No,No,121.893933,-33.86472996
D8B9BDEA-A4F0-489E-95DA-2A057C3B9487,NA,NSH,EsperanceBR,Yes,No,Yes,Yes,NA,Yes,NA,NA,0,Nicole.Hamre_UWA,17/3/22,Nicole.Hamre_UWA,17/3/22,No,No,121.8941945,-33.86506129
EEFAA98A-881C-4C99-8CEC-E0F26044BC96,NA,NSH,BandyCreekBR,Yes,No,Yes,Yes,NA,Yes,NA,NA,0,Nicole.Hamre_UWA,15/3/22,Nicole.Hamre_UWA,15/3/22,No,No,121.9313188,-33.83352554
EF921A93-6341-4FB9-9F7B-6D777F9EEE79,NA,NSH,EsperanceBR,Yes,No,Yes,Yes,NA,Yes,NA,NA,0,Nicole.Hamre_UWA,17/3/22,Nicole.Hamre_UWA,17/3/22,No,No,121.8938233,-33.86428444
F2AC6606-CC60-48C0-80AE-A49EEA03AAAD,NA,NSH,BandyCreekBR,Yes,Yes,Yes,Yes,NA,Yes,NA,NA,0,Nicole.Hamre_UWA,15/3/22,Nicole.Hamre_UWA,15/3/22,No,No,121.9308329,-33.83386071
F871F9D8-D18A-40CE-BB7B-3599B6BC4F79,NA,EH,EsperanceBR,Yes,Yes,Yes,Yes,NA,Yes,NA,NA,0,Nicole.Hamre_UWA,18/3/22,Nicole.Hamre_UWA,18/3/22,No,NA,121.8938025,-33.86617091
EAC1699C-2C6C-4B21-B05B-20A009F08F9E,NA,EH,BandyCreekBR,Yes,No,Yes,Yes,NA,Yes,NA,NA,0,Nicole.Hamre_UWA,10/4/22,Nicole.Hamre_UWA,10/4/22,No,No,121.9304641,-33.83420493
12A570B4-E31B-4C72-ACBD-84B8B255FF30,NA,EH,BandyCreekBR,Yes,No,Yes,Yes,NA,Yes,NA,NA,0,Nicole.Hamre_UWA,10/4/22,Nicole.Hamre_UWA,10/4/22,No,No,121.9307078,-33.83423265
0898ACEB-E1FD-438F-BB22-BB7AFD43477B,NA,EH,BandyCreekBR,Yes,No,NE,Yes,NA,Yes,NA,NA,0,Nicole.Hamre_UWA,10/4/22,Nicole.Hamre_UWA,10/4/22,No,No,121.9311441,-33.83387419
EE314161-001F-423D-8269-9D161BC96D70,NA,EH,BandyCreekBR,Yes,No,Yes,Yes,NA,Yes,NA,NA,0,Nicole.Hamre_UWA,10/4/22,Nicole.Hamre_UWA,10/4/22,No,No,121.9307881,-33.83372634
B06F65D1-6EA2-4081-AD15-C2E575FE5DBD,NA,EH,BandyCreekBR,Yes,Yes,NE,Yes,NA,Yes,NA,NA,0,Nicole.Hamre_UWA,10/4/22,Nicole.Hamre_UWA,10/4/22,No,No,121.9317597,-33.83323483
58C2965A-FBBA-493A-BD7A-EF88F39B11C3,NA,EH,BandyCreekBR,Yes,No,No,Yes,NA,Yes,NA,NA,0,Nicole.Hamre_UWA,10/4/22,Nicole.Hamre_UWA,10/4/22,No,No,121.9308911,-33.83420344
970FF282-D505-488B-93D1-7A7E8F0B0400,NA,EH,BandyCreekBR,Yes,No,No,Yes,NA,Yes,NA,NA,0,Nicole.Hamre_UWA,10/4/22,Nicole.Hamre_UWA,10/4/22,No,No,121.9325865,-33.8310523
1BC4681B-A173-4F36-81B2-D7A75DC28684,NA,EH,BandyCreekBR,Yes,Yes,Yes,Yes,NA,Yes,NA,NA,0,Nicole.Hamre_UWA,10/4/22,Nicole.Hamre_UWA,10/4/22,No,No,121.9307849,-33.83367892
D73D0B6C-9FF0-409E-B96E-9949CEDFC986,NA,EH,BandyCreekBR,Yes,No,Yes,Yes,NA,Yes,NA,NA,0,Nicole.Hamre_UWA,15/4/22,Nicole.Hamre_UWA,15/4/22,No,NA,121.9307104,-33.83266047
62745BEC-B1E1-45DB-A08F-58EC1A62B5EC,NA,EH,BandyCreekBR,Yes,No,Yes,Yes,NA,Yes,NA,NA,0,Nicole.Hamre_UWA,15/4/22,Nicole.Hamre_UWA,15/4/22,No,NA,121.9314922,-33.83400262
0B08C1AF-2919-49B0-80F1-2BC5A795E5E5,NA,EH,BandyCreekBR,Yes,Yes,Yes,Yes,NA,Yes,NA,NA,0,Nicole.Hamre_UWA,15/4/22,Nicole.Hamre_UWA,15/4/22,No,NA,121.9311385,-33.83390311
530A9485-BA3D-4D46-9E96-ACC2C9814E55,NA,EH,BandyCreekBR,Yes,Yes,Yes,Yes,NA,Yes,NA,NA,0,Nicole.Hamre_UWA,15/4/22,Nicole.Hamre_UWA,15/4/22,No,NA,121.9309339,-33.83413156
0B6A26FC-2D7A-4DAF-BDE8-79FD6B795D7A,NA,EH,BandyCreekBR,Yes,Yes,Yes,Yes,NA,Yes,NA,NA,0,Nicole.Hamre_UWA,15/4/22,Nicole.Hamre_UWA,15/4/22,No,NA,121.9310323,-33.83318586
FE86052C-ED43-44B2-A6B0-36F53DFB9A24,NA,EH,BandyCreekBR,Yes,No,Yes,Yes,NA,Yes,NA,NA,0,Nicole.Hamre_UWA,15/4/22,Nicole.Hamre_UWA,15/4/22,No,NA,121.9309119,-33.83430729
C7CEF302-53D6-4EF0-98F9-94C2E965C5CE,NA,EH,BandyCreekBR,Yes,Yes,Yes,Yes,NA,Yes,NA,NA,0,Nicole.Hamre_UWA,15/4/22,Nicole.Hamre_UWA,15/4/22,No,NA,121.9309738,-33.83373497
AC2879D5-6A34-4CD7-8637-A112A8386693,NA,EH,BandyCreekBR,Yes,No,Yes,Yes,NA,Yes,NA,NA,0,Nicole.Hamre_UWA,15/4/22,Nicole.Hamre_UWA,15/4/22,No,NA,121.9300332,-33.83350821
5CBBCD1C-7EAC-4435-A3EB-A1AD2DEFC165,NA,EH,BandyCreekBR,Yes,No,Yes,Yes,NA,Yes,NA,NA,0,Nicole.Hamre_UWA,15/4/22,Nicole.Hamre_UWA,15/4/22,Yes,No,121.9317859,-33.83303392
A7806CF3-E59D-425A-B6D2-DE461AA8565F,NA,EH,BandyCreekBR,No,No,No,Yes,NA,Yes,NA,NA,0,Nicole.Hamre_UWA,15/4/22,Nicole.Hamre_UWA,15/4/22,No,NA,121.9302694,-33.83324818
213B89B9-A061-46D6-9D81-1DA2454E2854,NA,EH,BandyCreekBR,Yes,No,Yes,Yes,NA,Yes,NA,NA,0,Nicole.Hamre_UWA,15/4/22,Nicole.Hamre_UWA,15/4/22,No,NA,121.9308514,-33.83393224
048FAB52-81C6-4CB1-936F-AF8371CA17E3,NA,EH,BandyCreekBR,Yes,No,Yes,Yes,NA,Yes,NA,NA,0,Nicole.Hamre_UWA,15/4/22,Nicole.Hamre_UWA,15/4/22,No,NA,121.9310028,-33.83394241
398B4E99-903B-4496-BC49-A98D270E0957,NA,EH,BandyCreekBR,Yes,No,Yes,Yes,NA,Yes,NA,NA,0,Nicole.Hamre_UWA,15/4/22,Nicole.Hamre_UWA,15/4/22,No,NA,121.9307012,-33.83382215
F6FC09D5-A586-4C3A-BCB2-C003F11906B1,NA,EH,BandyCreekBR,Yes,No,No,Yes,NA,Yes,NA,NA,0,Nicole.Hamre_UWA,15/4/22,Nicole.Hamre_UWA,15/4/22,NA,NA,121.9306679,-33.83414011
20C6CF7D-2C3A-4641-9E8D-44847C499600,NA,EH,BandyCreekBR,Yes,No,Yes,Yes,NA,Yes,NA,NA,0,Nicole.Hamre_UWA,15/4/22,Nicole.Hamre_UWA,15/4/22,No,NA,121.9301579,-33.8329859
C60FCCA5-525B-4F11-97B6-BBCBED31E5DF,NA,EH,BandyCreekBR,Yes,No,Yes,Yes,NA,Yes,NA,NA,0,Nicole.Hamre_UWA,15/4/22,Nicole.Hamre_UWA,15/4/22,No,NA,121.9305013,-33.83485837
BBA47F52-25B3-4F74-B0DD-259D4C45790A,NA,EH,BandyCreekBR,Yes,Yes,Yes,Yes,NA,Yes,NA,NA,0,Nicole.Hamre_UWA,15/4/22,Nicole.Hamre_UWA,15/4/22,No,NA,121.9312657,-33.83464614
E7531437-45E3-42C1-8E38-8412BD1759FF,NA,EH,BandyCreekBR,Yes,No,Yes,Yes,NA,Yes,NA,NA,0,Nicole.Hamre_UWA,15/4/22,Nicole.Hamre_UWA,15/4/22,No,NA,121.9318125,-33.83563712
BD02C618-9921-4485-8CA4-B4F976187273,NA,EH,BandyCreekBR,Yes,Yes,Yes,Yes,NA,Yes,NA,NA,0,Nicole.Hamre_UWA,15/4/22,Nicole.Hamre_UWA,15/4/22,No,NA,121.9308624,-33.83465549
B5D87152-43D2-4885-9615-53C5A6D25BCD,NA,EH,BandyCreekBR,Yes,No,Yes,Yes,NA,Yes,NA,NA,0,Nicole.Hamre_UWA,15/4/22,Nicole.Hamre_UWA,15/4/22,No,NA,121.9309123,-33.83316568
7C3BADAA-8EB8-4E4E-89CD-1C76BC4668B2,NA,EH,BandyCreekBR,Yes,Yes,Yes,Yes,NA,Yes,NA,NA,0,Nicole.Hamre_UWA,15/4/22,Nicole.Hamre_UWA,15/4/22,No,NA,121.930908,-33.83351465
23152F3E-9ECC-4E7C-BC0D-60D49739CD0D,NA,EH,BandyCreekBR,Yes,No,Yes,Yes,NA,Yes,NA,NA,0,Nicole.Hamre_UWA,15/4/22,Nicole.Hamre_UWA,15/4/22,No,NA,121.930794,-33.83426084
F482D0BB-6F24-4CA5-81B2-E12E99987648,NA,EH,BandyCreekBR,Yes,Yes,No,Yes,NA,Yes,NA,NA,0,Nicole.Hamre_UWA,15/4/22,Nicole.Hamre_UWA,15/4/22,NA,NA,121.9309905,-33.83563619
F3669DA2-3F16-4AA9-9692-AC179C47F32C,NA,EH,BandyCreekBR,Yes,No,Yes,Yes,NA,Yes,NA,NA,0,Nicole.Hamre_UWA,15/4/22,Nicole.Hamre_UWA,15/4/22,No,NA,121.9311557,-33.83477764
98620BB0-4C47-47AF-A404-2F05A55D6DDB,NA,EH,BandyCreekBR,Yes,No,No,Yes,NA,Yes,NA,NA,0,Nicole.Hamre_UWA,15/4/22,Nicole.Hamre_UWA,15/4/22,No,NA,121.9309239,-33.83397012
56ADECD6-71FB-4139-91E2-B597D64C0770,NA,EH,BandyCreekBR,Yes,No,Yes,No,2,Yes,2,0,8,Nicole.Hamre_UWA,15/4/22,Nicole.Hamre_UWA,15/4/22,No,NA,121.9304605,-33.83392367
1ADC2F92-3F14-4E68-A2CA-EA383A339768,NA,EH,BandyCreekBR,Yes,No,Yes,Yes,NA,Yes,NA,NA,0,Nicole.Hamre_UWA,15/4/22,Nicole.Hamre_UWA,15/4/22,No,NA,121.9312203,-33.83465743
CB7035AE-FF14-4815-9B91-3AFE96418815,NA,EH,BandyCreekBR,Yes,Yes,Yes,Yes,NA,Yes,NA,NA,0,Nicole.Hamre_UWA,15/4/22,Nicole.Hamre_UWA,15/4/22,No,NA,121.9304173,-33.83443425
14E17438-3700-45C3-AC6F-D187E8E7DC1C,NA,EH,BandyCreekBR,Yes,Yes,Yes,Yes,NA,Yes,NA,NA,0,Nicole.Hamre_UWA,15/4/22,Nicole.Hamre_UWA,15/4/22,NA,NA,121.9312764,-33.83270537
6A4A6782-1694-4116-A96A-EC8CCC27776E,NA,EH,BandyCreekBR,Yes,Yes,Yes,Yes,NA,Yes,NA,NA,0,Nicole.Hamre_UWA,15/4/22,Nicole.Hamre_UWA,15/4/22,No,NA,121.9309429,-33.83373765
75915138-F54F-4AEB-B270-827C7C62C71E,NA,EH,BandyCreekBR,Yes,No,Yes,Yes,NA,Yes,NA,NA,0,Nicole.Hamre_UWA,15/4/22,Nicole.Hamre_UWA,15/4/22,No,NA,121.9312777,-33.8344663
BC2318C7-A060-47FA-8C6D-ED03EDFBA7B9,NA,EH,BandyCreekBR,Yes,No,Yes,No,4,Yes,2,2,1,Nicole.Hamre_UWA,15/4/22,Nicole.Hamre_UWA,15/4/22,No,NA,121.9313496,-33.83348395
8CA182D2-E573-4842-803D-3D246D00D7C4,NA,EH,BandyCreekBR,Yes,No,Yes,No,4,Yes,1,4,3,Nicole.Hamre_UWA,15/4/22,Nicole.Hamre_UWA,15/4/22,No,NA,121.9313746,-33.83387693
77AF1E6F-FD02-45E1-876E-C7F90EA6583B,NA,EH,BandyCreekBR,Yes,Yes,No,Yes,NA,Yes,NA,NA,0,Nicole.Hamre_UWA,16/4/22,Nicole.Hamre_UWA,16/4/22,NA,NA,121.9312231,-33.83420942
6C90B398-CD00-4F55-B737-74F0F190422C,NA,EH,BandyCreekBR,Yes,Yes,Yes,Yes,5,Yes,5,1,4,Nicole.Hamre_UWA,16/4/22,Nicole.Hamre_UWA,16/4/22,No,NA,121.9308481,-33.83409614
4283E565-6006-4A66-B353-97D16A15DED4,NA,EH,BandyCreekBR,Yes,Yes,No,Yes,NA,Yes,NA,NA,0,Nicole.Hamre_UWA,16/4/22,Nicole.Hamre_UWA,16/4/22,NA,NA,121.9306385,-33.83402268
323B6228-C942-4F03-B824-D68869617B0C,NA,EH,BandyCreekBR,Yes,Yes,Yes,Yes,NA,Yes,NA,NA,0,Nicole.Hamre_UWA,16/4/22,Nicole.Hamre_UWA,16/4/22,NA,NA,121.9312207,-33.83441612
C73F7BE9-CA48-47A5-AA44-065982C0EB7D,NA,EH,BandyCreekBR,Yes,Yes,Yes,Yes,NA,Yes,NA,NA,0,Nicole.Hamre_UWA,16/4/22,Nicole.Hamre_UWA,16/4/22,NA,NA,121.9310698,-33.83357424
ABC2BF10-E1B6-48EB-A07A-E0083F3E0C5A,NA,EH,BandyCreekBR,Yes,No,Yes,Yes,NA,Yes,NA,NA,0,Nicole.Hamre_UWA,16/4/22,Nicole.Hamre_UWA,16/4/22,No,NA,121.9305476,-33.83416033
DBFF0C9F-3BA8-4702-AA67-6090927E3107,NA,EH,BandyCreekBR,Yes,No,Yes,Yes,NA,Yes,NA,NA,0,Nicole.Hamre_UWA,16/4/22,Nicole.Hamre_UWA,16/4/22,No,NA,121.9304252,-33.83450746
524696E0-82EA-4C76-A245-6260F653B258,NA,EH,BandyCreekBR,Yes,No,Yes,No,4,Yes,2,4,2,Nicole.Hamre_UWA,16/4/22,Nicole.Hamre_UWA,16/4/22,No,NA,121.9309816,-33.83382672
0B70C41F-1E32-4C3D-9AE2-A5967B98C950,NA,EH,BandyCreekBR,Yes,No,Yes,Yes,NA,Yes,NA,NA,0,Nicole.Hamre_UWA,16/4/22,Nicole.Hamre_UWA,16/4/22,No,NA,121.93086,-33.834343
AF150A0D-D6D4-4CD9-BAF3-CF637838D775,NA,EH,BandyCreekBR,Yes,No,Yes,Yes,NA,Yes,NA,NA,0,Nicole.Hamre_UWA,16/4/22,Nicole.Hamre_UWA,16/4/22,No,NA,121.9310351,-33.83379697
B0124CF8-94EB-4708-B39D-A720E778334E,NA,EH,BandyCreekBR,Yes,Yes,Yes,Yes,NA,Yes,NA,NA,0,Nicole.Hamre_UWA,16/4/22,Nicole.Hamre_UWA,16/4/22,No,NA,121.9307885,-33.83419772
580006DC-EFC3-4B6F-86AB-E39229A99F4F,NA,EH,BandyCreekBR,Yes,No,No,Yes,NA,Yes,NA,NA,0,Nicole.Hamre_UWA,16/4/22,Nicole.Hamre_UWA,16/4/22,NA,NA,121.9309079,-33.83446473
AB7D3D77-CBDF-4630-99A4-54130DC2E359,NA,EH,BandyCreekBR,Yes,No,Yes,Yes,NA,Yes,NA,NA,0,Nicole.Hamre_UWA,16/4/22,Nicole.Hamre_UWA,16/4/22,No,NA,121.9305491,-33.8326364
7C69C81D-3C09-469E-9A97-5716E3FC72D7,NA,EH,BandyCreekBR,Yes,Yes,Yes,Yes,NA,Yes,NA,NA,0,Nicole.Hamre_UWA,16/4/22,Nicole.Hamre_UWA,16/4/22,No,NA,121.9308309,-33.83453047
B7AE74C4-3B39-4D96-A367-269DAC4049D6,NA,EH,BandyCreekBR,Yes,No,Yes,Yes,NA,Yes,NA,NA,0,Nicole.Hamre_UWA,16/4/22,Nicole.Hamre_UWA,16/4/22,No,NA,121.9308339,-33.83390641
1246EDBD-FC4A-40C5-80B0-CBC6D26BFCAB,NA,EH,BandyCreekBR,Yes,No,Yes,No,4,Yes,4,4,10,Nicole.Hamre_UWA,16/4/22,Nicole.Hamre_UWA,16/4/22,No,NA,121.9307835,-33.83417593
26A14717-2139-45EA-A7AA-95F0B2DF441E,NA,EH,BandyCreekBR,Yes,No,Yes,No,4,Yes,4,4,10,Nicole.Hamre_UWA,16/4/22,Nicole.Hamre_UWA,16/4/22,No,NA,121.9312018,-33.83518778
C6E12DEE-DD3F-4472-A9E2-B6111B582C47,NA,EH,BandyCreekBR,Yes,No,Yes,Yes,NA,Yes,NA,NA,0,Nicole.Hamre_UWA,16/4/22,Nicole.Hamre_UWA,16/4/22,No,NA,121.9309694,-33.83374694
5ED0FAF2-4356-4A17-B4A2-C5FDEF7CE010,NA,EH,BandyCreekBR,Yes,Yes,Yes,Yes,NA,Yes,NA,NA,0,Nicole.Hamre_UWA,16/4/22,Nicole.Hamre_UWA,16/4/22,No,NA,121.930796,-33.83402304
88B62671-C257-4F0A-B8EA-CF41FB7C584E,NA,EH,BandyCreekBR,Yes,No,Yes,Yes,NA,Yes,NA,NA,0,Nicole.Hamre_UWA,16/4/22,Nicole.Hamre_UWA,16/4/22,No,NA,121.9309095,-33.83403319
451CAC4C-21E2-4EB0-BDF3-527B417733B7,NA,EH,BandyCreekBR,Yes,Yes,No,Yes,NA,Yes,NA,NA,0,Nicole.Hamre_UWA,16/4/22,Nicole.Hamre_UWA,16/4/22,NA,NA,121.9315408,-33.83390512
09DCE737-8229-429B-9430-4A4B31F4B19F,NA,EH,BandyCreekBR,Yes,No,Yes,No,14,Yes,14,0,4,Nicole.Hamre_UWA,16/4/22,Nicole.Hamre_UWA,16/4/22,No,NA,121.930994,-33.83384825
51B63E4E-F91D-4110-B527-E5895B154122,NA,EH,BandyCreekBR,Yes,No,Yes,Yes,NA,Yes,NA,NA,0,Nicole.Hamre_UWA,16/4/22,Nicole.Hamre_UWA,16/4/22,No,NA,121.9316091,-33.83313561
2554BB3D-B172-4E0A-A31F-F0AEFB0FE636,NA,EH,BandyCreekBR,Yes,No,Yes,Yes,NA,Yes,NA,NA,0,Nicole.Hamre_UWA,16/4/22,Nicole.Hamre_UWA,16/4/22,No,NA,121.9309067,-33.83175129
CFC1C208-99EA-400C-A44E-59F7568436C9,NA,NSH,EsperanceBR,Yes,Yes,Yes,Yes,NA,Yes,NA,NA,0,Nicole.Hamre_UWA,18/4/22,Nicole.Hamre_UWA,18/4/22,No,No,121.8929388,-33.8629394
CEA1A63B-5F37-4AC9-94DC-4603DE118221,NA,NSH,EsperanceBR,Yes,Yes,No,Yes,NA,Yes,NA,NA,0,Nicole.Hamre_UWA,18/4/22,Nicole.Hamre_UWA,18/4/22,No,No,121.893838,-33.8650663
35A2D570-AA32-4742-8780-CE1936174F5E,NA,NSH,EsperanceBR,Yes,No,Yes,Yes,NA,Yes,NA,NA,0,Nicole.Hamre_UWA,18/4/22,Nicole.Hamre_UWA,18/4/22,No,No,121.8939151,-33.86431611
D25F7397-7084-4198-A388-DDC03E2C93AB,NA,NSH,EsperanceBR,Yes,Yes,Yes,Yes,NA,Yes,NA,NA,0,Nicole.Hamre_UWA,18/4/22,Nicole.Hamre_UWA,18/4/22,No,No,121.8940774,-33.86482421
4258C1EC-182E-40AD-B111-F3BDEA38B9B1,NA,NSH,EsperanceBR,Yes,Yes,No,Yes,NA,Yes,NA,NA,0,Nicole.Hamre_UWA,18/4/22,Nicole.Hamre_UWA,18/4/22,No,No,121.8941945,-33.86506129
CED47E29-61F2-4D0C-AF90-858F38A02FA9,NA,NSH,EsperanceBR,Yes,No,No,Yes,NA,Yes,NA,NA,0,Nicole.Hamre_UWA,18/4/22,Nicole.Hamre_UWA,18/4/22,No,No,121.8938983,-33.86519147
C5E9BA25-E6A4-4BD1-A85B-93AA29E204CF,NA,NSH,EsperanceBR,Yes,No,Yes,Yes,NA,Yes,NA,NA,0,Nicole.Hamre_UWA,18/4/22,Nicole.Hamre_UWA,18/4/22,No,No,121.8938983,-33.86519147
78DA4AC9-7A19-456C-9EFD-70A2827639D8,NA,NSH,EsperanceBR,Yes,No,Yes,Yes,NA,Yes,NA,NA,0,Nicole.Hamre_UWA,18/4/22,Nicole.Hamre_UWA,18/4/22,No,No,121.8937874,-33.86682963
4C47C3D8-0F8A-42F9-B444-E80C9FE0912F,NA,NSH,EsperanceBR,Yes,No,Yes,Yes,NA,Yes,NA,NA,0,Nicole.Hamre_UWA,18/4/22,Nicole.Hamre_UWA,18/4/22,No,No,121.8931129,-33.86754792
0A746C95-EB73-45C3-A5BE-338F291883EE,NA,NSH,EsperanceBR,Yes,Yes,Yes,No,NA,Yes,NA,NA,0,Nicole.Hamre_UWA,18/4/22,Nicole.Hamre_UWA,18/4/22,No,No,121.8940852,-33.86664444
1965DC34-C1DD-4374-8FAA-82ABDB43CB46,NA,NSH,EsperanceBR,Yes,Yes,Yes,Yes,NA,Yes,NA,NA,0,Nicole.Hamre_UWA,18/4/22,Nicole.Hamre_UWA,18/4/22,No,No,121.8941412,-33.86514486
467CD45A-DD62-49E6-A272-CB9FF2B1C2CD,NA,NSH,EsperanceBR,Yes,No,Yes,Yes,NA,Yes,NA,NA,0,Nicole.Hamre_UWA,18/4/22,Nicole.Hamre_UWA,18/4/22,No,No,121.8940106,-33.86491425
FD180512-D4B4-4D2C-B9B7-FFB78DC1A633,NA,NSH,BandyCreekBR,Yes,No,Yes,No,3,Yes,2,1,6,Nicole.Hamre_UWA,19/4/22,Nicole.Hamre_UWA,19/4/22,No,No,121.9300408,-33.83289412
E2D541F3-587C-40EF-9330-3C34F5D52444,NA,NSH,BandyCreekBR,Yes,No,Yes,No,7,Yes,2,5,6,Nicole.Hamre_UWA,19/4/22,Nicole.Hamre_UWA,19/4/22,Yes,No,121.9309127,-33.83428503
13C582EB-CB2A-4399-9532-923B3E14FCAF,NA,EH,BandyCreekBR,Yes,Yes,Yes,Yes,NA,Yes,NA,NA,0,Nicole.Hamre_UWA,19/4/22,Nicole.Hamre_UWA,19/4/22,No,No,121.9303127,-33.83433801
60BF6D99-857D-4210-852F-DC3456D4236D,NA,NSH,BandyCreekBR,Yes,Yes,Yes,Yes,NA,Yes,NA,NA,0,Nicole.Hamre_UWA,19/4/22,Nicole.Hamre_UWA,19/4/22,No,No,121.9311842,-33.83385217