OBJECTID,exGUID,# Is this a boat based or shore based activity?,"If RECALL, what date did they go fishing?",What type of fishing did you do?,Did you use bait or lure?,What time did you START fishing at this site?,What time did you STOP fishing at this site?,What was your maximum hook depth (m) at this site?,Number of fish kept undamaged at this site?,How many fish did you release at this site?,How many shark bite offs did you get at this site?,What species of fish did you keep? ,Why did you leave this site?,Comments,GlobalID,CreationDate,Creator,EditDate,Editor,Did anything detract from the experience you had at this site?,"If of Aboriginal or Torres Strait Islander origin, was this activity undertaken for a customary purpose?",x,y
4,066c421f-db26-47f4-ac29-ccbb588db176,Boat,1/17/2022 6:58:23 AM,Casting,Bait,11:00,12:00,8,12,2,0,Herring,ActivityChange,,035663ac-c8fd-4561-8dd1-c62c49595699,4/26/2022 7:30:14 AM,Nicole.Hamre_UWA,4/26/2022 7:30:14 AM,Nicole.Hamre_UWA,,,122.593151335405,-33.9334078771479
5,85e33d86-5fb0-4e33-b1c2-83c97e00c1ee,Boat,1/21/2022 2:19:15 AM,Casting,Bait,06:00,10:00,5,6,6,0,"Snook, skippers, herrings, yellow tails",LowCatch,,b9f42da0-84b4-43d9-a6dd-17ff1c50369e,4/26/2022 7:30:14 AM,Nicole.Hamre_UWA,4/26/2022 7:30:14 AM,Nicole.Hamre_UWA,,,121.897042414606,-33.8622236722576
6,002a7396-a8cb-471f-8b2c-cc8da5f4e356,Boat,1/21/2022 2:47:48 AM,Casting,Bait,06:30,08:00,15,5,5,0,"King George whiting , herrings",Weather,,03f14681-fb36-453f-942f-4283516a6552,4/26/2022 7:30:14 AM,Nicole.Hamre_UWA,4/26/2022 7:30:14 AM,Nicole.Hamre_UWA,,,121.915099287537,-33.8730594694102
7,002a7396-a8cb-471f-8b2c-cc8da5f4e356,Boat,1/21/2022 2:49:42 AM,Casting,Bait,08:30,10:30,2,0,6,0,Rock cod wrasse ,Weather,,abcbded5-6d85-44b0-b395-e3da8a1d2ad7,4/26/2022 7:30:14 AM,Nicole.Hamre_UWA,4/26/2022 7:30:14 AM,Nicole.Hamre_UWA,,,121.908876513833,-33.8558097076611
8,8f465ef1-5a7f-45a3-b450-e1d1ec4f282b,Boat,1/21/2022 2:58:21 AM,Casting,Both,06:30,11:50,15,3,6,0,"Squid, flathead, whiting",Weather,,c87fc071-1096-4abb-b92c-a695af1f35c5,4/26/2022 7:30:14 AM,Nicole.Hamre_UWA,4/26/2022 7:30:14 AM,Nicole.Hamre_UWA,,,121.908945439769,-33.8881236719341
9,00fe4bfa-98d7-4922-9759-94294db3fe39,Boat,1/21/2022 11:32:52 PM,Cray,Bait,06:30,07:20,18,0,0,0,,Other,Sea sick ,998f0bbf-2ef8-4ca6-b624-fd2ca6056fd9,4/26/2022 7:30:14 AM,Nicole.Hamre_UWA,4/26/2022 7:30:14 AM,Nicole.Hamre_UWA,,,121.993608563296,-33.9207713372619
10,efa5fdc5-dfc5-40fe-96a7-2252e89b45f8,Boat,1/22/2022 3:25:23 AM,Demersal,Bait,06:00,10:00,40,7,15,0,"Sweep, queenies, nanniguie, estuary cod",Weather,,2cdeff18-5fa0-4b33-91b3-3c1c38f6fd32,4/26/2022 7:30:14 AM,Nicole.Hamre_UWA,4/26/2022 7:30:14 AM,Nicole.Hamre_UWA,,,122.005736828439,-33.8736862570729
11,efa5fdc5-dfc5-40fe-96a7-2252e89b45f8,Boat,1/22/2022 3:29:28 AM,Trolling,Bait,10:00,12:20,40,0,0,0,0,Weather,,096078a0-83b6-4db6-b136-bccc6c6517fb,4/26/2022 7:30:14 AM,Nicole.Hamre_UWA,4/26/2022 7:30:14 AM,Nicole.Hamre_UWA,,,121.957170114188,-33.8513768341757
12,c53dae6d-cfdf-4443-94c9-37e6eb756ae4,Boat,1/22/2022 3:56:11 AM,Demersal,Both,08:00,11:30,15,4,10,0,"Herring, wrasse, leather jacket",Weather,"Also trawling in same spot. Shallowest 8m, deepest 20m",46e1496c-3040-451d-93b3-00f375a41df4,4/26/2022 7:30:14 AM,Nicole.Hamre_UWA,4/26/2022 7:30:14 AM,Nicole.Hamre_UWA,,,121.962209345826,-33.8535190402372
13,b48ced61-1739-4972-a576-3e9b066098c5,Boat,1/22/2022 4:48:15 AM,Trolling,Bait,05:00,08:00,80,13,30,0,"Nanniguie , break sea cod , queen snapper ",Explore,,76b3ecf8-ccc8-463f-baea-baf046dd2e11,4/26/2022 7:30:14 AM,Nicole.Hamre_UWA,4/26/2022 7:30:14 AM,Nicole.Hamre_UWA,,,122.118591659255,-34.2853765201797
14,b48ced61-1739-4972-a576-3e9b066098c5,Boat,1/22/2022 4:53:22 AM,Trolling,Bait,08:00,11:30,30,4,10,0,Nanniguie ,EndOfDay,,fe8f2342-bc3d-4e3b-a11a-d82433c29e21,4/26/2022 7:30:14 AM,Nicole.Hamre_UWA,4/26/2022 7:30:14 AM,Nicole.Hamre_UWA,,,121.960111731129,-34.0515122009066
15,f6656fa9-f674-4580-9235-bf5d949a9879,Boat,1/22/2022 5:00:26 AM,Casting,Bait,11:00,12:40,15,10,10,0,Herring,Weather,,643082ad-b860-4c09-8f47-5b0ce5410c44,4/26/2022 7:30:14 AM,Nicole.Hamre_UWA,4/26/2022 7:30:14 AM,Nicole.Hamre_UWA,,,121.961331152804,-33.8560932128933
16,b1c70484-6603-4d98-a5a6-49eefcb6fbde,Boat,1/22/2022 6:54:25 AM,Casting,Bait,04:45,06:00,55,0,1,0,,Weather,,d5c2d43f-4648-4d82-99b1-e96ca29e4500,4/26/2022 7:30:14 AM,Nicole.Hamre_UWA,4/26/2022 7:30:14 AM,Nicole.Hamre_UWA,,,121.898905657049,-34.0312952955444
17,b1c70484-6603-4d98-a5a6-49eefcb6fbde,Boat,1/22/2022 6:57:50 AM,Casting,Bait,06:30,11:00,50,0,0,0,0,Weather,,3d49d3d9-1298-46d4-af88-590f5ad01279,4/26/2022 7:30:14 AM,Nicole.Hamre_UWA,4/26/2022 7:30:14 AM,Nicole.Hamre_UWA,,,122.024507848546,-33.9231781718617
18,5c97bb53-87ba-4bb2-b165-c7d919d44655,Boat,1/23/2022 2:13:18 AM,Demersal,Both,04:30,09:00,45,9,6,0,Naniigue,LowCatch,,36354998-1920-4cf5-b158-7434a3b4e7b2,4/26/2022 7:30:14 AM,Nicole.Hamre_UWA,4/26/2022 7:30:14 AM,Nicole.Hamre_UWA,,,122.238631482513,-34.0352034035812
19,5c97bb53-87ba-4bb2-b165-c7d919d44655,Boat,1/23/2022 2:16:09 AM,Trolling,Both,09:00,10:00,30,0,0,0,,Weather,,cf0b9554-6d89-4188-8b6d-2648be9af20f,4/26/2022 7:30:14 AM,Nicole.Hamre_UWA,4/26/2022 7:30:14 AM,Nicole.Hamre_UWA,,,122.244896247965,-34.0297296181092
20,ed8bee0f-b535-4255-9e07-2a0a2cdc5650,Boat,1/23/2022 4:05:12 AM,Casting,Bait,11:00,12:00,8,0,0,0,,ActivityChange,,ea26cedc-2091-4398-807d-57889022d4ce,4/26/2022 7:30:14 AM,Nicole.Hamre_UWA,4/26/2022 7:30:14 AM,Nicole.Hamre_UWA,,,121.900625406202,-33.8663206668309
21,f850b07d-d08a-4597-8836-07cf3612057b,Boat,1/23/2022 4:37:42 AM,Casting,Bait,10:00,12:00,15,3,4,0,"Black ark break sea cod, ",Weather,,286690c9-131d-4f8e-b246-6fcd3d8d1bc6,4/26/2022 7:30:14 AM,Nicole.Hamre_UWA,4/26/2022 7:30:14 AM,Nicole.Hamre_UWA,,,121.902737804474,-33.9182448469226
22,1d84e23c-1c4a-468a-b00e-1099cc37d9b9,Boat,1/22/2022 4:49:22 AM,Spearing,Bait,07:30,19:00,12,3,0,0,"Abalone, harlequin, queen snapper",EndOfDay,"Thinks shark culls in recreational areas, they also swam throughout the day ",5ede66fb-050e-4dfd-a869-06a502c442d5,4/26/2022 7:30:14 AM,Nicole.Hamre_UWA,4/26/2022 7:30:14 AM,Nicole.Hamre_UWA,,,122.110308911163,-33.9914785195968
23,8ef85227-8aa8-41ec-b017-40cf8c1516cd,Boat,1/23/2022 5:11:03 AM,Casting,Bait,04:30,12:30,40,7,10,0,"Harlequin, rake sea cod, nanniguie ",Weather,,be132fa8-156d-4c62-b11a-f4e2e23128c4,4/26/2022 7:30:14 AM,Nicole.Hamre_UWA,4/26/2022 7:30:14 AM,Nicole.Hamre_UWA,,,122.009084049104,-33.9745238627312
24,27d42d98-c39d-4243-b705-15f8ee4f34f9,Boat,,Demersal,Bait,06:15,07:15,20,0,2,0,0,Explore,,ed66fd40-bc30-4caa-99e5-bef2038e73fe,4/26/2022 7:30:14 AM,Nicole.Hamre_UWA,4/26/2022 7:30:14 AM,Nicole.Hamre_UWA,,,121.996181293354,-33.8529186129928
25,27d42d98-c39d-4243-b705-15f8ee4f34f9,Boat,,Demersal,Bait,07:30,08:00,30,0,0,0,,Weather,,8dfc06d6-738b-4067-99c3-6b2f4dfa736d,4/26/2022 7:30:14 AM,Nicole.Hamre_UWA,4/26/2022 7:30:14 AM,Nicole.Hamre_UWA,,,121.987983725313,-33.8998633464278
26,27d42d98-c39d-4243-b705-15f8ee4f34f9,Boat,1/20/2022 3:19:05 AM,Demersal,Bait,08:15,11:00,20,1,7,0,Herring,Weather,,ad533387-2899-46f5-aab5-f3ae5259f33c,4/26/2022 7:30:14 AM,Nicole.Hamre_UWA,4/26/2022 7:30:14 AM,Nicole.Hamre_UWA,,,121.987161982424,-33.8535197191145
27,f11653ec-00b4-43a0-9ccc-17f9c2078a2f,Boat,,Demersal,Bait,05:00,10:30,20,24,24,0,School whiting,Weather,,0254bd9d-9346-4203-8b3d-418dadcd12b7,4/26/2022 7:30:14 AM,Nicole.Hamre_UWA,4/26/2022 7:30:14 AM,Nicole.Hamre_UWA,,,122.088953259219,-33.9736627228781
28,88780bb7-d3cd-474a-8a17-f5540f5eff05,Boat,,Squidding,Lure,10:00,12:00,30,1,0,0,Nannygui - sweet lips emp,Weather,Jigging,254536e0-b1c7-4168-aa01-a1ce39c83286,4/26/2022 7:30:14 AM,Nicole.Hamre_UWA,4/26/2022 7:30:14 AM,Nicole.Hamre_UWA,,,122.031922989364,-33.9689002083042
29,5598b27d-78b7-4155-8248-6ea143f2d96e,Boat,1/20/2020 5:00:11 AM,Demersal,Both,08:30,12:00,30,6,10,0,"Nannygai (sweet lip emp), harlequin, swallow",Weather,,b08e8275-9ad9-4dd7-a8ee-8e618359c8f5,4/26/2022 7:30:14 AM,Nicole.Hamre_UWA,4/26/2022 7:30:14 AM,Nicole.Hamre_UWA,,,121.907974846037,-33.9248249246089
30,16a592b9-b766-4033-9b88-4b4d26cc2052,Boat,,Demersal,Bait,05:30,07:00,49,2,1,0,Break sea cod,Explore,,b3cccf23-f2de-49b7-9e86-b108d6640a4c,4/26/2022 7:30:14 AM,Nicole.Hamre_UWA,4/26/2022 7:30:14 AM,Nicole.Hamre_UWA,,,122.022362846819,-33.8731964570061
31,16a592b9-b766-4033-9b88-4b4d26cc2052,Boat,,Demersal,Bait,07:30,08:30,40,2,2,0,Harelequin,Necessity,,e6b0747d-873a-4fe9-8b1a-32a4d04d7d2b,4/26/2022 7:30:14 AM,Nicole.Hamre_UWA,4/26/2022 7:30:14 AM,Nicole.Hamre_UWA,,,121.89403980026,-33.9271078788864
32,501e1d61-2b4a-4de3-a678-d2b49f194587,Boat,,Cray,Bait,09:45,11:00,18,0,0,0,,Weather,Cray pot,2cf3e640-1435-43ad-a8af-4f372240ad47,4/26/2022 7:30:14 AM,Nicole.Hamre_UWA,4/26/2022 7:30:14 AM,Nicole.Hamre_UWA,,,121.986051185032,-33.9235037819705
33,c06c5453-0167-4963-a346-01e85fcc898f,Boat,,Demersal,Bait,06:30,08:00,4,2,1,0,King George whiting,LowCatch,,71143f29-d40a-4676-a2ea-f99b4a14455b,4/26/2022 7:30:14 AM,Nicole.Hamre_UWA,4/26/2022 7:30:14 AM,Nicole.Hamre_UWA,,,121.905139888764,-33.8643236897818
34,b2f19e9f-6083-46dc-9427-d3481f8723e0,Boat,,Demersal,Bait,06:00,07:30,30,10,7,0,Whiting and herring,Necessity,,e78136fb-1806-41ed-8cb4-d294130a21b5,4/26/2022 7:30:14 AM,Nicole.Hamre_UWA,4/26/2022 7:30:14 AM,Nicole.Hamre_UWA,,,121.814859195524,-33.8989201336414
35,974d0faf-1d97-467d-8888-96856bc06fa8,Boat,,Trolling,Lure,07:00,08:00,0,0,0,0,,LowCatch,,85104a24-1a43-44fc-bf2c-864e054a890f,4/26/2022 7:30:14 AM,Nicole.Hamre_UWA,4/26/2022 7:30:14 AM,Nicole.Hamre_UWA,,,121.914067358634,-33.893093472242
36,09aba671-9aaf-4d6d-af23-cfcbc3df4bb7,Boat,,Demersal,Bait,09:00,10:30,24,2,5,0,"Harlequin, sweep",Weather,,682982a1-376d-4ac5-af45-90ada3699609,4/26/2022 7:30:14 AM,Nicole.Hamre_UWA,4/26/2022 7:30:14 AM,Nicole.Hamre_UWA,,,121.981084345029,-33.9192256913723
37,c3cc11ae-3809-4500-8943-37881670135a,Boat,,Demersal,Bait,09:00,11:40,25,8,20,0,Herring,EndOfDay,,c71aa26f-e22c-47a6-92c5-0bee73c44491,4/26/2022 7:30:14 AM,Nicole.Hamre_UWA,4/26/2022 7:30:14 AM,Nicole.Hamre_UWA,,,121.902118796971,-33.9157625524484
38,046d21a2-3a21-47ce-851f-31c1f0f59ee4,Boat,,Demersal,Bait,06:00,11:00,40,8,6,0,"Break sea cod, blue grouper",EndOfDay,,875c00c5-6f18-4e5b-a669-e99e26aa60b2,4/26/2022 7:30:14 AM,Nicole.Hamre_UWA,4/26/2022 7:30:14 AM,Nicole.Hamre_UWA,,,121.981507465901,-34.0230489043508
39,3ab81eec-bdeb-41fe-8372-c88300e0e048,Boat,,Squidding,Lure,07:00,12:30,30,5,0,0,"Squid, snook, yellowtail scad",Weather,,ea0007b0-5b1b-4cfa-9531-62c49a2b7074,4/26/2022 7:30:14 AM,Nicole.Hamre_UWA,4/26/2022 7:30:14 AM,Nicole.Hamre_UWA,,,121.930048393827,-33.8632540406983
40,d0591308-4e94-42f8-baea-12b0c6402e42,Boat,,Demersal,Bait,11:00,11:30,0,0,1,0,,LowCatch,Don’t know depth,f10b7293-56ef-45e1-92ab-e8fe67df16c0,4/26/2022 7:30:14 AM,Nicole.Hamre_UWA,4/26/2022 7:30:14 AM,Nicole.Hamre_UWA,,,121.912405140287,-33.8579619724931
41,d0591308-4e94-42f8-baea-12b0c6402e42,Boat,,Demersal,Bait,12:00,12:40,0,0,0,0,,Weather,Don’t know depth,faf35dfd-ce2b-4823-8257-92cb78cfade7,4/26/2022 7:30:14 AM,Nicole.Hamre_UWA,4/26/2022 7:30:14 AM,Nicole.Hamre_UWA,,,121.902178890671,-33.8693635518305
42,6471ce97-77b6-4b12-8bec-2f677699ce16,Boat,1/23/2022 2:38:10 AM,Squidding,Lure,08:00,08:15,3,0,0,0,,LowCatch,,b1f4b450-85e5-4e7d-97cf-cd552f39bf17,4/26/2022 7:30:14 AM,Nicole.Hamre_UWA,4/26/2022 7:30:14 AM,Nicole.Hamre_UWA,,,122.227992999606,-33.9920471502405
43,6471ce97-77b6-4b12-8bec-2f677699ce16,Boat,,Demersal,Bait,08:15,10:15,30,1,10,0,Break sea cod,EndOfDay,,18d653c7-3504-4922-96f6-17e21fb02bae,4/26/2022 7:30:14 AM,Nicole.Hamre_UWA,4/26/2022 7:30:14 AM,Nicole.Hamre_UWA,,,122.224949433762,-34.0001058908703
44,e18ffbd2-e2d8-43e7-99d0-9f27a0fafb65,Boat,,Demersal,Bait,06:30,10:30,40,9,1,0,"Break sea cod, nannygui, harlequin, queenside, ",EndOfDay,,3cae9f6a-07cb-427b-8930-6c61857800ab,4/26/2022 7:30:14 AM,Nicole.Hamre_UWA,4/26/2022 7:30:14 AM,Nicole.Hamre_UWA,,,122.008138173416,-34.0432623128866
45,0bf88168-0b51-4c04-a5df-1de4806b8999,Boat,,Demersal,Bait,05:30,11:00,70,9,10,0,"Breaks sea, nannagi, blue grouper",Weather,,c70376f9-3d98-4526-a731-cc2b2f09e2ab,4/26/2022 7:30:14 AM,Nicole.Hamre_UWA,4/26/2022 7:30:14 AM,Nicole.Hamre_UWA,,,121.997422023068,-34.0861923188233
46,f25d9cf6-3f24-4f14-bbcd-2dbcce33b748,Boat,,Demersal,Both,09:30,10:00,42,3,1,0,"Queen snapper, western blue devil, break sea cod",EndOfDay,,2b168b5f-0a58-447f-8cea-ee54c0b33bbf,4/26/2022 7:30:14 AM,Nicole.Hamre_UWA,4/26/2022 7:30:14 AM,Nicole.Hamre_UWA,,,121.964016341156,-34.0295265046108
47,a8fad5c3-1e10-4509-a0c6-cdfa3cdb488d,Boat,1/23/2022 1:38:47 AM,Casting,Bait,05:00,12:00,35,6,7,0,"Black ass, harlequin, wolf cod",Weather,,113713ca-d1eb-47cc-82fb-c7f1734cbb62,4/26/2022 7:30:14 AM,Nicole.Hamre_UWA,4/26/2022 7:30:14 AM,Nicole.Hamre_UWA,,,122.596467349495,-33.9250878900689
48,83ac31e8-784c-47c0-b795-092ea40248e9,Shore,2/1/2022 3:08:39 AM,Demersal,Bait,18:00,23:00,10,4,0,0,Skippy,Necessity,,13f2b930-ff5f-4295-ab26-05ada46d1600,4/26/2022 7:30:14 AM,Nicole.Hamre_UWA,4/26/2022 7:30:14 AM,Nicole.Hamre_UWA,,,122.359177327669,-33.9146502281205
49,2f09f756-a353-4e72-9f94-435e303d7730,Boat,,Demersal,Bait,05:00,10:00,20,0,15,0,,Weather,Targeting whiting,65b071f7-3844-4f53-bd41-dbba6aad2fdd,4/26/2022 7:30:14 AM,Nicole.Hamre_UWA,4/26/2022 7:30:14 AM,Nicole.Hamre_UWA,,,122.019782861967,-33.8761683043474
50,d3f8d55d-3738-4225-9b21-28e068eff9f6,Boat,,Casting,Lure,10:50,11:40,15,0,2,0,,Weather,,dd6b4fa1-0a70-4096-88e6-ef334b63043f,4/26/2022 7:30:14 AM,Nicole.Hamre_UWA,4/26/2022 7:30:14 AM,Nicole.Hamre_UWA,Conditions,,121.96426369227,-33.8530694537266
51,62e5375b-d061-479f-b581-3c73fd465483,Boat,,Demersal,Bait,08:00,11:30,72,7,4,0,"Nannagai, breakdea cod",Weather,,98de119c-fdc0-4d94-b9e6-8b7f34996f3f,4/26/2022 7:30:14 AM,Nicole.Hamre_UWA,4/26/2022 7:30:14 AM,Nicole.Hamre_UWA,Conditions,,121.833972330922,-34.244848592575
52,e69fb4ce-15f4-42df-b15f-104d24e102fd,Boat,,Trolling,Bait,10:30,11:30,4,4,5,0,Rock cod,Explore,,23e6c5e7-648c-4032-bf8c-c3c421fb1d0a,4/26/2022 7:30:14 AM,Nicole.Hamre_UWA,4/26/2022 7:30:14 AM,Nicole.Hamre_UWA,,,122.588592034097,-33.931841247587
53,e69fb4ce-15f4-42df-b15f-104d24e102fd,Boat,,Squidding,Lure,11:30,11:50,3,2,0,0,Squid,Necessity,,e7e1966e-dc50-4207-b383-da57d1d7c401,4/26/2022 7:30:14 AM,Nicole.Hamre_UWA,4/26/2022 7:30:14 AM,Nicole.Hamre_UWA,,,122.582392702829,-33.92325562365
54,58875847-f392-4ccb-a35c-d050a4772a99,Boat,,Demersal,Bait,09:30,12:15,12,6,7,0,"Herring, whiting",Necessity,Sea sickness,d855a05b-8475-4b4f-9a64-fe70e0d375a2,4/26/2022 7:30:14 AM,Nicole.Hamre_UWA,4/26/2022 7:30:14 AM,Nicole.Hamre_UWA,Other,,122.592113271907,-33.9219429432901
55,ef1ba608-26c6-4519-9b90-222d46b3b213,Boat,,Trolling,Lure,06.30,08:00,3,3,4,0,Herring,ActivityChange,,becb6592-914f-4f27-b15e-a751f071ada4,4/26/2022 7:30:14 AM,Nicole.Hamre_UWA,4/26/2022 7:30:14 AM,Nicole.Hamre_UWA,,,121.908377206842,-33.8653849465988
56,f21004a8-9ac1-425c-8308-53ec87c6c32f,Boat,,Casting,Bait,08:30,10:20,40,0,15,0,"Roc cod, Herron",ActivityChange,,7c036710-81c2-48f1-b136-6a7d797fa1da,4/26/2022 7:30:14 AM,Nicole.Hamre_UWA,4/26/2022 7:30:14 AM,Nicole.Hamre_UWA,,,121.944150024986,-33.8661965239291
57,f3880ed3-a4ea-4797-ac02-1f119ce18fab,Boat,,Casting,Bait,09:30,11:00,15,0,0,0,,Weather,,4caaa77f-6109-4433-9062-7f7232486e6e,4/26/2022 7:30:14 AM,Nicole.Hamre_UWA,4/26/2022 7:30:14 AM,Nicole.Hamre_UWA,,,121.963056544276,-33.8550805957826
58,2ed390d3-7607-4408-a22e-6c04c6ddcfa2,Boat,,Trolling,Lure,9:00,10:00,30,0,2,0,,Explore,,03403f58-2993-4339-a14c-30dfb122b0ad,4/26/2022 7:30:14 AM,Nicole.Hamre_UWA,4/26/2022 7:30:14 AM,Nicole.Hamre_UWA,,,122.047349680483,-33.974109252516
59,2ed390d3-7607-4408-a22e-6c04c6ddcfa2,Boat,,Trolling,Lure,9:30,10:30,20,0,2,0,,EndOfDay,,c10a2852-f6c1-411f-965c-ac0a39f0f434,4/26/2022 7:30:14 AM,Nicole.Hamre_UWA,4/26/2022 7:30:14 AM,Nicole.Hamre_UWA,,,122.002021472781,-34.0518292300819
60,92645370-848a-4e6d-a542-2393e7ef0a34,Boat,,Casting,Lure,07:30,10:30,40,4,6,0,"Break sea CD, harlequin, tuna ",EndOfDay,Jigging ,f5d236ee-07e9-41a1-b7b0-16d2600ae0ee,4/26/2022 7:30:14 AM,Nicole.Hamre_UWA,4/26/2022 7:30:14 AM,Nicole.Hamre_UWA,,,122.221932400558,-34.1329996391266
61,e2e76373-85b8-48e9-a054-04fa6b457658,Boat,,Casting,Bait,05:30,11:00,30,0,12,0,,Weather,,48213236-27c9-40e1-a262-903b0da1e997,4/26/2022 7:30:14 AM,Nicole.Hamre_UWA,4/26/2022 7:30:14 AM,Nicole.Hamre_UWA,,,121.794103205862,-33.9099666454412
62,be8a3801-d779-4c30-b1dd-24c6590bab15,Boat,,Casting,Bait,08:20,11:45,23,15,15,1,Whiting ,Weather,"Sea sickness, ",99344c64-3864-4484-a7b7-f160a83ec55c,4/26/2022 7:30:14 AM,Nicole.Hamre_UWA,4/26/2022 7:30:14 AM,Nicole.Hamre_UWA,Conditions,,121.89892337542,-33.8909370418583
63,97586454-4fd6-452b-a16b-87203e01e829,Boat,,Trolling,Lure,08:30,09:30,24,0,0,0,,Explore,,81e3c235-22cd-4f92-9648-ea33d4c08246,4/26/2022 7:30:14 AM,Nicole.Hamre_UWA,4/26/2022 7:30:14 AM,Nicole.Hamre_UWA,,,122.006442084091,-34.0334604481554
64,97586454-4fd6-452b-a16b-87203e01e829,Boat,,Demersal,Bait,10:00,10:45,25,0,2,0,,Explore,,1741ebed-e6b8-4ffa-9a2a-97cd02c7e7d0,4/26/2022 7:30:14 AM,Nicole.Hamre_UWA,4/26/2022 7:30:14 AM,Nicole.Hamre_UWA,,,121.969091113741,-34.0187487023433
65,97586454-4fd6-452b-a16b-87203e01e829,Boat,,Demersal,Bait,11:00,11:30,25,0,5,0,,EndOfDay,,868c507a-81f8-49f0-b3ed-0b8fcd653da4,4/26/2022 7:30:14 AM,Nicole.Hamre_UWA,4/26/2022 7:30:14 AM,Nicole.Hamre_UWA,,,122.017998016397,-33.9552514643364
66,443c5b72-922d-489e-9b6b-323f1cf6b92d,Boat,,Trolling,Lure,08:30,09:00,2,0,0,0,,LowCatch,,319fba48-446c-4079-b582-d717e35fb4ab,4/26/2022 7:30:14 AM,Nicole.Hamre_UWA,4/26/2022 7:30:14 AM,Nicole.Hamre_UWA,,,121.902414649025,-33.9181602394402
67,443c5b72-922d-489e-9b6b-323f1cf6b92d,Boat,,Casting,Bait,09:30,11:00,11,4,3,0,Herring,Weather,,a08d4f92-a959-42f4-b88b-5f3189b4cb69,4/26/2022 7:30:14 AM,Nicole.Hamre_UWA,4/26/2022 7:30:14 AM,Nicole.Hamre_UWA,,,121.855746132461,-33.8890662927263
68,fcedcde4-5035-49e4-abdb-aee8f3cdf541,Boat,,Trolling,Lure,08:00,09:00,5,0,0,0,,Explore,,90bfd2a4-e427-45b7-8930-624913bb379c,4/26/2022 7:30:14 AM,Nicole.Hamre_UWA,4/26/2022 7:30:14 AM,Nicole.Hamre_UWA,,,122.002831539368,-34.0464593214288
69,fcedcde4-5035-49e4-abdb-aee8f3cdf541,Boat,,Demersal,Bait,09:30,12:00,20,0,15,0,,Weather,,1cf4f421-4158-40b4-aada-29430f93a398,4/26/2022 7:30:14 AM,Nicole.Hamre_UWA,4/26/2022 7:30:14 AM,Nicole.Hamre_UWA,,,122.0470904761,-33.9644249753867
70,da74e667-bb5f-4409-ba2c-9c3f043fa2f8,Boat,,Casting,Bait,04:30,12:00,50,2,5,0,Blue fin tuna ,Weather,,73c79657-66ed-4746-abb5-72555a35aeac,4/26/2022 7:30:14 AM,Nicole.Hamre_UWA,4/26/2022 7:30:14 AM,Nicole.Hamre_UWA,,,121.887053038154,-33.9168055347177
71,88ae9399-037e-41e0-a7d7-5970e27d8280,Boat,,Trolling,Lure,07:00,08:30,3,0,0,0,,Weather,,d8baeeb2-b54a-48a9-a503-8b98d79ca240,4/26/2022 7:30:14 AM,Nicole.Hamre_UWA,4/26/2022 7:30:14 AM,Nicole.Hamre_UWA,Conditions,,121.905240388685,-33.9181679802329
72,88ae9399-037e-41e0-a7d7-5970e27d8280,Boat,,Trolling,Lure,09:00,11:00,3,5,2,0,Blue fin tuna ,ActivityChange,,3d20668f-f2c1-4746-9e0d-9971614608e8,4/26/2022 7:30:14 AM,Nicole.Hamre_UWA,4/26/2022 7:30:14 AM,Nicole.Hamre_UWA,,,122.022944230183,-33.8791346300025
73,88ae9399-037e-41e0-a7d7-5970e27d8280,Boat,,Demersal,Lure,11:00,12:00,25,1,2,0,Harlequin,ActivityChange,,e6c7da05-1db8-4415-8857-c352be50ba6d,4/26/2022 7:30:14 AM,Nicole.Hamre_UWA,4/26/2022 7:30:14 AM,Nicole.Hamre_UWA,,,122.013731575753,-33.9679144758201
74,a1e5b056-77da-48e8-be2c-6f5762c26e08,Boat,,Demersal,Bait,06:00,12:45,28,5,25,0,"Black ass, queens, ",Weather,,480da055-1405-40f5-9747-5eb944fd6768,4/26/2022 7:30:14 AM,Nicole.Hamre_UWA,4/26/2022 7:30:14 AM,Nicole.Hamre_UWA,,,121.865630286549,-33.890965847934
75,7ea34af3-4664-4006-967e-cd1bde677861,Boat,,Demersal,Bait,06:00,12:30,60,40,10,0,"Sand whiting, ",Weather,,96f17c37-8530-4647-865f-ae33c7c00fd0,4/26/2022 7:30:14 AM,Nicole.Hamre_UWA,4/26/2022 7:30:14 AM,Nicole.Hamre_UWA,,,121.863691875778,-33.8914058228065
76,271b9b6c-327a-4c5c-b585-4f33c4abfa3f,Boat,,Demersal,Bait,7:30,13:00,50,10,2,0,"Nanniguie, queen fish, break sea cod, swallowtail, ",Weather,,181e4789-1c1e-4407-8bdc-af8e544c2920,4/26/2022 7:30:14 AM,Nicole.Hamre_UWA,4/26/2022 7:30:14 AM,Nicole.Hamre_UWA,,,122.030060341606,-34.0430493042666
77,2c63b783-efcb-4aa7-ad8d-f9b5486436f0,Boat,,Demersal,Bait,07:00,11:30,60,29,15,1,"Harlequin, western blue devil, cuttlefish, black ass, queen snapper",BagLimit,,34c83b2a-f37f-4bff-8eb9-4f021c4c24b8,4/26/2022 7:30:14 AM,Nicole.Hamre_UWA,4/26/2022 7:30:14 AM,Nicole.Hamre_UWA,,,122.244547476157,-34.1633939352065
78,7ad0b93e-4ba7-486f-b539-40142d477788,Boat,,Casting,Bait,07:00,12:30,55,10,5,0,"Nanneguie, break sea cod, blue grouper, queeny ",Weather,,641be7ac-5da2-40a8-a075-06c468818c00,4/26/2022 7:30:14 AM,Nicole.Hamre_UWA,4/26/2022 7:30:14 AM,Nicole.Hamre_UWA,,,121.989951753539,-34.120795768986
79,c567f82a-55d0-4314-85ee-560d20d3ad5a,Boat,,Demersal,Bait,08:30,13:00,25,8,0,0,"Black ass cod, harlequin, salmon",Weather,,3e50b82e-cac9-4b05-9a53-164a647be3db,4/26/2022 7:30:14 AM,Nicole.Hamre_UWA,4/26/2022 7:30:14 AM,Nicole.Hamre_UWA,,,121.676358121811,-34.0090171116899
80,dcf47047-6c74-4e58-9e25-dfbb783e3919,Boat,,Demersal,Both,06:30,14:00,65,9,12,0,"Nanniguie, gummy shark, black ass, ",Weather,,88d9dd83-9064-45de-a9ae-5cd019ef96c7,4/26/2022 7:30:14 AM,Nicole.Hamre_UWA,4/26/2022 7:30:14 AM,Nicole.Hamre_UWA,Conditions,,122.233677217128,-34.2468074104199
81,76ddcb46-0c4e-4441-bd9e-3d890a74d6e6,Boat,,Casting,Lure,08:00,09:55,0,24,100,0,Herring,EndOfDay,,fc7b9398-3e40-46b4-8894-3d321d50b3b9,4/26/2022 7:30:14 AM,Nicole.Hamre_UWA,4/26/2022 7:30:14 AM,Nicole.Hamre_UWA,,,121.902528916526,-33.8532964249127
82,15590a95-c762-42b4-8e38-6f479473bd1e,Boat,2/22/2022 3:43:57 AM,Cray,NA,10:40,11:10,26,10,0,0,Abalone,BagLimit,Scuba diving,5160b5dd-2842-4cc8-8721-deec50860fae,4/26/2022 7:30:14 AM,Nicole.Hamre_UWA,4/26/2022 7:30:14 AM,Nicole.Hamre_UWA,,,121.901858942208,-33.9254288687904
83,15590a95-c762-42b4-8e38-6f479473bd1e,Boat,2/19/2022 3:51:30 AM,Cray,NA,09:00,09:39,29,2,0,0,Cray,Other,"No air, scuba diving",98018f20-4c01-43d6-a007-443a168388b7,4/26/2022 7:30:14 AM,Nicole.Hamre_UWA,4/26/2022 7:30:14 AM,Nicole.Hamre_UWA,,,122.22561431104,-33.9922200539934
84,15590a95-c762-42b4-8e38-6f479473bd1e,Boat,2/19/2022 3:52:48 AM,Cray,NA,11:00,11:30,24,4,0,0,"4 abalone, 1 cray",Other,"No air, scuba diving",95a399a8-272a-43ef-8786-8478be7d293c,4/26/2022 7:30:14 AM,Nicole.Hamre_UWA,4/26/2022 7:30:14 AM,Nicole.Hamre_UWA,,,122.227685148755,-33.9901177136623
85,1ad75c2b-5aaf-47dd-a8cc-2c8069b590d2,Boat,,Demersal,Bait,08:30,12:00,45,5,2,0,"Blue morwong, breaksea cod, blue devil",EndOfDay,,8a478cfb-3cea-4bbc-af50-17664b89238a,4/26/2022 7:30:14 AM,Nicole.Hamre_UWA,4/26/2022 7:30:14 AM,Nicole.Hamre_UWA,,,121.87663777851,-33.9280215248236
86,175d1c3c-38b0-4ae7-a973-9af6e2eb2509,Boat,,Demersal,Bait,07:00,09:45,50,1,2,0,Blue fin tuna,ActivityChange,,c3b46cdc-2fa2-4771-a3da-6c1784422d12,4/26/2022 7:30:14 AM,Nicole.Hamre_UWA,4/26/2022 7:30:14 AM,Nicole.Hamre_UWA,Conditions,,121.859800253593,-33.8913999311264
87,bba0a9bd-5d4d-4e86-bc35-7ac22f1c0ec8,Boat,2/17/2022 2:13:36 AM,Trolling,Lure,07:00,10:00,30,1,0,0,Snook ,EndOfDay,,75fb2b7d-16b8-40e0-8bee-ea8430c590f1,4/26/2022 7:30:14 AM,Nicole.Hamre_UWA,4/26/2022 7:30:14 AM,Nicole.Hamre_UWA,,,121.912876722573,-33.9157347343042
88,1adcb2a0-ecb1-47df-b8d0-a777e6de2176,Boat,2/17/2022 2:17:38 AM,Demersal,Both,05:00,09:00,50,10,10,0,"Nannygui, break sea cod, harlequin, break sea, swallow rail, queen snapper",EndOfDay,Too many octopus traps and marine debri ,79b82226-8d19-4575-86a9-c54a049e61bb,4/26/2022 7:30:14 AM,Nicole.Hamre_UWA,4/26/2022 7:30:14 AM,Nicole.Hamre_UWA,Other,,121.97304738588,-33.9242098458194
89,04176d5c-585d-4a82-a942-f3c8dddf0890,Boat,2/17/2022 2:24:40 AM,Casting,Lure,08:00,10:00,11,0,20,0,Herring,Weather,,378172e1-9e41-493b-9fbd-5660584e4a8d,4/26/2022 7:30:14 AM,Nicole.Hamre_UWA,4/26/2022 7:30:14 AM,Nicole.Hamre_UWA,,,121.955693878545,-33.8555228317996
90,e5379b65-1d61-4294-985a-65399a766c26,Boat,2/17/2022 3:45:41 AM,Casting,Both,06:30,11:30,13,26,12,0,"Herring, whiting, squid",Weather,,87efec95-f090-4412-8392-e08550ba0221,4/26/2022 7:30:14 AM,Nicole.Hamre_UWA,4/26/2022 7:30:14 AM,Nicole.Hamre_UWA,,,122.029399892124,-33.9366275343127
91,fa64a3e7-2973-4381-914d-fcdffe228ab8,Boat,2/17/2022 3:52:26 AM,Casting,Both,08:00,11:30,8,4,3,0,Herring,Weather,,d2b909c5-6542-4b03-8b0b-899ba76128b2,4/26/2022 7:30:14 AM,Nicole.Hamre_UWA,4/26/2022 7:30:14 AM,Nicole.Hamre_UWA,,,121.996375529779,-33.8353134642252
92,a1317a62-1007-43e4-b57b-6f082494e665,Boat,2/17/2022 4:45:39 AM,Casting,Lure,09:00,10:00,4,1,0,0,Squid,ActivityChange,,5e9169f7-2af6-48f9-ab47-0b23945b7b8a,4/26/2022 7:30:14 AM,Nicole.Hamre_UWA,4/26/2022 7:30:14 AM,Nicole.Hamre_UWA,,,121.950602102649,-33.8437479542505
93,2242e510-eb13-4c0e-9000-9656a79ad96c,Boat,,Casting,Both,08:00,08:30,40,0,0,0,0,LowCatch,,e4ba5e67-70eb-4728-a0fa-ca805d28095f,4/26/2022 7:30:14 AM,Nicole.Hamre_UWA,4/26/2022 7:30:14 AM,Nicole.Hamre_UWA,,,121.926797841768,-34.1357772470296
94,2242e510-eb13-4c0e-9000-9656a79ad96c,Boat,,Casting,Both,08:40,11:00,70,3,1,0,"Break sea cod, queen snapper ",Weather,,d7c911e8-c055-43bc-9771-54e0a9d4edcd,4/26/2022 7:30:14 AM,Nicole.Hamre_UWA,4/26/2022 7:30:14 AM,Nicole.Hamre_UWA,,,121.82813163676,-34.2516343863413
95,00ebd7d6-c03f-43aa-ae64-1fe5ab20fcff,Boat,,Casting,Both,07:30,09:20,20,2,5,0,"Herring, black arse, flatly",ActivityChange,,00c8e5b7-af53-403d-9a86-7ada1bc03634,4/26/2022 7:30:14 AM,Nicole.Hamre_UWA,4/26/2022 7:30:14 AM,Nicole.Hamre_UWA,,,121.949034742802,-33.8638690266699
96,a275649f-2910-4fa3-abd1-778727ac2efc,Boat,,Casting,Bait,07:30,11:00,30,0,0,0,,Weather,"Checking out the artificial reef, but no luck with catching anything ",71b2e38c-948d-43d0-a354-f5f69ac08f10,4/26/2022 7:30:14 AM,Nicole.Hamre_UWA,4/26/2022 7:30:14 AM,Nicole.Hamre_UWA,,,121.989716440749,-33.9024671045466
97,cafab483-d30b-4a36-8873-84384ed691c1,Boat,,Casting,Bait,08:00,11:00,70,15,6,0,"Red snapper, black ass, break sea cod, queeny, ",Weather,,adb2a7a7-89b6-4952-962e-78d6662ed830,4/26/2022 7:30:14 AM,Nicole.Hamre_UWA,4/26/2022 7:30:14 AM,Nicole.Hamre_UWA,,,122.107096518639,-34.1985083172351
98,e8769595-a7cf-4616-b37c-fceb5542f34a,Boat,,Trolling,Lure,08:00,10:00,0,5,1,0,Herring,Weather,Saw pod dolphin - not direct conflict but worried about getting in way off sailing club,a3efd9ac-1c48-4235-b698-9ba75d25548a,4/26/2022 7:30:14 AM,Nicole.Hamre_UWA,4/26/2022 7:30:14 AM,Nicole.Hamre_UWA,ConflictDifferent,,121.914762261202,-33.8629952713611
99,4da40b00-6cd5-4896-aea9-ae5dd656ecdc,Boat,,Casting,Bait,09:46,10:30,8,0,0,0,,EndOfDay,,9961e7ab-1014-4d0f-904f-2255b04c523d,4/26/2022 7:30:14 AM,Nicole.Hamre_UWA,4/26/2022 7:30:14 AM,Nicole.Hamre_UWA,,,121.898810454494,-33.8644506281442
100,82356359-03c8-4040-9730-e90cdfb90f38,Boat,,Demersal,Bait,06:00,09:30,20,2,6,0,"Samson, queen snapper,",EndOfDay,,8b843165-4a33-4dd8-97be-c38ffed4b46c,4/26/2022 7:30:14 AM,Nicole.Hamre_UWA,4/26/2022 7:30:14 AM,Nicole.Hamre_UWA,,,121.863847258271,-33.9239095299564
101,05a82126-6c04-46d6-8c92-aebbb78f2a8b,Boat,2/19/2022 3:28:01 AM,Demersal,Bait,09:00,11:00,24,0,0,0,,ActivityChange,,e74d86ed-4c42-4179-8790-c180e0276549,4/26/2022 7:30:14 AM,Nicole.Hamre_UWA,4/26/2022 7:30:14 AM,Nicole.Hamre_UWA,,,121.895356805027,-33.8812865477373
102,e2c71f7c-ed3b-4b6c-a4dd-23495340d369,Boat,,Demersal,Bait,07:00,08:00,60,2,0,0,"Swallow tail, nannygui",LowCatch,,4e21f92f-3ca1-498e-8262-245cdd2fa0c0,4/26/2022 7:30:14 AM,Nicole.Hamre_UWA,4/26/2022 7:30:14 AM,Nicole.Hamre_UWA,,,121.93638070091,-34.1384036140344
103,03725eb2-3931-4f63-aa4f-7b85b962b03e,Boat,,Demersal,Bait,10:00,11:00,40,2,0,0,"Nannagui, black arse",ActivityChange,,f3bf78d3-d558-4609-9e90-994c4bdf2669,4/26/2022 7:30:14 AM,Nicole.Hamre_UWA,4/26/2022 7:30:14 AM,Nicole.Hamre_UWA,,,122.01131530437,-33.9713020289588
104,03725eb2-3931-4f63-aa4f-7b85b962b03e,Boat,,Trolling,Lure,11:20,11:45,0,0,0,0,,ActivityChange,Between woody and cull island,80350577-9f53-4b21-862e-0522da7286bf,4/26/2022 7:30:14 AM,Nicole.Hamre_UWA,4/26/2022 7:30:14 AM,Nicole.Hamre_UWA,,,121.952538066409,-33.9456512412733
105,03725eb2-3931-4f63-aa4f-7b85b962b03e,Boat,,Casting,Lure,12:00,12:15,0,5,0,0,Herring,Weather,,6c564de3-06ee-44b3-9636-ef698931438f,4/26/2022 7:30:14 AM,Nicole.Hamre_UWA,4/26/2022 7:30:14 AM,Nicole.Hamre_UWA,,,121.905655508262,-33.9143667765178
106,8e74fb7b-1697-45ff-99e2-a74617ea22ce,Boat,,Demersal,Bait,07:30,12:00,40,25,15,0,"Nannagui, queen snapper, sweep, queenie",Other,Motor problem,9d10463b-8dd4-4dc3-9b70-94f586a916c2,4/26/2022 7:30:14 AM,Nicole.Hamre_UWA,4/26/2022 7:30:14 AM,Nicole.Hamre_UWA,Other,,121.983862497335,-34.1127653274951
107,08f70467-6c0b-4af2-bc5e-a892ab8a700d,Boat,,Demersal,Bait,08:00,12:30,20,13,6,0,"Whiting, herring",EndOfDay,Too hot,21f282fe-afdc-4645-9ed7-593d2cf62b25,4/26/2022 7:30:14 AM,Nicole.Hamre_UWA,4/26/2022 7:30:14 AM,Nicole.Hamre_UWA,Safety,,121.806719750279,-33.9193448036386
108,cc6c0986-c741-4f81-8a96-1b78bf3d6e51,Boat,,Demersal,Bait,07:30,09:00,40,7,3,0,"Queen snapper, break sea cod",LowCatch,,adaa7d8c-809d-4a7f-8a61-be6570cc545e,4/26/2022 7:30:14 AM,Nicole.Hamre_UWA,4/26/2022 7:30:14 AM,Nicole.Hamre_UWA,,,121.770110287093,-33.9544532602879
109,cc6c0986-c741-4f81-8a96-1b78bf3d6e51,Boat,,Demersal,Bait,10:00,10:00,40,0,0,0,,LowCatch,,fdb4d11d-0922-4db2-b2e8-daf836d1ce72,4/26/2022 7:30:14 AM,Nicole.Hamre_UWA,4/26/2022 7:30:14 AM,Nicole.Hamre_UWA,,,121.882036916574,-34.0473175915836
110,3c09cff3-29fc-4311-99d5-7185c3a16a96,Boat,,Demersal,Both,07:30,13:00,76,3,2,0,Break sea,EndOfDay,,d032ee70-7ad8-482a-b2b4-f901c9a43c69,4/26/2022 7:30:14 AM,Nicole.Hamre_UWA,4/26/2022 7:30:14 AM,Nicole.Hamre_UWA,,,122.024640016776,-34.4321807386015
111,d2d03996-faca-47e5-a2ee-0dfa613c95ef,Boat,,Demersal,Both,06:45,12:00,80,45,25,0,"Nannagui, breaksea, yellowtail king fish, queeni fish, sansom fish",EndOfDay,Bagged out on nannygui and kingfish ,a26d4b08-1908-47c4-9e48-433aed910519,4/26/2022 7:30:14 AM,Nicole.Hamre_UWA,4/26/2022 7:30:14 AM,Nicole.Hamre_UWA,,,121.952469339002,-34.4488695750063
112,3a5f1a2b-9ccd-4c77-b7b5-2ffb891a1601,Boat,,Demersal,Bait,08:30,13:30,60,70,20,1,"Blackwater, nannagui, Samson, duh fish",EndOfDay,,d827ad34-ee13-41d4-ad8c-f207fe4894dc,4/26/2022 7:30:14 AM,Nicole.Hamre_UWA,4/26/2022 7:30:14 AM,Nicole.Hamre_UWA,,,121.978287440392,-34.4701541310059
113,49e1e9cb-9b9b-47c2-ba99-33679c1094ee,Boat,,Casting,Bait,10:30,11:45,12,10,5,0,Whiting,Weather,,cecaf479-c725-4add-bdb1-4270ac64973d,4/26/2022 7:30:14 AM,Nicole.Hamre_UWA,4/26/2022 7:30:14 AM,Nicole.Hamre_UWA,,,121.854989103307,-33.8886857718363
114,8111a384-2bf9-4c4a-9b1e-abab8c98f4d7,Boat,,Casting,Lure,20:00,11:45,9,0,0,0,,Weather,"Too many bouys, ",20661b49-a9f2-4750-b19b-6a29cbe2425d,4/26/2022 7:30:14 AM,Nicole.Hamre_UWA,4/26/2022 7:30:14 AM,Nicole.Hamre_UWA,Safety,,121.942497548868,-33.8695020475589
115,c9d6c970-69c5-4d98-b565-d07085adcfbd,Boat,,Casting,Bait,06:00,09:00,70,27,14,0,"Nannygui, break ",BagLimit,Too many octopus pots ,3888f305-9c1e-4bca-a4fc-65b070fc1ffd,4/26/2022 7:30:14 AM,Nicole.Hamre_UWA,4/26/2022 7:30:14 AM,Nicole.Hamre_UWA,Safety,,122.093112202964,-34.1797535447657
116,1329c3a8-8bc5-4ae3-a9b5-deb11cb5d8b4,Boat,2/22/2022 5:29:01 AM,Demersal,Bait,06:30,11:30,50,14,6,0,"Nannagui, queen snapper, black arse, harlequin ",Weather,,656b3b33-9028-4412-afe0-37d46c968d49,4/26/2022 7:30:14 AM,Nicole.Hamre_UWA,4/26/2022 7:30:14 AM,Nicole.Hamre_UWA,,,121.669028711712,-34.1746964806637
117,587038c5-3b90-4e50-a999-a0fc76affc7a,Boat,,Trolling,Lure,09:30,12:30,30,0,0,0,,Weather,,4a12dac8-4eb6-4899-8f6c-a86eea18de17,4/26/2022 7:30:14 AM,Nicole.Hamre_UWA,4/26/2022 7:30:14 AM,Nicole.Hamre_UWA,,,121.902322220468,-33.9185661828378
118,587038c5-3b90-4e50-a999-a0fc76affc7a,Boat,,Casting,Bait,11:30,13:30,9,8,4,0,"King George, herring ",EndOfDay,,918cbc2c-b627-451b-9558-3c987be938dd,4/26/2022 7:30:14 AM,Nicole.Hamre_UWA,4/26/2022 7:30:14 AM,Nicole.Hamre_UWA,,,121.930558822859,-33.8524904268655
119,ca992115-75a7-4a71-9f7d-0fe33b578681,Boat,,Demersal,Bait,06:00,11:00,45,15,3,0,"Nannagui even, harlequin, queen snapper, swallowtail, ",EndOfDay,,f067a340-31a6-42c3-8872-a3eef12940ea,4/26/2022 7:30:14 AM,Nicole.Hamre_UWA,4/26/2022 7:30:14 AM,Nicole.Hamre_UWA,,,121.776679382899,-34.1328180980317
120,4ebfe7ef-b690-4de7-9e0c-c2bbb1ba1825,Boat,,Casting,Both,10:30,13:00,30,4,5,0,"Black ass, fox fish, ",LowCatch,,ce5cc871-76b6-4510-b1aa-5b9d5060ec06,4/26/2022 7:30:14 AM,Nicole.Hamre_UWA,4/26/2022 7:30:14 AM,Nicole.Hamre_UWA,,,122.00163457288,-34.036779418928
121,500d4e4a-ff0b-409f-8611-45cd731b7efe,Boat,,Casting,Bait,07:00,10:15,20,24,24,0,"Whiting, squid",ActivityChange,,e7ee4522-1c2b-4d50-91fa-69d9258503b2,4/26/2022 7:30:14 AM,Nicole.Hamre_UWA,4/26/2022 7:30:14 AM,Nicole.Hamre_UWA,,,121.843616725559,-33.888667424345
122,bba4a32c-e66a-4526-aac6-308d754f0fe0,Boat,,Casting,Bait,07:30,11:0,3,7,5,0,Herring,Weather,,85a3fc0c-0ea3-4797-af65-8397faaec0ee,4/26/2022 7:30:14 AM,Nicole.Hamre_UWA,4/26/2022 7:30:14 AM,Nicole.Hamre_UWA,,,121.923587161433,-33.8486593145109
123,d560306f-cdd5-4496-b846-ca6c9efd9fad,Boat,2/16/2022 3:34:27 AM,Casting,Bait,09:00,10:30,8,0,6,0,Herring,Weather,,ea9af9c4-272a-4154-a0a4-9abdbb0dc51c,4/26/2022 7:30:14 AM,Nicole.Hamre_UWA,4/26/2022 7:30:14 AM,Nicole.Hamre_UWA,,,121.931845248974,-33.8647860431511
124,f5deb850-9c45-49ed-ba4f-68861d2d8004,Boat,2/16/2022 3:51:23 AM,Casting,Both,06:00,10:30,5,9,2,0,"Herring, squid",Weather,,1710a72d-1a9f-44e5-a26e-7cda8368dd83,4/26/2022 7:30:14 AM,Nicole.Hamre_UWA,4/26/2022 7:30:14 AM,Nicole.Hamre_UWA,,,121.964546836756,-33.8568836648376
125,a53d7962-02a9-4e66-b64a-d9ec17107611,Boat,2/16/2022 3:56:31 AM,Squidding,Lure,09:30,09:45,18,0,0,0,,Weather,,2314ced0-e925-4b3f-957d-3a575a8c9c90,4/26/2022 7:30:14 AM,Nicole.Hamre_UWA,4/26/2022 7:30:14 AM,Nicole.Hamre_UWA,,,121.912387327593,-33.8870827936637
126,a53d7962-02a9-4e66-b64a-d9ec17107611,Boat,,Casting,Lure,09:50,11:30,3,9,0,0,Herring,ActivityChange,,98af99b7-5c81-4b3d-a9f0-a9045f017b1d,4/26/2022 7:30:14 AM,Nicole.Hamre_UWA,4/26/2022 7:30:14 AM,Nicole.Hamre_UWA,,,121.903007212821,-33.8697185894737
127,f5deb850-9c45-49ed-ba4f-68861d2d8004,Boat,2/16/2022 4:02:17 AM,Casting,Bait,10:30,11:30,4,2,0,0,Squid,Weather,,c8635b7e-4e76-41d2-bed4-b68425c230a5,4/26/2022 7:30:14 AM,Nicole.Hamre_UWA,4/26/2022 7:30:14 AM,Nicole.Hamre_UWA,,,121.903876412809,-33.8676436690308
128,e9b77b44-583b-48dc-bdee-85a9594bac79,Boat,2/16/2022 4:06:19 AM,Trolling,Lure,08:00,09:30,50,1,1,0,Tuna blue fin,Explore,,ab378076-00c0-4bec-8d89-d9f675744197,4/26/2022 7:30:14 AM,Nicole.Hamre_UWA,4/26/2022 7:30:14 AM,Nicole.Hamre_UWA,,,121.890040145781,-33.9243471045849
129,e9b77b44-583b-48dc-bdee-85a9594bac79,Boat,,Casting,Bait,10:30,11:30,14,12,0,0,"Mackerel, sand whiting ",ActivityChange,,ce4c2cb3-77e5-441b-8e25-16c8d428b04f,4/26/2022 7:30:14 AM,Nicole.Hamre_UWA,4/26/2022 7:30:14 AM,Nicole.Hamre_UWA,,,121.8407692835,-33.8881645700033
130,777906ad-730b-4b2a-a042-20158febdb2a,Boat,2/16/2022 4:21:56 AM,Casting,Bait,07:45,12:00,17,30,12,0,Whiting ,Weather,,c2bc09b7-8d23-498c-811e-d61b2a13871d,4/26/2022 7:30:14 AM,Nicole.Hamre_UWA,4/26/2022 7:30:14 AM,Nicole.Hamre_UWA,,,121.797286070763,-33.9043300816071
131,e2100749-6809-4183-8d75-b1eb2623cdc4,Boat,2/16/2022 4:53:40 AM,Casting,Bait,07:00,08:00,45,6,3,0,"Sea sweep, break sea cod",Explore,,5179a363-be1f-468e-abe9-6f51216b97c2,4/26/2022 7:30:14 AM,Nicole.Hamre_UWA,4/26/2022 7:30:14 AM,Nicole.Hamre_UWA,,,121.951177360401,-34.1457098328153
132,e2100749-6809-4183-8d75-b1eb2623cdc4,Boat,2/16/2022 4:56:27 AM,Casting,Bait,08:30,12:00,50,6,8,0,"Break sea cod, nanniguie, swallowtail",ActivityChange,,55449ed6-c400-4f22-9a25-2a80f27fba42,4/26/2022 7:30:14 AM,Nicole.Hamre_UWA,4/26/2022 7:30:14 AM,Nicole.Hamre_UWA,,,122.046211528493,-34.1489135530418
133,0e3ee5cb-185b-4972-a837-d1ca84e6cc12,Boat,,Trolling,Lure,09:00,10:00,0,2,0,0,Blue fish tuna,Other,,278bca3c-0914-423e-b5d1-2eec4b84ab9d,4/26/2022 7:30:14 AM,Nicole.Hamre_UWA,4/26/2022 7:30:14 AM,Nicole.Hamre_UWA,No,No,121.871885355586,-33.9266405457441
134,c2ca509e-eb8a-4aa6-aae2-2b36289cc47a,Boat,,Trolling,Lure,09:30,11:30,0,2,0,0,Oriental Benito,EndOfDay,,85560f8e-9b36-4fc8-ab98-df760f437ff1,4/26/2022 7:30:14 AM,Nicole.Hamre_UWA,4/26/2022 7:30:14 AM,Nicole.Hamre_UWA,No,No,121.886768843537,-33.9303991278013
135,56457d9b-2660-40e3-bd9a-272827d09af5,Boat,,Trolling,Lure,07:00,10:00,15,3,0,0,"Tuna, Benito ",EndOfDay,,04169f09-b267-4105-bcfb-3e6ad27e1f48,4/26/2022 7:30:14 AM,Nicole.Hamre_UWA,4/26/2022 7:30:14 AM,Nicole.Hamre_UWA,No,,121.997247563951,-33.9413585793413
136,efddb797-1c2e-4cb3-af04-3bc6a29c4c20,Boat,,Demersal,Bait,07:00,10:30,32,1,1,0,Queeny,ActivityChange,,67bf5060-be30-40c0-9125-b48c9c99af3e,4/26/2022 7:30:14 AM,Nicole.Hamre_UWA,4/26/2022 7:30:14 AM,Nicole.Hamre_UWA,No,,122.005535041674,-33.9159717868557
137,2e7257f7-9ed2-4623-a625-1fc038e4c219,Boat,,Demersal,Bait,05:00,11:45,6,18,12,0,Whiting squid,Weather,,e02204a5-d78f-4e3f-961b-61dd22af1dc3,4/26/2022 7:30:14 AM,Nicole.Hamre_UWA,4/26/2022 7:30:14 AM,Nicole.Hamre_UWA,No,,122.098536867555,-33.9721950987638
138,f71c1a9e-093f-4e6c-9963-4b5e1c8b932d,Boat,,Demersal,Bait,08:30,12:15,8,50,50,0,"Herring, sandwhiting ",Weather,,abc91af0-8b74-4bec-88b4-6ab979f9bdc1,4/26/2022 7:30:14 AM,Nicole.Hamre_UWA,4/26/2022 7:30:14 AM,Nicole.Hamre_UWA,,,122.005439957696,-33.8387966763281
139,67a38e21-eaa7-49a9-84c7-a6d146f08412,Boat,,Casting,Bait,07:30,12:40,10,34,12,0,"Herring, mackerel ",ActivityChange,,d6f31db8-bcb0-458e-81e7-d754d4cec985,4/26/2022 7:30:14 AM,Nicole.Hamre_UWA,4/26/2022 7:30:14 AM,Nicole.Hamre_UWA,,,121.902619843101,-33.9195672600931
140,5248bf72-4f16-4e85-8971-bf3d1b1df700,Boat,,Demersal,Bait,09:30,13:00,20,20,10,0,"Herring, whiting ",EndOfDay,,077bae4d-b9be-496f-9738-26796dd69b63,4/26/2022 7:30:14 AM,Nicole.Hamre_UWA,4/26/2022 7:30:14 AM,Nicole.Hamre_UWA,,,121.811523546956,-33.9009529833712
141,f25e0634-5d70-419e-a875-9c0ad821d158,Boat,,Demersal,Bait,07:30,13:00,70,20,8,0,"Nanniguie, blackasd ",Weather,,72a01567-017b-447c-9d47-5f233fb11f9c,4/26/2022 7:30:14 AM,Nicole.Hamre_UWA,4/26/2022 7:30:14 AM,Nicole.Hamre_UWA,,,122.047747047554,-34.2401223931295
142,26ad0a3e-a8b0-453d-9172-3f1ec0412814,Boat,,Demersal,Both,06:30,09:30,12,30,12,0,"Herring, king George",EndOfDay,,3f3167ac-33cd-4439-8198-ab60175d8552,4/26/2022 7:30:14 AM,Nicole.Hamre_UWA,4/26/2022 7:30:14 AM,Nicole.Hamre_UWA,No,No,121.992795918543,-33.8533366503491
143,269cf01c-6ccb-48e9-b705-21e13819b151,Boat,,Demersal,Bait,10:00,11:00,35,0,5,0,0,Weather,,59fc5d95-5f69-427b-9648-fca99fa4eee3,4/26/2022 7:30:14 AM,Nicole.Hamre_UWA,4/26/2022 7:30:14 AM,Nicole.Hamre_UWA,No,No,121.89278361054,-33.9322241204156
144,c01501e7-f69b-43dc-b803-fb5662b835d4,Boat,,Demersal,Bait,07:00,11:00,77,30,8,0,"Nanniguie, break sea cod, sweep, queenie",EndOfDay,,50d81933-b181-4cd9-89cc-3a5ae4693604,4/26/2022 7:30:14 AM,Nicole.Hamre_UWA,4/26/2022 7:30:14 AM,Nicole.Hamre_UWA,No,No,121.805748603185,-34.1472639429967
145,968aa520-fe38-41c7-ab66-ea28c1afb40b,Boat,,Demersal,Bait,09:20,11:50,50,2,2,0,"Queen snapper,  reaksea cod",Other,"Ran out bait, ",699f4509-1b14-4fa1-9759-21ef31faa1e2,4/26/2022 7:30:14 AM,Nicole.Hamre_UWA,4/26/2022 7:30:14 AM,Nicole.Hamre_UWA,No,No,122.257656036838,-34.1516268589046
146,fd6d4685-2c6e-4c91-81d8-eeb784e45e49,Boat,,Demersal,Bait,08:00,10:50,6,8,4,0,Herring,ActivityChange,,088225f8-af90-4c24-8715-13ce4ea06f1b,4/26/2022 7:30:14 AM,Nicole.Hamre_UWA,4/26/2022 7:30:14 AM,Nicole.Hamre_UWA,No,No,121.903504495908,-33.8620879448554
147,64d588d0-a5fe-4ca2-a913-6d7347287dbb,Boat,,Diving,NA,09:45,10:33,16,2,0,0,"Harlequin and blue grouper spearing, 3 green lip",Weather,,080d48c0-8966-488a-b5cd-18cfd8622e89,4/26/2022 7:30:14 AM,Nicole.Hamre_UWA,4/26/2022 7:30:14 AM,Nicole.Hamre_UWA,Conditions,No,121.883431075844,-33.9236084884999
148,8d7de1f4-dd3a-44e4-9829-416427ac0bb7,Boat,,Demersal,Bait,08:00,11:00,42,3,3,0,", breaksea cod, black drummer",Weather,,652e66bb-724d-4dab-be69-a2eb9a6541d8,4/26/2022 7:30:14 AM,Nicole.Hamre_UWA,4/26/2022 7:30:14 AM,Nicole.Hamre_UWA,No,No,121.795694221045,-33.9136346394712
149,da74b573-68da-4ea1-88e4-4bdd2169a8c8,Boat,,Demersal,Bait,07:00,11:30,45,4,4,0,"Queenie, ",ActivityChange,,4ffc46b0-927a-4937-84ae-425485c8512e,4/26/2022 7:30:14 AM,Nicole.Hamre_UWA,4/26/2022 7:30:14 AM,Nicole.Hamre_UWA,No,No,122.010224230389,-33.9519851180188
150,0de21cfa-1216-4ec0-bbff-693203c681da,Boat,,Diving,NA,10:00,10:40,25,1,0,0,Cuttlefish,Other,No air,b1715214-4f24-45ff-9311-3c9d06ab16ce,4/26/2022 7:30:14 AM,Nicole.Hamre_UWA,4/26/2022 7:30:14 AM,Nicole.Hamre_UWA,No,No,121.990862520372,-33.9148832312459
151,0de21cfa-1216-4ec0-bbff-693203c681da,Boat,,Diving,NA,11:30,12:30,30,2,0,0,"Green grouper, nanniguie",Other,No air,7edc201e-a577-44ea-8ef3-172fcec4f986,4/26/2022 7:30:14 AM,Nicole.Hamre_UWA,4/26/2022 7:30:14 AM,Nicole.Hamre_UWA,No,No,121.904966813952,-33.9278476288956
152,0de21cfa-1216-4ec0-bbff-693203c681da,Boat,,Diving,NA,12:30,12:50,12,12,0,0,"Queenie, abalone",Other,No air,3c107d99-a69d-4b1a-851b-fd652d26c2c5,4/26/2022 7:30:14 AM,Nicole.Hamre_UWA,4/26/2022 7:30:14 AM,Nicole.Hamre_UWA,No,No,121.880003244857,-33.9262917908228
153,a767fc2f-346f-479e-8d09-0359c55e118e,Boat,,Trolling,Lure,11:00,13:00,0,36,15,0,Herring,EndOfDay,,1666e2fc-a10a-461e-aab8-f68f632b9613,4/26/2022 7:30:14 AM,Nicole.Hamre_UWA,4/26/2022 7:30:14 AM,Nicole.Hamre_UWA,No,No,121.817426197923,-33.9085417045715
154,8aa45386-165e-476c-ae9a-7a2a90af877e,Boat,,Demersal,Bait,08:30,10:30,5,2,9,0,"Whiting, wrasse",Other,No whiting,e445fa3d-15c3-4893-bd75-007b9a3fc645,4/26/2022 7:30:14 AM,Nicole.Hamre_UWA,4/26/2022 7:30:14 AM,Nicole.Hamre_UWA,No,No,121.896116560568,-33.8805706591249
155,8aa45386-165e-476c-ae9a-7a2a90af877e,Boat,,Demersal,Bait,12:00,14:00,44,1,2,0,Coral trout,EndOfDay,,5653c115-a0d3-4123-a11b-a81c3d91f943,4/26/2022 7:30:14 AM,Nicole.Hamre_UWA,4/26/2022 7:30:14 AM,Nicole.Hamre_UWA,No,No,121.889899216282,-33.9045961507624
156,f04b5f9d-9758-4179-8283-4246c8eb6b78,Boat,,Trolling,Lure,11:30,13:30,0,1,2,0,Blue fin tuna,EndOfDay,,86fbbb77-03c8-4fed-87b9-bf0a33095da8,4/26/2022 7:30:14 AM,Nicole.Hamre_UWA,4/26/2022 7:30:14 AM,Nicole.Hamre_UWA,No,No,121.894600345404,-33.9370654132664
157,dfa61e9c-2bd8-4587-bc9d-847d157d8525,Boat,,Demersal,Bait,11:00,12:00,30,0,1,0,,LowCatch,,4cac67e3-21c4-4b39-83fc-90608cc9c81c,4/26/2022 7:30:14 AM,Nicole.Hamre_UWA,4/26/2022 7:30:14 AM,Nicole.Hamre_UWA,No,No,121.911946814439,-33.9203333700586
158,dfa61e9c-2bd8-4587-bc9d-847d157d8525,Boat,,Demersal,Bait,12:00,15:00,21,12,12,0,"Herring, whiting",EndOfDay,,0634e110-de93-4091-bb87-42541bdf6fdd,4/26/2022 7:30:14 AM,Nicole.Hamre_UWA,4/26/2022 7:30:14 AM,Nicole.Hamre_UWA,No,No,121.822396220657,-33.8994887215854
159,ebf4f30f-2174-4c7f-bc4c-3b0499b51276,Boat,,Demersal,Bait,13:00,15:15,5,8,1,0,"King George, herring, squid",EndOfDay,,ea67f165-d76c-44b5-b423-5c792cba9abe,4/26/2022 7:30:14 AM,Nicole.Hamre_UWA,4/26/2022 7:30:14 AM,Nicole.Hamre_UWA,No,No,121.90385809077,-33.8609519300991
160,dcdd2cfe-f78b-4990-8efd-b935553933b4,Boat,,Demersal,Bait,12:00,12:00,10,0,5,0,,LowCatch,,220ab50b-f969-4712-a150-e2dea1992199,4/26/2022 7:30:14 AM,Nicole.Hamre_UWA,4/26/2022 7:30:14 AM,Nicole.Hamre_UWA,No,No,121.904520936957,-33.8516801352419
161,dcdd2cfe-f78b-4990-8efd-b935553933b4,Boat,,Demersal,Bait,13:30,15:00,5,1,3,0,Flathead,EndOfDay,,3f7a722b-691c-455e-8ed5-d9b4e224cc37,4/26/2022 7:30:14 AM,Nicole.Hamre_UWA,4/26/2022 7:30:14 AM,Nicole.Hamre_UWA,No,No,121.905530410673,-33.8776891690945
162,e162f75c-9e9a-4d59-9996-a55d4bdceb9f,Boat,,Demersal,Bait,08:00,12:00,60,30,10,0,"Nannagui, black ass, harlequin, sweet, ",BagLimit,,05ed24b2-9ed5-4f6d-b90a-e8b8235015ce,4/26/2022 7:30:14 AM,Nicole.Hamre_UWA,4/26/2022 7:30:14 AM,Nicole.Hamre_UWA,No,,122.265121195851,-34.1297439752764
163,da6e33c6-2b31-48c2-b7da-fe74a0b5e435,Boat,,Squidding,Lure,08:30,10:00,3,6,0,0,Squid,Weather,,171e86b4-34c5-4354-977a-010ef34136b8,4/26/2022 7:30:14 AM,Nicole.Hamre_UWA,4/26/2022 7:30:14 AM,Nicole.Hamre_UWA,No,,121.937275015097,-33.8533739118282
164,a340d541-752e-4d35-a556-3f344b640220,Boat,,Demersal,Bait,07:30,08:30,30,2,2,0,"Queenie, nannagui even ",LowCatch,,1c3365f0-c5e0-4f74-a595-1cd6f2e75aba,4/26/2022 7:30:14 AM,Nicole.Hamre_UWA,4/26/2022 7:30:14 AM,Nicole.Hamre_UWA,No,,121.980238189524,-33.861327957228
165,8dad0574-ea07-4dcd-9ebb-ad0107d5738e,Boat,3/5/2022 3:40:29 AM,Diving,NA,10:00,10:30,15,10,0,0,Abalone,Other,Bad bus,1f352cca-5ad1-40d4-becd-25ae7ce1330e,4/26/2022 7:30:14 AM,Nicole.Hamre_UWA,4/26/2022 7:30:14 AM,Nicole.Hamre_UWA,Other,,122.029341198898,-33.8541424882244
166,8dad0574-ea07-4dcd-9ebb-ad0107d5738e,Boat,,Diving,NA,10:25,11:00,18,1,0,0,Boar fish,Other,,2196091a-f39b-42c1-8d77-2a982f1a582e,4/26/2022 7:30:14 AM,Nicole.Hamre_UWA,4/26/2022 7:30:14 AM,Nicole.Hamre_UWA,No,,121.891299294552,-33.9120348640536
167,e0910706-d726-4010-bbfd-bdd7928cac6e,Boat,,Demersal,Bait,07:00,11:00,60,20,5,0,Nannegoie ,EndOfDay,,2aded400-6d81-4f4d-9335-599c57409147,4/26/2022 7:30:14 AM,Nicole.Hamre_UWA,4/26/2022 7:30:14 AM,Nicole.Hamre_UWA,No,,121.77998743522,-34.1413732239779
168,88870620-8e0f-445c-9913-a33e44d500e2,Boat,,Trolling,Lure,08:00,11:40,30,0,0,0,,Weather,,3005a3ab-6db3-4ea7-98d1-93c2a5a131f3,4/26/2022 7:30:14 AM,Nicole.Hamre_UWA,4/26/2022 7:30:14 AM,Nicole.Hamre_UWA,,,122.021296460339,-33.87694522186
169,6c243cb5-b6ce-4b8c-9f9f-c3f40742a68e,Boat,,Demersal,Bait,08:00,14:00,33,5,12,0,"Queenie, black ass, nannygui ",EndOfDay,,404019b6-6ff1-4b50-bdb5-a3fb13afacea,4/26/2022 7:30:14 AM,Nicole.Hamre_UWA,4/26/2022 7:30:14 AM,Nicole.Hamre_UWA,No,,122.087588017616,-33.9961569285072
170,815033d5-9f70-4487-a728-d14dc51eb08e,Boat,,Demersal,Bait,07:00,11:00,15,18,0,0,Whiting,ActivityChange,,6a43fec5-c1f7-4cf0-b30c-9ef6716505da,4/26/2022 7:30:14 AM,Nicole.Hamre_UWA,4/26/2022 7:30:14 AM,Nicole.Hamre_UWA,No,,121.996272556796,-33.8337412879871
171,6989c75c-5493-4583-bad9-39d2a8f79b96,Boat,,Demersal,Bait,09:00,13:15,2,2,1,0,"Queen, black ass",EndOfDay,,774b0199-2e8d-458b-a028-91a6f7f73e9e,4/26/2022 7:30:14 AM,Nicole.Hamre_UWA,4/26/2022 7:30:14 AM,Nicole.Hamre_UWA,No,,121.87292888084,-33.9265243953856
172,a340d541-752e-4d35-a556-3f344b640220,Boat,,Demersal,Bait,09:00,13:30,40,6,4,0,"Nannagui, black ass, harlequin ",EndOfDay,,80845636-e707-4fcc-909f-115664b2f0c6,4/26/2022 7:30:14 AM,Nicole.Hamre_UWA,4/26/2022 7:30:14 AM,Nicole.Hamre_UWA,No,,122.175040761342,-34.0525954936463
173,f9fea0a2-797e-4012-a20c-77f140e8afaa,Boat,,Demersal,Both,07:30,10:30,35,6,2,0,"Queenie, nannygui, sweep ",ActivityChange,,819bedd5-4d4b-41ef-aee2-25255d6a5d86,4/26/2022 7:30:14 AM,Nicole.Hamre_UWA,4/26/2022 7:30:14 AM,Nicole.Hamre_UWA,No,,122.10272960682,-33.9869159576874
174,e8464e00-20ab-471a-9bc3-360628bc350b,Boat,,Casting,Bait,07:45,11:00,4,18,8,0,Herring,BagLimit,,82d92656-a592-4557-a956-050c38b51a49,4/26/2022 7:30:14 AM,Nicole.Hamre_UWA,4/26/2022 7:30:14 AM,Nicole.Hamre_UWA,,,121.912548927326,-33.8542812869056
175,2bac57ed-edf9-4393-9f8d-c27e2b733d11,Boat,,Demersal,Both,07:30,12:30,50,8,6,0,"Nannygui, black as blue grouper ",EndOfDay,,887ca475-0baf-42a2-93bc-582a3f118661,4/26/2022 7:30:14 AM,Nicole.Hamre_UWA,4/26/2022 7:30:14 AM,Nicole.Hamre_UWA,No,,122.105345261976,-34.0663451976746
176,e136992d-e229-462e-bc82-824809d83ed1,Boat,,Demersal,Bait,10:00,14:00,60,30,15,2,"Queenie, nannagui even, blue grouper ",BagLimit,,8ef93329-0cfc-4c74-b076-189db4d89fba,4/26/2022 7:30:14 AM,Nicole.Hamre_UWA,4/26/2022 7:30:14 AM,Nicole.Hamre_UWA,No,,121.826431902071,-34.0671418512464
177,7138d321-8db7-44a3-b0aa-538acfe02de4,Boat,,Casting,Bait,10:00,12:00,7,2,12,0,"Whiting, ",EndOfDay,,a42c33e6-80b3-42f2-91ab-a86b7f4eb74f,4/26/2022 7:30:14 AM,Nicole.Hamre_UWA,4/26/2022 7:30:14 AM,Nicole.Hamre_UWA,,,121.894948213507,-33.8804134204179
178,89d10b01-c100-4498-becf-b82a4bf0d26f,Boat,,Diving,NA,09:30,11:30,33,6,0,0,"Crays, abalone ",EndOfDay,,a889cc23-d45a-43b6-b0a8-18d3088146c6,4/26/2022 7:30:14 AM,Nicole.Hamre_UWA,4/26/2022 7:30:14 AM,Nicole.Hamre_UWA,No,,121.90217040249,-33.9208030478922
179,770ad937-d86f-414c-bf4a-4f6ab192176d,Boat,,Trolling,Bait,10:00,12:15,35,0,0,0,,EndOfDay,,c60fd1e9-e847-4bff-a551-dd3e226e4264,4/26/2022 7:30:14 AM,Nicole.Hamre_UWA,4/26/2022 7:30:14 AM,Nicole.Hamre_UWA,,,121.992510459997,-33.9243972185406
180,ad756891-36d6-442d-b159-d2e510301221,Boat,,Trolling,Lure,11:30,13:00,0,16,5,0,"Herring, king George",Weather,,e63247de-11c3-4bc3-846b-f6f105cff0ff,4/26/2022 7:30:14 AM,Nicole.Hamre_UWA,4/26/2022 7:30:14 AM,Nicole.Hamre_UWA,No,,121.910542639852,-33.8606155862332
181,770ad937-d86f-414c-bf4a-4f6ab192176d,Boat,,Demersal,Bait, 06:0,09:00,15,17,2,0,Whiting,Explore,,e6b47979-b072-4abc-b0e1-dcff23573f2b,4/26/2022 7:30:14 AM,Nicole.Hamre_UWA,4/26/2022 7:30:14 AM,Nicole.Hamre_UWA,No,,122.002677660655,-33.8396674969047
182,16402c26-fbe0-41d1-8987-ef8b2e58e268,Boat,,Demersal,Both,05:30,12:00,55,25,12,0,"Nannagui, break sea, swallowtail, sweep, ",Weather,,f8a7db3e-c71c-45d3-8da3-6d74a762d399,4/26/2022 7:30:14 AM,Nicole.Hamre_UWA,4/26/2022 7:30:14 AM,Nicole.Hamre_UWA,,,122.11352702865,-34.2042057148479
183,98b8b5ca-52a6-4d73-b426-89826e18128d,Boat,,Trolling,Lure,09:00,12:00,0,17,2,0,Herring,EndOfDay,,ff94835f-9150-48f2-96e0-4327660a5b03,4/26/2022 7:30:14 AM,Nicole.Hamre_UWA,4/26/2022 7:30:14 AM,Nicole.Hamre_UWA,No,,121.947240122664,-33.8827097836081
185,e20955c6-4068-4948-b964-8733c57456b0,Boat,,Trolling,Lure,07:30,09:30,3,0,0,0,,ActivityChange,,af0568ba-6052-482f-9f13-f8e78d6958ca,4/26/2022 7:30:14 AM,Nicole.Hamre_UWA,4/26/2022 7:30:14 AM,Nicole.Hamre_UWA,No,,121.89074367487,-33.9265682736997
186,4f32b570-333c-4069-a5b5-61a901f58084,Boat,,Trolling,Lure,06:00,10:00,3,0,2,0,"Snook, herring, ",EndOfDay,,f2c48141-be65-47a4-93e9-e77879e769cb,4/26/2022 7:30:14 AM,Nicole.Hamre_UWA,4/26/2022 7:30:14 AM,Nicole.Hamre_UWA,No,,121.883223600946,-33.9329346100143
187,c36ca304-69b5-4c71-88f3-8b9309af3b68,Boat,,Trolling,Lure,08:00,10:50,3,2,0,0,,EndOfDay,,fee55305-71ab-4b9e-b7ba-5c1906c72e1c,4/26/2022 7:30:14 AM,Nicole.Hamre_UWA,4/26/2022 7:30:14 AM,Nicole.Hamre_UWA,No,,121.893545921788,-33.9338641223517
188,34e6ea76-a0d9-4c61-aca9-39a5a3696c72,Boat,,Trolling,Lure,07:30,10:30,3,12,2,0,Herring ,Weather,,3fc4b8c9-0d22-42b7-a238-6918499aa4f7,4/26/2022 7:30:14 AM,Nicole.Hamre_UWA,4/26/2022 7:30:14 AM,Nicole.Hamre_UWA,No,,121.924572249482,-33.9122271399034
189,f46b03e7-2958-45bb-847d-6966ab6d6559,Boat,,Casting,Both,08:30,11:00,3,10,12,0,Herring,Weather,,0db61110-d643-49ac-b7f6-d35700348011,4/26/2022 7:30:14 AM,Nicole.Hamre_UWA,4/26/2022 7:30:14 AM,Nicole.Hamre_UWA,No,,121.926049879309,-33.8581163745745
190,67fe0c09-eadd-481e-985a-dbc6cbf06166,Boat,,Trolling,Lure,10:30,11:00,3,0,0,0,0,Weather,,2b186efd-664e-4b35-8fa6-0a291c4deea6,4/26/2022 7:30:14 AM,Nicole.Hamre_UWA,4/26/2022 7:30:14 AM,Nicole.Hamre_UWA,No,,121.99003933389,-33.9128192871255
191,a0c5b463-a32a-4c5d-a209-a5b125be2378,Boat,,Casting,Both,08:00,11:15,40,0,8,0,,Weather,,eb3a58af-8867-4bfe-9517-7f100c77f04b,4/26/2022 7:30:14 AM,Nicole.Hamre_UWA,4/26/2022 7:30:14 AM,Nicole.Hamre_UWA,No,,121.891407096877,-33.9223669688845
192,97246a80-be4b-442f-b4e0-bb9d0000e224,Boat,,Casting,Lure,08:00,11:00,4,20,10,0,Herring,EndOfDay,,9c0f472d-2cae-458b-a8f5-8d1d234354d3,4/26/2022 7:30:14 AM,Nicole.Hamre_UWA,4/26/2022 7:30:14 AM,Nicole.Hamre_UWA,No,,121.940934617716,-33.8590175644038
193,5aa9063f-aeb6-49a6-ada2-955bf628c841,Boat,,Casting,Lure,07:00,11:30,5,15,2,0,"Tommy rough, squid ",ActivityChange,,4cfb1482-00ea-4629-98b5-7cf1e4117c4c,4/26/2022 7:30:14 AM,Nicole.Hamre_UWA,4/26/2022 7:30:14 AM,Nicole.Hamre_UWA,No,,121.936144761095,-33.8573569498806
194,1e6d8a89-5e0a-4dad-bd48-d544e185f95c,Boat,,Demersal,Both,05:30,12:00,60,13,15,0,"Swallowtail, nanniguie, harlequin, black ass ",EndOfDay,,0183a937-b36d-4ba2-b177-e5ab24609e60,4/26/2022 7:30:14 AM,Nicole.Hamre_UWA,4/26/2022 7:30:14 AM,Nicole.Hamre_UWA,No,,121.898084534896,-34.0976724199153
195,7cb51318-863b-4561-9a7c-1531c3309708,Boat,,Demersal,Bait,06:00,11:40,40,0,0,0,,LowCatch,,0100ba9d-eaad-4dc1-8d8b-3b2a3c0fd8fb,4/26/2022 7:30:14 AM,Nicole.Hamre_UWA,4/26/2022 7:30:14 AM,Nicole.Hamre_UWA,No,,122.00310048149,-33.9530026391018
196,6439b27f-3f8b-456b-bb14-cd70deb3fd70,Boat,,Demersal,Bait,08:00,12:0,45,5,5,0,"Nanniguie, queenie. Swallowtail",Weather,,9c833a9a-779b-45f4-bc43-966a8bdc22b1,4/26/2022 7:30:14 AM,Nicole.Hamre_UWA,4/26/2022 7:30:14 AM,Nicole.Hamre_UWA,No,,122.070879637199,-33.9694425065678
197,e848a873-15a5-4f09-adb5-5a8e07bb1414,Boat,,Demersal,Bait,05:00,12:45,68,0,18,0,Nanniguie black ass ,EndOfDay,,aac30f54-8797-4cdd-b9c8-ad9623f8438f,4/26/2022 7:30:14 AM,Nicole.Hamre_UWA,4/26/2022 7:30:14 AM,Nicole.Hamre_UWA,No,,121.9226962303,-34.0183223083097
198,a50fe43d-acbf-49f7-a7f1-c3b0635f25c4,Boat,,Demersal,Both,07:00,12:30,80,4,1,4,"Nanniguie, ",EndOfDay,"One shark, mako shark ",af9de658-a830-4390-98e5-4985410750d1,4/26/2022 7:30:14 AM,Nicole.Hamre_UWA,4/26/2022 7:30:14 AM,Nicole.Hamre_UWA,No,,121.367744615271,-34.0549901690774
199,c7d77e7a-2d1e-425a-a692-333ad181f833,Boat,,Casting,Both,09:50,11:20,4,4,3,0,Herring,Weather,,ee129e3e-adce-4e8c-a482-4674f7178871,4/26/2022 7:30:14 AM,Nicole.Hamre_UWA,4/26/2022 7:30:14 AM,Nicole.Hamre_UWA,No,,121.946095236902,-33.8714125579906
200,ea54c0f5-a231-458c-bd4b-6dc7c7b8028f,Boat,,Casting,Bait,07:45,10:20,5,2,4,0,Herring,Other,,37b0de87-29b6-4669-acad-b7b12b5a1a67,4/26/2022 7:30:14 AM,Nicole.Hamre_UWA,4/26/2022 7:30:14 AM,Nicole.Hamre_UWA,No,,121.936326793009,-33.8621456189948
201,f7415b1e-69fa-4594-be09-aff9b4c91ef4,Boat,,Demersal,Bait,07:30,11:30,80,3,14,0,"Queenie. Nanniguie, blasts ass ",Weather,,2cd4c640-a1ad-44cd-b1c1-044e09f2f4d7,4/26/2022 7:30:14 AM,Nicole.Hamre_UWA,4/26/2022 7:30:14 AM,Nicole.Hamre_UWA,No,,121.963042479353,-34.4142174826834
202,3389bf50-8f9e-4a9e-9121-ddb969a3e2c6,Boat,,Demersal,Both,07:00,12:20,60,15,2,0,"Nanniguie, black ass, pink snapper, swallowtail",EndOfDay,,1ded2003-8f65-4502-a49b-af07329127a9,4/26/2022 7:30:14 AM,Nicole.Hamre_UWA,4/26/2022 7:30:14 AM,Nicole.Hamre_UWA,No,,121.862804674451,-34.0556675289126
203,1d2d0559-d142-4115-ad69-99be01045c50,Boat,3/17/2022 5:47:16 AM,Demersal,Bait,06:30,13:00,60,10,0,0,"Queenie, nanniguie, ",Weather,,041c13e0-6654-431c-b48b-cd87741b5192,4/26/2022 7:30:14 AM,Nicole.Hamre_UWA,4/26/2022 7:30:14 AM,Nicole.Hamre_UWA,No,,122.234774378093,-34.1432742771799
204,5a70830e-16f2-4297-a728-453eae5445ef,Boat,,Trolling,Both,07:00,12:00,60,24,2,0,"Herring, mackerel, snook",Weather,,6b5a82b9-411a-41a8-ae85-7b964f673b35,4/26/2022 7:30:14 AM,Nicole.Hamre_UWA,4/26/2022 7:30:14 AM,Nicole.Hamre_UWA,No,,121.900373110761,-33.9243623681342
205,0d9b362f-db1f-4b78-853c-ae9d7b9b2c65,Boat,,Demersal,Bait,07:00,12:00,60,10,6,0,"Nanniguie, queenie, black ass, fox fish",Weather,,91b33f2d-06f6-4e2a-88a1-543b9be54a41,4/26/2022 7:30:14 AM,Nicole.Hamre_UWA,4/26/2022 7:30:14 AM,Nicole.Hamre_UWA,No,,121.884010355353,-34.0460272593524
206,c4de07e0-fbf4-44e2-af48-16581bc4f8c6,Boat,,Casting,Both,09:00,14:00,17,15,2,0,"Herring, mackerel ",Weather,,3bb08b49-56c6-4cb4-9ebd-8a97fd3d8c4a,4/26/2022 7:30:14 AM,Nicole.Hamre_UWA,4/26/2022 7:30:14 AM,Nicole.Hamre_UWA,No,,121.921788275195,-33.8817051971993
207,1efa9d4f-ea00-461f-a20b-36b71a6c4c28,Boat,,Demersal,Lure,08:00,14:0,80,14,2,0,"Nanniguie, black ass, queen snapper ",EndOfDay,,7aec5a5b-9ad2-44c1-ac62-9dfd9b51fafb,4/26/2022 7:30:14 AM,Nicole.Hamre_UWA,4/26/2022 7:30:14 AM,Nicole.Hamre_UWA,No,,121.986305142356,-34.0929464737147
211,448c7285-cb60-4afb-bbb1-f55962e85e58,Boat,,Trolling,Lure,07:00,11:00,0,2,0,0,"Blue fin tuna, stripy tuna",Weather,,9cff968e-d369-4904-b407-62f0dccaa692,4/26/2022 7:30:14 AM,Nicole.Hamre_UWA,4/26/2022 7:30:14 AM,Nicole.Hamre_UWA,No,No,121.899094792841,-33.9174496102026
212,5cd49537-7e2b-4a94-bf16-317bc1a36bc0,Boat,,Squidding,Lure,07:30,19:50,8,0,1,0,0,Weather,,0cf074f2-4214-4e2a-878a-d1bc78d3d2aa,4/26/2022 7:30:14 AM,Nicole.Hamre_UWA,4/26/2022 7:30:14 AM,Nicole.Hamre_UWA,Conditions,,121.92120178401,-33.8526505034182
213,32d8bfcd-ab55-4b91-b12e-5b7d669db6dc,Boat,,Casting,Lure,09:00,10:00,16,2,0,0,"Herring, squid",EndOfDay,,10261607-37ee-41f5-a38c-7013d9da2546,4/26/2022 7:30:14 AM,Nicole.Hamre_UWA,4/26/2022 7:30:14 AM,Nicole.Hamre_UWA,No,,121.880788063395,-33.9158715825492
214,196b8c8c-48b6-4fb5-b644-9645c4a6ea29,Boat,,Demersal,Both,10:00,11:30,5,3,12,0,"Whiting, king George whiting, herring ",Weather,,110bc7d6-1cfa-468f-8c09-6e0e37aa845c,4/26/2022 7:30:14 AM,Nicole.Hamre_UWA,4/26/2022 7:30:14 AM,Nicole.Hamre_UWA,No,,121.865624302871,-33.8866660282008
215,196b8c8c-48b6-4fb5-b644-9645c4a6ea29,Boat,,Spearing,Both,06:00,10:00,4,2,8,0,Snook,Weather,,25440cb6-3d1d-418f-8140-a9f2bf44b8b9,4/26/2022 7:30:14 AM,Nicole.Hamre_UWA,4/26/2022 7:30:14 AM,Nicole.Hamre_UWA,No,,121.898551202499,-33.9244296232787
216,ef921a93-6341-4fb9-9f7b-6d777f9eee79,Boat,,Demersal,Bait,12:00,13:00,4,0,0,0,,EndOfDay,,28cc862e-fb6c-4843-8bff-044a46c1d347,4/26/2022 7:30:14 AM,Nicole.Hamre_UWA,4/26/2022 7:30:14 AM,Nicole.Hamre_UWA,No,,121.902638261259,-33.8549214868788
217,6f05f333-ce59-461b-96f9-f503e2c0c7d3,Boat,,Demersal,Bait,08:00,10:00,50,0,7,0,0,Weather,,35fc51e9-fd37-4eeb-928c-77c70a4f7784,4/26/2022 7:30:14 AM,Nicole.Hamre_UWA,4/26/2022 7:30:14 AM,Nicole.Hamre_UWA,No,,121.610921929568,-34.025292257633
218,f871f9d8-d18a-40ce-bb7b-3599b6bc4f79,Boat,,Cray,NA,10:00,12:00,33,12,0,0,"abalone, baw fish ",Other,Scuba ,4cc6ca84-7f95-4ca1-b393-05f8cf94f6d8,4/26/2022 7:30:14 AM,Nicole.Hamre_UWA,4/26/2022 7:30:14 AM,Nicole.Hamre_UWA,Conditions,,121.903705178644,-33.9186971799778
219,5e230049-25ed-4009-8322-c71acf6ae20f,Boat,,Demersal,Bait,09:00,12:00,15,22,7,0,Herring,EndOfDay,,5bc1a3b5-9607-4311-afa7-77d183b2e742,4/26/2022 7:30:14 AM,Nicole.Hamre_UWA,4/26/2022 7:30:14 AM,Nicole.Hamre_UWA,Conditions,,121.858687243651,-33.9036631175562
220,32d8bfcd-ab55-4b91-b12e-5b7d669db6dc,Boat,,Demersal,Bait,06:00,08:30,42,0,2,0,,LowCatch,,626fe871-2225-4779-9802-6aa7299a9682,4/26/2022 7:30:14 AM,Nicole.Hamre_UWA,4/26/2022 7:30:14 AM,Nicole.Hamre_UWA,Conditions,,121.886298839591,-33.9298597737791
221,54d2c2ba-cb56-4577-b4e1-862065457c66,Boat,,Demersal,Bait,10:00,12:15,15,12,4,0,"Herring, squid",Necessity,,6410aa36-44de-4eb2-8ae4-92ae951e4898,4/26/2022 7:30:14 AM,Nicole.Hamre_UWA,4/26/2022 7:30:14 AM,Nicole.Hamre_UWA,No,,121.903387999687,-33.8567377521414
222,eefaa98a-881c-4c99-8cec-e0f26044bc96,Boat,,Demersal,Bait,07:39,11:39,70,17,9,0,"Red bight fish, breaksea cod",Weather,,8452e8dc-4f84-4629-85a1-392fe02cc191,4/26/2022 7:30:14 AM,Nicole.Hamre_UWA,4/26/2022 7:30:14 AM,Nicole.Hamre_UWA,No,,121.945052229975,-34.1780488334844
223,7f991869-47b8-45ab-9e80-7d6dd424209c,Boat,,Demersal,Bait,11:30,12:00,30,4,2,0,Break sea cod,Weather,,9041294e-cf34-4730-a8c9-348726a65b82,4/26/2022 7:30:14 AM,Nicole.Hamre_UWA,4/26/2022 7:30:14 AM,Nicole.Hamre_UWA,No,,122.134164241268,-34.0364994799003
224,ef921a93-6341-4fb9-9f7b-6d777f9eee79,Boat,,Demersal,Bait,09:30,11:30,13,0,50,0,,LowCatch,Not getting what they want,95847199-3afe-4834-b1ca-c2459be02062,4/26/2022 7:30:14 AM,Nicole.Hamre_UWA,4/26/2022 7:30:14 AM,Nicole.Hamre_UWA,Conditions,,121.898763062972,-33.8809057803445
225,d8b9bdea-a4f0-489e-95da-2a057c3b9487,Boat,,Demersal,Bait,10:00,11:45,15,18,8,0,"Herring, whiting",Weather,,9b604ba2-a872-4429-8b75-2e93c5f5fecf,4/26/2022 7:30:14 AM,Nicole.Hamre_UWA,4/26/2022 7:30:14 AM,Nicole.Hamre_UWA,Conditions,,121.870430970564,-33.8897116396875
226,6c6b96b8-5f50-4c63-bc38-3a3f487fc8e3,Boat,,Casting,Bait,19:00,12:50,12,8,2,0,Herring ,EndOfDay,,9f97e9d6-e896-40d7-8ed1-d1ca5cc26142,4/26/2022 7:30:14 AM,Nicole.Hamre_UWA,4/26/2022 7:30:14 AM,Nicole.Hamre_UWA,No,,121.912026286596,-33.8813579155186
227,b0cb1815-3029-424d-ade1-d6a26c6c592a,Boat,,Casting,Lure,08:30,10:20,8,10,30,0,Herring,Weather,,bc023cbd-7342-4b16-93eb-e37ba93d2c6b,4/26/2022 7:30:14 AM,Nicole.Hamre_UWA,4/26/2022 7:30:14 AM,Nicole.Hamre_UWA,No,,121.899544955697,-33.8630775659823
228,0c55f57c-00a3-40ac-8d9c-2ee46fb3dcee,Boat,,Casting,Both,11:30,13:50,6,0,0,0,0,EndOfDay,,c4b98ae7-7f06-4009-859c-f164cdd94f11,4/26/2022 7:30:14 AM,Nicole.Hamre_UWA,4/26/2022 7:30:14 AM,Nicole.Hamre_UWA,No,,121.901086354232,-33.8711836696018
229,9ba063e6-a3fd-4086-bfe8-ad649449f54f,Boat,,Trolling,Both,06:30,13:00,40,0,4,0,0,Weather,,ccf62c58-5289-4b1e-915a-4cbaa292011a,4/26/2022 7:30:14 AM,Nicole.Hamre_UWA,4/26/2022 7:30:14 AM,Nicole.Hamre_UWA,Conditions,,121.790927467297,-33.9265629464665
230,7f991869-47b8-45ab-9e80-7d6dd424209c,Boat,,Demersal,Bait,09:30,11:00,60,4,10,0,"Fox fish, sweep",LowCatch,,dab117b6-9d21-4849-af0e-96a05933bb59,4/26/2022 7:30:14 AM,Nicole.Hamre_UWA,4/26/2022 7:30:14 AM,Nicole.Hamre_UWA,No,,122.16014792642,-34.0730537992824
231,aa599799-f281-4c7f-b9f5-48b23b575f00,Boat,,Casting,Lure,07:00,10:40,0,12,5,0,Herring,EndOfDay,,dd655aff-0808-4015-bb08-760eb37b1835,4/26/2022 7:30:14 AM,Nicole.Hamre_UWA,4/26/2022 7:30:14 AM,Nicole.Hamre_UWA,No,,121.902104197551,-33.8648042451016
232,0c55f57c-00a3-40ac-8d9c-2ee46fb3dcee,Boat,,Casting,Both,11:00,11:30,5,0,0,0,0,Weather,,f94f6f0c-8984-4c58-b0f1-b9507df9b610,4/26/2022 7:30:14 AM,Nicole.Hamre_UWA,4/26/2022 7:30:14 AM,Nicole.Hamre_UWA,No,,121.903178780261,-33.8615256846658
233,5f68c899-068d-48c4-b20a-1ed05c5b4c51,Boat,,Demersal,Bait,07:00,11:00,65,25,3,0,"Nannagui, breaksea cod, queen snapper, blue grouper",EndOfDay,,fcefdf9e-cd40-4f12-af12-8f33ab568065,4/26/2022 7:30:14 AM,Nicole.Hamre_UWA,4/26/2022 7:30:14 AM,Nicole.Hamre_UWA,No,,121.933419464763,-34.1386244440983
235,12a570b4-e31b-4c72-acbd-84b8b255ff30,Boat,,Demersal,Bait,06:45,12:50,35,6,0,0,"Swallowtail, nanniguie, black ass, harlequin ",Weather,,9c3e642a-8312-4c46-a508-2c271f087169,4/26/2022 7:30:14 AM,Nicole.Hamre_UWA,4/26/2022 7:30:14 AM,Nicole.Hamre_UWA,Conditions,,121.614439002788,-34.0221156380179
236,eac1699c-2c6c-4b21-b05b-20a009f08f9e,Boat,,Demersal,Both,07:30,13:00,60,12,12,0,"Nanniguie, blackass ",Weather,,78ab7d19-6f35-4521-9ce9-5d7f3ccd9545,4/26/2022 7:30:14 AM,Nicole.Hamre_UWA,4/26/2022 7:30:14 AM,Nicole.Hamre_UWA,Conditions,,121.675671731679,-34.0055442198512
237,ee314161-001f-423d-8269-9d161bc96d70,Boat,,Demersal,Both,07:30,13:30,60,12,12,0,"Nanny, black fish, Fox, harlequin, pink snapper ",EndOfDay,,007dc188-9433-4d15-b0e0-dd021a752428,4/26/2022 7:30:14 AM,Nicole.Hamre_UWA,4/26/2022 7:30:14 AM,Nicole.Hamre_UWA,No,,121.97262204078,-34.1198959759795
238,1bc4681b-a173-4f36-81b2-d7a75dc28684,Boat,,Demersal,Bait,08:00,13:0,40,13,4,0,"Pink snapper, nanny, black ass, ",Weather,Possible depredation unsure ,3f391ef1-2b10-4529-80cc-f1430de1146b,4/26/2022 7:30:14 AM,Nicole.Hamre_UWA,4/26/2022 7:30:14 AM,Nicole.Hamre_UWA,No,,121.785772576667,-33.9182493554231
239,d73d0b6c-9ff0-409e-b96e-9949cedfc986,Boat,,Casting,Bait,08:15,10:00,3,15,2,0,"Herring, mackerel ",EndOfDay,,e066cedb-6bab-4003-b382-e7f3cea74d57,4/26/2022 7:30:14 AM,Nicole.Hamre_UWA,4/26/2022 7:30:14 AM,Nicole.Hamre_UWA,No,,121.932743104321,-33.8440897603455
240,62745bec-b1e1-45db-a08f-58ec1a62b5ec,Boat,,Demersal,Lure,05:30,10:30,35,0,0,0,,LowCatch,,28b6d64f-932f-415f-8e05-ed672f3f9ca0,4/26/2022 7:30:14 AM,Nicole.Hamre_UWA,4/26/2022 7:30:14 AM,Nicole.Hamre_UWA,Conditions,,122.016554571059,-33.9680684299896
241,bc2318c7-a060-47fa-8c6d-ed03edfba7b9,Boat,,Casting,Both,09:00,11:00,20,3,25,0,Herring,Weather,,0759ac09-3b9b-44dc-95de-04a0af122094,4/26/2022 7:30:14 AM,Nicole.Hamre_UWA,4/26/2022 7:30:14 AM,Nicole.Hamre_UWA,No,,121.96229076553,-33.8566570500702
242,0b08c1af-2919-49b0-80f1-2bc5a795e5e5,Boat,,Casting,Both,09:00,11:30,11,18,4,0,"Whiting, herring, squid ",EndOfDay,,52a0cac6-a62e-4b0f-b902-b9cd655af016,4/26/2022 7:30:14 AM,Nicole.Hamre_UWA,4/26/2022 7:30:14 AM,Nicole.Hamre_UWA,No,,122.020631104259,-33.8472847420642
243,530a9485-ba3d-4d46-9e96-acc2c9814e55,Boat,,Demersal,Bait,06:30,10:30,40,2,2,0,"Queen snapper, black ass",LowCatch,,363b9448-2ceb-40c9-905a-9ffc7d56ecf8,4/26/2022 7:30:14 AM,Nicole.Hamre_UWA,4/26/2022 7:30:14 AM,Nicole.Hamre_UWA,No,,122.098673035084,-34.0691171659928
244,0b6a26fc-2d7a-4daf-bde8-79fd6b795d7a,Boat,,Demersal,Both,07:30,10:30,80,20,25,1,"Dhu fish, black ass, nanny, swallowtail, ",ActivityChange,,cae4ba6b-51d1-456b-b0cc-784eae72e9cd,4/26/2022 7:30:14 AM,Nicole.Hamre_UWA,4/26/2022 7:30:14 AM,Nicole.Hamre_UWA,No,,121.683324493957,-34.3441008330178
245,fe86052c-ed43-44b2-a6b0-36f53dfb9a24,Boat,,Trolling,Lure,09:30,11:30,3,2,6,0,Tuna,BagLimit,,5e53b1fa-26bb-4169-8fe0-886e9c33bb1c,4/26/2022 7:30:14 AM,Nicole.Hamre_UWA,4/26/2022 7:30:14 AM,Nicole.Hamre_UWA,No,,121.90349120713,-33.9191048323604
246,fe86052c-ed43-44b2-a6b0-36f53dfb9a24,Boat,,Casting,Bait,11:30,12:30,5,10,3,0,Garfish ,ActivityChange,,b10f0512-c530-46f6-ac5b-fdd90e2cb19f,4/26/2022 7:30:14 AM,Nicole.Hamre_UWA,4/26/2022 7:30:14 AM,Nicole.Hamre_UWA,No,,121.931675121534,-33.8397818569436
247,c7cef302-53d6-4ef0-98f9-94c2e965c5ce,Boat,,Demersal,Bait,07:15,12:30,60,20,10,0,"Nanny, black ass",EndOfDay,,ee2ecd08-f11c-4296-8688-b77350782d2d,4/26/2022 7:30:14 AM,Nicole.Hamre_UWA,4/26/2022 7:30:14 AM,Nicole.Hamre_UWA,Conditions,,122.004825993335,-34.2209623350454
248,ac2879d5-6a34-4cd7-8637-a112a8386693,Boat,,Demersal,Both,07:30,10:30,50,5,0,0,"Black ass, nanny",Explore,,7920f969-3a00-44d0-987a-3ad59c813a4a,4/26/2022 7:30:14 AM,Nicole.Hamre_UWA,4/26/2022 7:30:14 AM,Nicole.Hamre_UWA,No,,121.871131362737,-34.0625078571715
249,ac2879d5-6a34-4cd7-8637-a112a8386693,Boat,,Demersal,Both,10:30,13:00,30,1,2,0,Nanny ,LowCatch,,be760570-a026-4a5e-af8c-992baa5c8db6,4/26/2022 7:30:14 AM,Nicole.Hamre_UWA,4/26/2022 7:30:14 AM,Nicole.Hamre_UWA,No,,122.091585289763,-34.0091189525541
250,5cbbcd1c-7eac-4435-a3eb-a1ad2defc165,Boat,,Demersal,Both,11:30,13:00,12,4,20,0,"Flat head , whiting, squid",ActivityChange,,79ffccff-81a2-4cb5-be78-ab734c2ee279,4/26/2022 7:30:14 AM,Nicole.Hamre_UWA,4/26/2022 7:30:14 AM,Nicole.Hamre_UWA,No,No,121.966603586192,-34.0609584489323
251,8ca182d2-e573-4842-803d-3d246d00d7c4,Boat,,Casting,Bait,09:00,12:30,4,0,7,0,,EndOfDay,,7a07dfc6-3a8b-4a45-bc5b-c9ff8bcc5acb,4/26/2022 7:30:14 AM,Nicole.Hamre_UWA,4/26/2022 7:30:14 AM,Nicole.Hamre_UWA,No,,121.865673853044,-33.8842205275233
252,213b89b9-a061-46d6-9d81-1da2454e2854,Boat,,Demersal,Bait,08:00,09:30,70,24,30,0,"Nanny, black ass, sanmpson fish ",EndOfDay,,b4008b35-1001-48ca-910c-1b84606b160a,4/26/2022 7:30:14 AM,Nicole.Hamre_UWA,4/26/2022 7:30:14 AM,Nicole.Hamre_UWA,No,,121.365968105168,-34.048827608781
253,048fab52-81c6-4cb1-936f-af8371ca17e3,Boat,,Demersal,Bait,08:30,13:0,50,4,9,0,"Black ass, hardly ",EndOfDay,Not enough fish ,0d987b42-1eb4-48d2-8f06-f18756cd6484,4/26/2022 7:30:14 AM,Nicole.Hamre_UWA,4/26/2022 7:30:14 AM,Nicole.Hamre_UWA,Other,,121.927366294781,-34.1387183966668
254,398b4e99-903b-4496-bc49-a98d270e0957,Boat,,Demersal,Both,07:30,13:00,70,15,7,0,"Nanny. Black ass, squid, whiting ",Weather,,571a956b-06c9-4929-a9ce-06ae90b5b75e,4/26/2022 7:30:14 AM,Nicole.Hamre_UWA,4/26/2022 7:30:14 AM,Nicole.Hamre_UWA,No,,121.65134660963,-34.0102906215622
255,20c6cf7d-2c3a-4641-9e8d-44847c499600,Boat,,Demersal,Bait,08:30,13:30,30,4,6,0,"Nanny snapper, coral trout",EndOfDay,,5a8847da-64de-4da7-b37b-af6a2413c164,4/26/2022 7:30:14 AM,Nicole.Hamre_UWA,4/26/2022 7:30:14 AM,Nicole.Hamre_UWA,No,,121.949496512791,-33.9005291382841
256,bba47f52-25b3-4f74-b0dd-259d4c45790a,Boat,,Demersal,Bait,08:30,13:00,75,15,20,0,Nanny,EndOfDay,,fd4f6f1d-75b5-415f-9c0f-c572c81443ec,4/26/2022 7:30:14 AM,Nicole.Hamre_UWA,4/26/2022 7:30:14 AM,Nicole.Hamre_UWA,No,,121.35957898683,-34.0491727165131
257,e7531437-45e3-42c1-8e38-8412bd1759ff,Boat,,Demersal,Bait,07:30,13:30,50,6,4,0,"Nanny, black ass, sea sweep",ActivityChange,,95cac044-624a-46bd-ab1c-21bf9f244e1f,4/26/2022 7:30:14 AM,Nicole.Hamre_UWA,4/26/2022 7:30:14 AM,Nicole.Hamre_UWA,Conditions,,121.872160099027,-33.9320008301905
258,bd02c618-9921-4485-8ca4-b4f976187273,Boat,,Demersal,Bait,10:00,13:30,20,10,20,0,"Gummy, nanny, black ass, queen, harlequin ",EndOfDay,,0da5921e-b80c-4e72-8ef0-95b56e1996de,4/26/2022 7:30:14 AM,Nicole.Hamre_UWA,4/26/2022 7:30:14 AM,Nicole.Hamre_UWA,No,,121.793539100695,-33.928178309026
259,b5d87152-43d2-4885-9615-53c5a6d25bcd,Boat,,Demersal,Bait,06:45,11:00,70,24,12,0,Nanny ,EndOfDay,,d6473895-85c8-4289-a587-75778a2bc818,4/26/2022 7:30:14 AM,Nicole.Hamre_UWA,4/26/2022 7:30:14 AM,Nicole.Hamre_UWA,No,,121.982778508366,-34.1449570240019
260,7c3badaa-8eb8-4e4e-89cd-1c76bc4668b2,Boat,,Demersal,Both,09:0,13:00,35,9,20,0,"Nanny, swallowtail ",Weather,,2ebf3341-ac4f-49de-a30c-0d9f8cdbbb4f,4/26/2022 7:30:14 AM,Nicole.Hamre_UWA,4/26/2022 7:30:14 AM,Nicole.Hamre_UWA,No,,122.111469676444,-34.0261498076184
261,23152f3e-9ecc-4e7c-bc0d-60d49739cd0d,Boat,,Demersal,Both,06:30,13:00,80,15,2,2,"Nanny, black ass , queen, sweep",EndOfDay,,175871f0-e754-4315-81b1-aa16c975b9a9,4/26/2022 7:30:14 AM,Nicole.Hamre_UWA,4/26/2022 7:30:14 AM,Nicole.Hamre_UWA,No,,121.840932214537,-34.2497000748033
262,f3669da2-3f16-4aa9-9692-ac179c47f32c,Boat,,Demersal,Both,10:30,14:30,48,0,1,0,0,Weather,Low catch there,688cdbd5-2846-4784-b68f-45ee033b0892,4/26/2022 7:30:14 AM,Nicole.Hamre_UWA,4/26/2022 7:30:14 AM,Nicole.Hamre_UWA,Other,,121.955985365685,-33.9161326836378
263,56adecd6-71fb-4139-91e2-b597d64c0770,Boat,,Demersal,Both,08:00,12:00,180,30,5,0,"Nanny, pink snapper, queen snapper, black ass, blue fin tuna, giant the ally, sea sweep ",BagLimit,,61b4b435-05e2-402b-b802-c4130b3b06ab,4/26/2022 7:30:14 AM,Nicole.Hamre_UWA,4/26/2022 7:30:14 AM,Nicole.Hamre_UWA,Conditions,,121.764018940509,-34.5076828073802
264,1adc2f92-3f14-4e68-a2ca-ea383a339768,Boat,,Demersal,Bait,09:00,13:00,90,3,5,0,"Nanny, ",EndOfDay,,8ae68bcd-b937-4dcb-88f9-fa2d7b7b7253,4/26/2022 7:30:14 AM,Nicole.Hamre_UWA,4/26/2022 7:30:14 AM,Nicole.Hamre_UWA,No,,123.304317145057,-34.5373950994373
265,14e17438-3700-45c3-ac6f-d187e8e7dc1c,Boat,4/15/2022 8:02:47 AM,Demersal,Both,07:30,14:00,80,20,6,1,"Skippy, sweep, nanny, yellow jacket, yellow tail king fish ",ActivityChange,,2fecf0d1-6e2c-4d66-bfc2-2f412aafde66,4/26/2022 7:30:14 AM,Nicole.Hamre_UWA,4/26/2022 7:30:14 AM,Nicole.Hamre_UWA,No,,122.221501261324,-34.3813824430247
266,6a4a6782-1694-4116-a96a-ec8ccc27776e,Boat,,Demersal,Bait,07:30,15:00,60,20,10,1,"Nanny, black ass, Harley, Fox fish, whisker shark ",EndOfDay,,3b48d4c9-c243-4415-88d0-84695b81a58d,4/26/2022 7:30:14 AM,Nicole.Hamre_UWA,4/26/2022 7:30:14 AM,Nicole.Hamre_UWA,No,,121.877341987624,-34.0489255418944
267,6c90b398-cd00-4f55-b737-74f0f190422c,Boat,,Casting,Bait,08:15,09:30,10,7,7,0,"Herring, mackerel ",ActivityChange,,9fb6fc0c-aa87-470d-b29c-80607ebd5ede,4/26/2022 7:30:14 AM,Nicole.Hamre_UWA,4/26/2022 7:30:14 AM,Nicole.Hamre_UWA,No,,121.940461095068,-33.9397129533968
268,323b6228-c942-4f03-b824-d68869617b0c,Boat,,Casting,Bait,08:00,09:00,10,0,30,0,,LowCatch,,879d438b-ab37-4ff0-9a5c-e01994adaff1,4/26/2022 7:30:14 AM,Nicole.Hamre_UWA,4/26/2022 7:30:14 AM,Nicole.Hamre_UWA,Other,,122.000904724051,-33.8378752209858
269,323b6228-c942-4f03-b824-d68869617b0c,Boat,,Casting,Bait,10:00,11:00,15,1,100,0,Queens ,EndOfDay,Seal took the line ,0bd03e30-f9d8-47b8-a247-7bf51f674eae,4/26/2022 7:30:14 AM,Nicole.Hamre_UWA,4/26/2022 7:30:14 AM,Nicole.Hamre_UWA,Other,,121.959775523159,-33.8413501966656
270,c73f7be9-ca48-47a5-aa44-065982c0eb7d,Boat,,Demersal,Bait,06:30,10:30,160,10,2,0,"Nanny, ",Weather,,446ada4c-64de-4d39-868c-662fcccbe812,4/26/2022 7:30:14 AM,Nicole.Hamre_UWA,4/26/2022 7:30:14 AM,Nicole.Hamre_UWA,No,,121.794113814966,-33.9136564466434
271,abc2bf10-e1b6-48eb-a07a-e0083f3e0c5a,Boat,,Trolling,Lure,08:00,11:00,3,6,0,0,Pike ,EndOfDay,,61dd0806-9af3-45d9-bf84-5058e09db6e8,4/26/2022 7:30:14 AM,Nicole.Hamre_UWA,4/26/2022 7:30:14 AM,Nicole.Hamre_UWA,No,,122.021066412574,-33.9682474357716
272,dbff0c9f-3ba8-4702-aa67-6090927e3107,Boat,,Casting,Bait,08:45,12:14,15,30,2,0,Whiting ,BagLimit,,b5847e26-fc90-4123-a045-fd9d4d4b427a,4/26/2022 7:30:14 AM,Nicole.Hamre_UWA,4/26/2022 7:30:14 AM,Nicole.Hamre_UWA,No,,121.793548424309,-33.9127508702712
273,524696e0-82ea-4c76-a245-6260f653b258,Boat,,Casting,Lure,12:00,13:00,10,0,0,0,,ActivityChange,Jet ski ,cff61e72-bc8a-456b-a8ad-03c6c00641f2,4/26/2022 7:30:14 AM,Nicole.Hamre_UWA,4/26/2022 7:30:14 AM,Nicole.Hamre_UWA,No,,121.933539485074,-33.8368306378819
274,0b70c41f-1e32-4c3d-9ae2-a5967b98c950,Boat,,Casting,Both,10:30,14:45,5,15,2,0,Herring,EndOfDay,,af6e103b-51fe-438b-900e-c33cb63ed662,4/26/2022 7:30:14 AM,Nicole.Hamre_UWA,4/26/2022 7:30:14 AM,Nicole.Hamre_UWA,No,,121.90233853028,-33.9198846118689
275,af150a0d-d6d4-4cd9-baf3-cf637838d775,Boat,,Casting,Bait,11:30,13:30,4,6,3,0,Herring ,EndOfDay,,89d8f352-5358-49e6-bbb0-7d9a4bfee700,4/26/2022 7:30:14 AM,Nicole.Hamre_UWA,4/26/2022 7:30:14 AM,Nicole.Hamre_UWA,No,,121.937291202739,-33.8633903585175
276,b0124cf8-94eb-4708-b39d-a720e778334e,Boat,,Demersal,Bait,08:00,12:00,80,26,10,0,"Nanny, black add",BagLimit,,29f41370-83a1-48dc-a0b1-672d5ff55b37,4/26/2022 7:30:14 AM,Nicole.Hamre_UWA,4/26/2022 7:30:14 AM,Nicole.Hamre_UWA,No,,121.835373990226,-34.2481914484573
277,ab7d3d77-cbdf-4630-99a4-54130dc2e359,Boat,4/16/2022 6:20:25 AM,Demersal,Bait,09:30,13:00,30,12,15,0,"Queen’s, nanny, black ass, ",EndOfDay,,fe7069a5-c352-4733-a652-e3f2d2aa15b1,4/26/2022 7:30:14 AM,Nicole.Hamre_UWA,4/26/2022 7:30:14 AM,Nicole.Hamre_UWA,No,,122.14230716479,-34.0350048523992
278,b7ae74c4-3b39-4d96-a367-269dac4049d6,Boat,,Casting,Bait,11:00,14:00,9,12,6,0,"Leatherjacket, herring , king George whiting ",EndOfDay,,8dbe7e9a-a429-4ad4-8227-ef71e8cde795,4/26/2022 7:30:14 AM,Nicole.Hamre_UWA,4/26/2022 7:30:14 AM,Nicole.Hamre_UWA,No,,121.946470480264,-33.8612125906488
279,26a14717-2139-45ea-a7aa-95f0b2df441e,Boat,,Demersal,Both,06:00,14:00,40,4,2,0,"Nanny, ",Weather,,fe92b0b1-75fe-497c-8945-991566de2759,4/26/2022 7:30:14 AM,Nicole.Hamre_UWA,4/26/2022 7:30:14 AM,Nicole.Hamre_UWA,No,,121.934122496185,-34.1373824948168
280,c6e12dee-dd3f-4472-a9e2-b6111b582c47,Boat,,Demersal,Both,08:00,14:00,70,12,20,0,"Black ass, nanny, ",EndOfDay,,0d3a75e1-062c-42ce-8bfa-fee81faf3749,4/26/2022 7:30:14 AM,Nicole.Hamre_UWA,4/26/2022 7:30:14 AM,Nicole.Hamre_UWA,No,,122.038731369412,-34.1868242679572
281,5ed0faf2-4356-4a17-b4a2-c5fdef7ce010,Boat,,Demersal,Bait,07:30,13:00,97,32,40,0,"Nanny, black ass , yellow tail king fish ",EndOfDay,,66f35227-0804-4645-b7bd-cffac9dbb90a,4/26/2022 7:30:14 AM,Nicole.Hamre_UWA,4/26/2022 7:30:14 AM,Nicole.Hamre_UWA,No,,121.982050295369,-34.4735997078764
282,09dce737-8229-429b-9430-4a4b31f4b19f,Boat,,Demersal,Bait,09:00,15:00,40,22,5,0,"Whiting, ",EndOfDay,,0161d323-f4be-47a0-b80e-5496f551d8e1,4/26/2022 7:30:14 AM,Nicole.Hamre_UWA,4/26/2022 7:30:14 AM,Nicole.Hamre_UWA,Expectations,,121.874400097595,-33.9193147421327
283,51b63e4e-f91d-4110-b527-e5895b154122,Boat,,Casting,Bait,11:00,15:00,18,30,4,0,Whiting ,EndOfDay,,af82e5a7-5168-4ffd-8723-984b0831fd9e,4/26/2022 7:30:14 AM,Nicole.Hamre_UWA,4/26/2022 7:30:14 AM,Nicole.Hamre_UWA,No,,121.788909390333,-33.9088700694497
284,2554bb3d-b172-4e0a-a31f-f0aefb0fe636,Boat,,Trolling,Both,13:30,15:45,3,0,0,0,,ActivityChange,,b8595975-c13f-4716-8635-2280ffcfeeba,4/26/2022 7:30:14 AM,Nicole.Hamre_UWA,4/26/2022 7:30:14 AM,Nicole.Hamre_UWA,No,,121.792870117218,-33.9117187153712
285,cfc1c208-99ea-400c-a44e-59f7568436c9,Boat,,Squidding,Lure,07:30,09:30,6,5,0,0,Squid,Weather,,c4541636-f10c-432e-9c86-76b3e373f170,4/26/2022 7:30:14 AM,Nicole.Hamre_UWA,4/26/2022 7:30:14 AM,Nicole.Hamre_UWA,No,No,121.903708170034,-33.8639506043582
286,35a2d570-aa32-4742-8780-ce1936174f5e,Boat,,Casting,Lure,08:00,10:15,0,23,50,0,Herring,EndOfDay,,9033853d-c618-4cfa-bb10-ebc6ac3f0f8f,4/26/2022 7:30:14 AM,Nicole.Hamre_UWA,4/26/2022 7:30:14 AM,Nicole.Hamre_UWA,No,No,121.903445276269,-33.8538342923372
287,c5e9ba25-e6a4-4bd1-a85b-93aa29e204cf,Boat,,Demersal,Bait,06:00,10:30,60,2,2,0,Queen snapper,Weather,,d1a9cda0-1f20-44e4-a001-83b0a100b635,4/26/2022 7:30:14 AM,Nicole.Hamre_UWA,4/26/2022 7:30:14 AM,Nicole.Hamre_UWA,No,No,121.686529666721,-33.9541184468304
288,78da4ac9-7a19-456c-9efd-70a2827639d8,Boat,,Squidding,Lure,10:00,12:00,16,0,1,0,,EndOfDay,,a55faae5-bbb1-4ed1-ae97-67f44828ec8c,4/26/2022 7:30:14 AM,Nicole.Hamre_UWA,4/26/2022 7:30:14 AM,Nicole.Hamre_UWA,No,No,121.901460531294,-33.8625599120713
289,4c47c3d8-0f8a-42f9-b444-e80c9fe0912f,Boat,,Demersal,Bait,08:30,11:00,75,14,8,0,"Nanny 13, 1 breaksea",Weather,,196261ca-b6b6-4526-9fcc-7606f63a782b,4/26/2022 7:30:14 AM,Nicole.Hamre_UWA,4/26/2022 7:30:14 AM,Nicole.Hamre_UWA,No,No,121.485064291339,-33.9660090030943
290,0a746c95-eb73-45c3-a5be-338f291883ee,Boat,,Squidding,Bait,10:00,12:00,8,7,2,0,"5 Herring, squid 2",EndOfDay,,5b787889-2d53-46cc-be8d-f2318e62324f,4/26/2022 7:30:14 AM,Nicole.Hamre_UWA,4/26/2022 7:30:14 AM,Nicole.Hamre_UWA,No,No,121.905388306178,-33.8664585625663
291,1965dc34-c1dd-4374-8faa-82abdb43cb46,Boat,,Casting,Both,07:00,09:00,8,0,0,0,,ActivityChange,,14963d07-6615-4788-b160-a676e674cd1d,4/26/2022 7:30:14 AM,Nicole.Hamre_UWA,4/26/2022 7:30:14 AM,Nicole.Hamre_UWA,No,No,121.90628291681,-33.8592178774988
292,1965dc34-c1dd-4374-8faa-82abdb43cb46,Boat,,Trolling,Lure,10:00,12:30,0,25,12,0,Herring,Weather,,7b6af82f-3b19-4605-8cd6-f08952cdcca1,4/26/2022 7:30:14 AM,Nicole.Hamre_UWA,4/26/2022 7:30:14 AM,Nicole.Hamre_UWA,No,No,121.906231098391,-33.862474500411
293,467cd45a-dd62-49e6-a272-cb9ff2b1c2cd,Boat,,Casting,Both,11:00,13:15,0,5,10,0,Herring,EndOfDay,,a3089541-6480-42f5-b78b-b93e89a0b953,4/26/2022 7:30:14 AM,Nicole.Hamre_UWA,4/26/2022 7:30:14 AM,Nicole.Hamre_UWA,No,No,121.897468341815,-33.8676482092969
294,fd180512-d4b4-4d2c-b9b7-ffb78dc1a633,Boat,4/18/2022 12:43:41 AM,Trolling,Lure,14:00,18:00,0,8,0,0,"Herring, squid, garfish",EndOfDay,"Around ram island, stayed night at ram and came back this morning",135b05bf-7de9-4b71-a36b-72a6ef8205f8,4/26/2022 7:30:14 AM,Nicole.Hamre_UWA,4/26/2022 7:30:14 AM,Nicole.Hamre_UWA,No,No,122.133256667947,-34.033674775441
295,e2d541f3-587c-40ef-9330-3c34f5d52444,Boat,,Demersal,Bait,07:00,09:30,30,6,10,0,"Harlequin, nannaguy",Weather,,e719dda3-2bb7-4db5-a2e3-ce6014f6c426,4/26/2022 7:30:14 AM,Nicole.Hamre_UWA,4/26/2022 7:30:14 AM,Nicole.Hamre_UWA,No,No,121.990759725255,-34.0518107093563
296,13c582eb-cb2a-4399-9532-923b3e14fcaf,Boat,,Demersal,Bait,06:00,12:40,75,24,3,0,"Red snapper. Black ass, swallowtail ",BagLimit,,b14eacb6-d91e-49fe-990d-ebf73ee2ffaa,4/26/2022 7:30:14 AM,Nicole.Hamre_UWA,4/26/2022 7:30:14 AM,Nicole.Hamre_UWA,Conditions,,121.601709613802,-34.0263028172306
297,60bf6d99-857d-4210-852f-dc3456d4236d,Boat,4/19/2022 5:38:29 AM,Demersal,Bait,08:00,12:00,60,20,10,0,"Nanny’s, black arise, queenie ",EndOfDay,,3bf914c4-1f9b-4dfb-a552-7524bf9abf7a,4/26/2022 7:30:14 AM,Nicole.Hamre_UWA,4/26/2022 7:30:14 AM,Nicole.Hamre_UWA,No,No,121.696329482479,-34.0071642630844
