exGUID,# Is this a boat based or shore based activity?,"If RECALL, what date did they go fishing?",What type of fishing did you do?,Did you use bait or lure?,What time did you START fishing at this site?,What time did you STOP fishing at this site?,What was your maximum hook depth (m) at this site?,Number of fish kept undamaged at this site?,How many fish did you release at this site?,How many shark bite offs did you get at this site?,What species of fish did you keep? ,Why did you leave this site?,Did anything detract from your experience at this site?,"If of Aboriginal or Torres Strait Islander origin, was this activity undertaken for a customary purpose?",Comments,GlobalID,created_user,created_date,last_edited_user,last_edited_date,x,y
2bc857c7-e7e1-4276-80c5-8e07fae4c1bf,Boat,,Demersal,Bait,8:00,10:00,30,2,4,0,"Nanny, queenie ",EndOfDay,No,,,fd7e43ed-4072-4b3b-b3ae-1f6c5c52d356,Nicole.Hamre_UWA,4/20/2022 3:24:00 AM,Nicole.Hamre_UWA,4/20/2022 3:24:00 AM,122.2343283,-34.00855025
2d99b2bc-9cbf-44b5-aa40-827e88f53f1a,Boat,4/20/2022 5:02:38 AM,Casting,Both,9:15,12:00,10,14,2,0,"Herring, squid ",Weather,No,,,2f692b4c-4b72-4687-a4f6-ccf849a04d91,Nicole.Hamre_UWA,4/20/2022 5:03:37 AM,Nicole.Hamre_UWA,4/20/2022 5:03:37 AM,121.904153,-33.92054626
934945f3-79e9-482d-a363-6ab9d499fb65,Boat,,Trolling,Lure,10:00,12:45,45,0,2,0,,EndOfDay,No,,,d35afdad-d09a-40a4-8b2b-7ad2e26ebe6f,Nicole.Hamre_UWA,4/20/2022 5:09:02 AM,Nicole.Hamre_UWA,4/20/2022 5:09:02 AM,121.9019375,-33.91889747
8c7d2a0a-56c0-4f53-b19b-8a22b70dc03c,Boat,,Demersal,Both,8:00,11:30,40,6,3,0,"Queen’s, black ass ",ActivityChange,BadConditions,,,54134088-5d47-4458-9c56-455cdece0c22,Nicole.Hamre_UWA,4/20/2022 5:46:27 AM,Nicole.Hamre_UWA,4/20/2022 5:46:27 AM,122.0119304,-33.9684136
d15dace8-87a0-4972-9774-08afc83abe75,Boat,,Demersal,Bait,9:30,13:15,40,3,10,0,Whiting ,Weather,BadConditions,,,09a29bf2-6663-443e-baf9-a53d071f78bb,Nicole.Hamre_UWA,4/20/2022 5:50:39 AM,Nicole.Hamre_UWA,4/20/2022 5:50:39 AM,121.9974455,-33.83448748
a5443cb9-e2d4-4fd0-a8bf-33700aefba76,Boat,,Casting,Lure,7:00,13:00,60,14,10,0,"Sandbo, blue grouper, harly, blue fin tuna, blackass, ",EndOfDay,BadConditions,,,a8c195c9-593b-42b8-84d0-dfd8e701ef90,Nicole.Hamre_UWA,4/20/2022 6:24:44 AM,Nicole.Hamre_UWA,4/20/2022 6:24:44 AM,122.2465956,-34.15972751
26b39f16-4154-4203-a416-84d057d5ae42,Boat,,Demersal,Lure,14:00,16:15,10,0,2,0,,EndOfDay,No,NA,,cae5df93-364b-4b35-b310-d6ae6f0c163d,Nicole.Hamre_UWA,4/9/22 8:49,Nicole.Hamre_UWA,4/9/22 8:49,121.9626144,-33.85274293
e1e791c4-667d-4050-8b2d-cbabc1763c8f,Boat,,Casting,Lure,10:00,12:00,0,12,0,0,Herring,ActivityChange,No,No,,af31f005-ab2c-4af5-9803-df664244f198,Nicole.Hamre_UWA,4/10/22 4:49,Nicole.Hamre_UWA,4/10/22 4:49,121.8987053,-33.86619203
e1e791c4-667d-4050-8b2d-cbabc1763c8f,Boat,,Squidding,Both,12:00,12:30,15,2,0,0,Squid,EndOfDay,No,No,,eda7f001-f910-48a5-9ea6-db3146a00bf2,Nicole.Hamre_UWA,4/10/22 4:51,Nicole.Hamre_UWA,4/10/22 4:51,121.9166495,-33.86475079
c083df05-2a1b-4eaa-8e8b-78be6d6d23b8,Boat,,Trolling,Lure,11:30,12:30,0,0,0,0,,EndOfDay,No,No,,08b9b28e-effe-4ccd-87e4-b3f4e75abd21,Nicole.Hamre_UWA,4/10/22 4:58,Nicole.Hamre_UWA,4/10/22 5:00,121.8767169,-33.97286974
976f4ce1-e494-4fac-b6b6-911d85b7b5a5,Boat,,Squidding,Lure,10:30,14:00,10,8,5,0,Squid,Weather,No,No,,1f138cef-fc3b-427d-8d4a-a9ff28c3ef96,Nicole.Hamre_UWA,4/10/22 6:01,Nicole.Hamre_UWA,4/10/22 6:01,121.9050694,-33.86263108
54703c2d-4c59-4618-a1ee-7ad7b0f50230,Boat,,Casting,Lure,13:45,14:00,0,0,0,0,,Weather,No,No,,aa295eef-5c6b-4f20-ad80-129e3ca36da3,Nicole.Hamre_UWA,4/10/22 6:06,Nicole.Hamre_UWA,4/10/22 6:06,121.9109272,-33.85794074
515fda98-1290-4874-a430-5adc406f105c,Boat,,Squidding,Lure,12:30,14:30,4,2,0,0,"Squid, cattle",Weather,No,No,,1ac082ca-8a0d-4a60-b865-bb744a94f950,Nicole.Hamre_UWA,4/10/22 6:56,Nicole.Hamre_UWA,4/10/22 6:56,121.9061132,-33.84990498
eb5c27c5-13a8-4da9-b4c3-a82b60c20e89,Boat,,Squidding,Lure,5:45,8:00,13,0,0,0,,EndOfDay,No,No,,4ab2f8c5-4dea-42c4-9a90-65642b52b82f,Nicole.Hamre_UWA,4/15/2022 12:20:55 AM,Nicole.Hamre_UWA,4/15/2022 12:20:55 AM,121.9026484,-33.85175305
7fa98aa1-9948-4ea6-bb8f-2f6d6907102a,Boat,,Demersal,Bait,7:00,8:00,45,2,3,0,"Nannagui, sweep",Necessity,No,No,,09a2de9c-9a74-4a94-9efd-31747c597d80,Nicole.Hamre_UWA,4/15/2022 1:11:04 AM,Nicole.Hamre_UWA,4/15/2022 1:11:04 AM,122.026012,-33.99328671
64d1ee1c-84a1-4002-9461-4a50b3eb7103,Boat,,Demersal,Bait,6:00,9:00,40,3,2,0,"Nannagui, black arse, blue fin tuna",Necessity,No,No,,c17d6dac-72de-43b1-b3db-81fe42d571d9,Nicole.Hamre_UWA,4/15/2022 1:19:11 AM,Nicole.Hamre_UWA,4/15/2022 1:19:11 AM,121.8893814,-33.92095309
db148d33-be9c-40bf-b12a-8e7d98c840ac,Boat,,Squidding,Lure,7:00,8:00,6,0,1,0,,LowCatch,No,No,,7a29f9ed-70ef-441e-965c-27aac20b63ff,Nicole.Hamre_UWA,4/15/2022 1:56:09 AM,Nicole.Hamre_UWA,4/15/2022 1:56:09 AM,121.897776,-33.86363511
db148d33-be9c-40bf-b12a-8e7d98c840ac,Boat,,Trolling,Lure,8:30,9:30,0,2,0,0,Herring,EndOfDay,No,No,,082ab2a4-696d-4352-a915-5bf99cc703c7,Nicole.Hamre_UWA,4/15/2022 1:57:23 AM,Nicole.Hamre_UWA,4/15/2022 1:57:23 AM,121.9289386,-33.85955643
48a5e583-8e0a-4224-ba44-44f105847073,Boat,,Casting,Lure,9:00,11:00,0,0,5,0,,EndOfDay,No,No,Inshore fishing released herring,2123b7b0-8c90-40e4-8216-0a4de3d71d91,Nicole.Hamre_UWA,4/15/2022 2:59:54 AM,Nicole.Hamre_UWA,4/15/2022 3:03:14 AM,121.915405,-33.86849719
f9ba50eb-3783-4575-8621-eb242d578984,Boat,,Demersal,Bait,8:30,11:00,22,0,10,0,,ActivityChange,No,No,,5f3e9d40-bc02-44f4-ab0b-ddb3302b2988,Nicole.Hamre_UWA,4/15/2022 3:14:43 AM,Nicole.Hamre_UWA,4/15/2022 3:14:43 AM,121.8955413,-33.91051483
f9ba50eb-3783-4575-8621-eb242d578984,Boat,,Trolling,Lure,11:00,11:15,0,0,0,0,,EndOfDay,No,No,,ca6cf232-e475-45a8-81d5-3d362c71220b,Nicole.Hamre_UWA,4/15/2022 3:15:46 AM,Nicole.Hamre_UWA,4/15/2022 3:15:46 AM,121.9309995,-33.88065978
c1269ca1-4178-4f9f-8eeb-6a3963ad05f6,Boat,,Demersal,Bait,7:00,11:15,16,35,15,0,"2squid, 2 flat head, 25 sand whiting, 6 herring",EndOfDay,No,No,,1cb3619d-de54-4145-9475-c2060ca5a37f,Nicole.Hamre_UWA,4/15/2022 3:29:08 AM,Nicole.Hamre_UWA,4/15/2022 3:31:28 AM,121.8536336,-33.90701565
e17a1455-fb18-498c-a7d1-ff8bd6ca5af0,Boat,,Trolling,Lure,7:00,9:00,0,0,0,0,,ActivityChange,No,No,,b09a26cc-b572-4764-8262-82f6a84308cd,Nicole.Hamre_UWA,4/15/2022 4:03:49 AM,Nicole.Hamre_UWA,4/15/2022 4:03:49 AM,121.9057708,-33.94446661
e17a1455-fb18-498c-a7d1-ff8bd6ca5af0,Boat,,Demersal,Bait,9:30,11:00,30,0,2,0,,ActivityChange,No,No,,f80f0de1-bf0c-4fb2-8db6-404152894ef5,Nicole.Hamre_UWA,4/15/2022 4:04:55 AM,Nicole.Hamre_UWA,4/15/2022 4:04:55 AM,122.0261524,-33.88434431
e17a1455-fb18-498c-a7d1-ff8bd6ca5af0,Boat,,Casting,Lure,11:30,12:00,4,1,6,0,0,EndOfDay,No,No,,78e29f2c-9041-43c4-86c5-53482be7b43a,Nicole.Hamre_UWA,4/15/2022 4:06:00 AM,Nicole.Hamre_UWA,4/15/2022 4:06:00 AM,121.9000769,-33.8651627
e58ec471-186b-4132-a04a-8f9764d757de,Boat,,Demersal,Bait,6:30,11:00,43,4,10,0,"2queenie, 2 breaksea",EndOfDay,No,No,,8bb6d9c5-1cc1-4955-be1b-c46d96fd7e65,Nicole.Hamre_UWA,4/15/2022 4:45:32 AM,Nicole.Hamre_UWA,4/15/2022 4:45:32 AM,121.8794528,-33.92705816
73f69097-9ede-4ca1-92b9-79470a32c70b,Boat,,Squidding,Lure,9:00,12:00,9,1,0,0,Squid,LowCatch,No,No,,82a0220c-003a-49e1-b087-8adfd4d88be8,Nicole.Hamre_UWA,4/15/2022 4:54:28 AM,Nicole.Hamre_UWA,4/15/2022 4:54:28 AM,121.9067544,-33.88317332
73f69097-9ede-4ca1-92b9-79470a32c70b,Boat,,Casting,Bait,12:00,12:45,3,0,0,0,,EndOfDay,No,No,,22c491c6-a07a-4cd1-8121-4d86c7024db5,Nicole.Hamre_UWA,4/15/2022 4:55:41 AM,Nicole.Hamre_UWA,4/15/2022 4:55:41 AM,121.9006816,-33.86931982
7c5c128c-b06b-4385-9f1e-d2fe71ed945c,Boat,,Demersal,Bait,8:30,11:45,70,9,1,0,"Nanny, swallowtail, gummy shark",EndOfDay,No,No,,9a112a7b-9f9e-43be-8a42-78213ba74a00,Nicole.Hamre_UWA,4/15/2022 5:02:45 AM,Nicole.Hamre_UWA,4/15/2022 5:02:45 AM,121.8258337,-34.06592499
b41919e2-ae6e-453a-83c9-33b4c12b6503,Boat,,Demersal,Bait,10:00,13:00,8,10,20,0,"6herring, 2 rock cod, 4 leather jacket",Weather,No,No,,2d51efd5-f02f-4b2f-98e6-9ede16a4dc56,Nicole.Hamre_UWA,4/15/2022 5:30:09 AM,Nicole.Hamre_UWA,4/15/2022 5:30:09 AM,121.9022225,-33.8828743
05f2e315-4391-48ab-8db9-4d40ff60db73,Boat,,Demersal,Both,10:30,13:45,30,0,10,0,,Weather,No,No,,a77c2604-d5ce-48b1-afcb-4e4460a3e211,Nicole.Hamre_UWA,4/15/2022 5:49:27 AM,Nicole.Hamre_UWA,4/15/2022 5:49:27 AM,121.9057597,-33.89074415
bdc2ce8d-33f5-4fad-882b-c1f26feab2a2,Boat,,Trolling,Lure,9:00,10:00,0,0,0,0,,ActivityChange,No,No,,7ec44fb2-4daf-4d51-aeab-64a66a3011ca,Nicole.Hamre_UWA,4/15/2022 5:54:21 AM,Nicole.Hamre_UWA,4/15/2022 5:54:21 AM,121.8878792,-33.93688474
bdc2ce8d-33f5-4fad-882b-c1f26feab2a2,Boat,,Casting,Bait,10:00,12:00,10,18,1,0,"12herrung, 6 whiting, 1 squid",EndOfDay,No,No,,7660f56d-a1fa-42fb-aea9-567f9ccd5623,Nicole.Hamre_UWA,4/15/2022 5:55:42 AM,Nicole.Hamre_UWA,4/15/2022 5:55:42 AM,121.8153688,-33.90062185
93ac8506-1f4e-42c0-bb67-e380b930d591,Boat,,Casting,Both,10:00,10:15,20,6,0,0,Herring,LowCatch,No,No,,e4459a55-4cca-452d-a613-b5775e1597c3,Nicole.Hamre_UWA,4/15/2022 6:20:00 AM,Nicole.Hamre_UWA,4/15/2022 6:20:00 AM,121.9116701,-33.88029885
93ac8506-1f4e-42c0-bb67-e380b930d591,Boat,,Casting,Both,10:30,13:00,20,10,6,0,"Herring, sand whiting, flathead",ActivityChange,No,No,,8f8adb0c-1820-4d1d-95ea-7209cfca90ee,Nicole.Hamre_UWA,4/15/2022 6:21:26 AM,Nicole.Hamre_UWA,4/15/2022 6:21:26 AM,121.8645178,-33.8848495
93ac8506-1f4e-42c0-bb67-e380b930d591,Boat,,Casting,Bait,13:45,14:15,4,5,0,0,"King George, herring",EndOfDay,No,No,,9f507710-18f4-47c1-9995-57d675ff7586,Nicole.Hamre_UWA,4/15/2022 6:22:34 AM,Nicole.Hamre_UWA,4/15/2022 6:22:34 AM,121.8961108,-33.86523591
8601227a-74a9-457e-9ea5-0c9fc50db8c6,Boat,,Demersal,Both,7:00,14:15,40,14,3,0,"Break sea [8], 4 quuenines, 1 grouper, 1 yellow tail kingfish",EndOfDay,No,No,,06dd3f89-1c09-433f-8eae-d010a12b9770,Nicole.Hamre_UWA,4/15/2022 6:33:42 AM,Nicole.Hamre_UWA,4/15/2022 8:11:46 AM,121.9005691,-33.92944054
57df5131-7667-474a-99af-658a3ba21da7,Boat,,Casting,Lure,10:00,11:00,30,8,2,0,Herring,EndOfDay,No,No,,adcdddc9-8127-464f-aea3-0a2e47dc5f79,Nicole.Hamre_UWA,4/15/2022 7:27:25 AM,Nicole.Hamre_UWA,4/15/2022 7:27:25 AM,122.0184467,-33.98884506
5af31222-4c9f-4522-98a5-34255387ccea,Boat,,Demersal,Both,7:00,15:00,75,40,50,2,"Nanny, breaksea cod, blue grouper, yellow tail king fish",EndOfDay,No,No,,d42c7fd6-c277-4e61-ad53-a78f40095798,Nicole.Hamre_UWA,4/15/2022 8:39:43 AM,Nicole.Hamre_UWA,4/15/2022 8:39:43 AM,122.2003226,-34.34522388
3d2cb882-be3a-4ae5-9836-6ba64e411968,Boat,,Demersal,Bait,9:00,11:00,50,8,2,0,"Breaksea cod, harekwuien, mulloway, swallow tail",EndOfDay,No,No,,bf9040e3-3691-4b06-b8b2-4e58d91aead4,Nicole.Hamre_UWA,4/16/2022 3:32:00 AM,Nicole.Hamre_UWA,4/16/2022 3:32:00 AM,121.8662239,-33.92731374
900bd04d-ee24-4343-8031-7aa1ebf9b627,Boat,,Scuba,NA,8:00,9:00,18,2,0,0,"Grouper, boar fish",Necessity,No,No,,a631150f-a0fc-46d9-9894-88317008d1b6,Nicole.Hamre_UWA,4/16/2022 3:42:30 AM,Nicole.Hamre_UWA,4/16/2022 3:42:30 AM,121.9030352,-33.92618656
900bd04d-ee24-4343-8031-7aa1ebf9b627,Boat,,Casting,Bait,11:00,11:30,4,6,12,0,Herring,EndOfDay,No,No,,9d3a1388-5902-484e-9953-435be27ca5f3,Nicole.Hamre_UWA,4/16/2022 3:43:46 AM,Nicole.Hamre_UWA,4/16/2022 3:43:46 AM,121.9023544,-33.86192259
4fa30272-b53b-4180-bfdc-174f98090304,Boat,,Trolling,Lure,8:00,12:00,0,1,0,0,,EndOfDay,No,No,,3ab9b5e1-f596-4020-b229-039e1d4c1112,Nicole.Hamre_UWA,4/16/2022 4:09:10 AM,Nicole.Hamre_UWA,4/16/2022 4:09:10 AM,121.9200385,-33.852891
af6c79b2-b38e-4819-b04a-3c38d4952d30,Boat,,Demersal,Bait,9:00,11:30,30,2,4,0,Morwong ,EndOfDay,No,No,,69278d80-60c3-4a5a-be98-a38324636523,Nicole.Hamre_UWA,4/16/2022 4:48:13 AM,Nicole.Hamre_UWA,4/16/2022 4:48:13 AM,122.0120919,-33.98157811
e856c365-1ac0-4632-ac32-ac1942a2d880,Boat,,Trolling,Lure,11:30,12:30,0,4,0,0,Herring,EndOfDay,No,No,,35d50479-be18-4e2e-9cd4-cc8a53f432b0,Nicole.Hamre_UWA,4/16/2022 5:04:34 AM,Nicole.Hamre_UWA,4/16/2022 5:04:34 AM,121.9009103,-33.86672308
045d536c-c708-4db2-ab29-ef940524bf57,Boat,,Demersal,Bait,7:30,12:00,70,9,5,0,"2 sand bow, 7 nanny",EndOfDay,No,No,,21eddc72-8f8e-4e0b-9586-293d23a261fa,Nicole.Hamre_UWA,4/16/2022 5:25:43 AM,Nicole.Hamre_UWA,4/16/2022 5:25:43 AM,121.8327267,-34.24524961
a21baf3e-4112-4cc7-87ef-4273c97cf1e7,Boat,,Demersal,Bait,9:00,10:30,35,0,3,0,,LowCatch,No,No,,afd0f02c-2491-4f4d-936b-f6e38f62dbfa,Nicole.Hamre_UWA,4/16/2022 5:30:10 AM,Nicole.Hamre_UWA,4/16/2022 5:30:10 AM,121.8218272,-33.90730851
be852477-4363-48dd-80b7-76a0eef0e495,Boat,,Casting,Bait,11:30,13:30,12,0,4,0,,EndOfDay,No,No,,e24853ad-0560-4307-a14b-9b2d206a3f4b,Nicole.Hamre_UWA,4/16/2022 5:40:42 AM,Nicole.Hamre_UWA,4/16/2022 5:40:42 AM,121.9016166,-33.86466865
aa682fcc-3076-4ffb-8be7-7534ce7731a5,Boat,,Demersal,Bait,9:00,12:00,45,7,0,0,"1 nanny, 1 snook, 4 herring, 1 queenie",EndOfDay,No,No,,e1ec7c66-99a0-4958-82d4-331b6dbf0531,Nicole.Hamre_UWA,4/16/2022 5:50:18 AM,Nicole.Hamre_UWA,4/16/2022 5:50:18 AM,121.8023707,-33.92167254
f052074a-fecd-44fc-a9b3-1617f00d241c,Boat,,Trolling,Lure,11:30,14:30,0,1,0,0,Squid,EndOfDay,No,No,,88ba624d-9621-48b0-974b-28b4fc3f15a1,Nicole.Hamre_UWA,4/16/2022 6:46:21 AM,Nicole.Hamre_UWA,4/16/2022 6:46:21 AM,121.9044427,-33.85889606
a8d58630-664b-494c-a53c-7b8b724bb7ea,Boat,,Squidding,Lure,12:30,13:30,23,1,6,0,Breaksea cod,ActivityChange,No,No,,5290f258-02c1-4aec-a649-7d3145f578eb,Nicole.Hamre_UWA,4/16/2022 7:07:33 AM,Nicole.Hamre_UWA,4/16/2022 7:07:33 AM,121.8981212,-33.91700671
a8d58630-664b-494c-a53c-7b8b724bb7ea,Boat,4/15/2022 7:32:21 AM,Demersal,Bait,7:00,13:00,85,33,12,0,"23 Nanny’s, 1 gummy, 1 pink, 4 breaksea, 4 queen,",EndOfDay,No,No,,f13e02a4-be42-4b34-921f-6289408bf774,Nicole.Hamre_UWA,4/16/2022 7:10:09 AM,Nicole.Hamre_UWA,4/16/2022 7:32:24 AM,121.3673185,-34.05094509
ad39df5e-3eda-483b-9f50-769e076d4278,Boat,4/17/2022 12:46:13 AM,Demersal,Bait,8:00,15:00,50,10,2,0,"Nanny, break sea cod, queen snapper, harlequin, swallowtail ",EndOfDay,BadConditions,,,2010ac59-4df7-428e-a7b9-4cf0b06ec7ce,Nicole.Hamre_UWA,4/18/2022 12:48:59 AM,Nicole.Hamre_UWA,4/18/2022 12:48:59 AM,122.0122977,-33.95749248
ad39df5e-3eda-483b-9f50-769e076d4278,Boat,,Trolling,Lure,15:00,16:00,3,1,0,0,"Tuna blue fin, ",EndOfDay,No,,,129421d8-2b71-4360-87d1-e079cf546e7b,Nicole.Hamre_UWA,4/18/2022 12:50:08 AM,Nicole.Hamre_UWA,4/18/2022 12:50:08 AM,122.0103,-33.96841359
77816a8e-32d5-4051-b88f-8ea83a9b0827,Boat,,Casting,Lure,6:30,9:00,12,2,0,0,Squid,ActivityChange,Expectations,,,3eb12390-249d-4155-a205-b1bb11f21156,Nicole.Hamre_UWA,4/18/2022 1:19:56 AM,Nicole.Hamre_UWA,4/18/2022 1:19:56 AM,121.9089561,-33.86095079
6a0ea7b0-1740-45f7-8476-321a15319828,Boat,,Casting,Lure,8:00,9:45,12,3,1,0,herring ,Weather,BadConditions,,,0056334b-af70-4f2d-9fd2-f34f18e5298f,Nicole.Hamre_UWA,4/18/2022 2:11:27 AM,Nicole.Hamre_UWA,4/18/2022 2:11:27 AM,121.9029429,-33.91855494
ea8fb10b-ca3b-41ff-b40b-8a4176f98ef3,Boat,,Demersal,Bait,7:30,10:45,60,5,3,0,"Black ass, fox fish, nanny , flat head ",Weather,BadConditions,,,7097522e-ef80-4a3d-a52e-c0ed00867065,Nicole.Hamre_UWA,4/18/2022 3:22:06 AM,Nicole.Hamre_UWA,4/18/2022 3:22:06 AM,121.7909379,-33.90982997
74b97a2d-c577-4c9e-bcd6-51a65787504c,Boat,,Demersal,Bait,6:00,11:30,80,24,2,0,Red snapper,BagLimit,No,,,6b48d582-4b09-4a8e-b355-3e0ae1cf627d,Nicole.Hamre_UWA,4/18/2022 4:12:11 AM,Nicole.Hamre_UWA,4/18/2022 4:12:11 AM,121.6018919,-34.02459142
043e22af-10e1-466d-8f9f-87d55181a93b,Boat,,Casting,Bait,7:45,12:15,8,2,5,0,"Herring, flat head ",Other,No,,Fisheries brogh5 them in ,16bfe97a-35dd-4b71-926d-c3bbad68e373,Nicole.Hamre_UWA,4/18/2022 4:49:23 AM,Nicole.Hamre_UWA,4/18/2022 4:49:23 AM,121.9405623,-33.8731876
9fb72fa6-1bab-466d-88d9-08f15ae944b7,Boat,,Demersal,Bait,6:15,13:15,30,2,0,0,Midget cod ,EndOfDay,No,,,1af30852-972a-4506-b98a-da7d0a58b1d4,Nicole.Hamre_UWA,4/18/2022 5:39:39 AM,Nicole.Hamre_UWA,4/18/2022 5:39:39 AM,122.0162779,-33.97274698
623e3204-89bc-404a-a8d9-c432906b6418,Boat,,Demersal,Bait,7:00,13:00,30,2,12,0,"Harley, barracuda, ",Weather,No,No,,fe21aa23-330d-4c55-93c2-10f057f86df1,Nicole.Hamre_UWA,4/18/2022 5:52:53 AM,Nicole.Hamre_UWA,4/18/2022 5:52:53 AM,122.0134582,-33.96756313
d664f9e8-83da-4331-b807-23006dcaa809,Boat,,Demersal,Bait,6:00,13:00,50,15,20,0,"Nanny, ",Weather,No,,,9a1ae4cb-4b04-40a8-b7c8-b4f2a3e2ef3d,Nicole.Hamre_UWA,4/18/2022 5:57:27 AM,Nicole.Hamre_UWA,4/18/2022 5:57:27 AM,121.5472933,-33.92682072
75a03b32-df2a-4afe-9275-a1ef7c757e20,Boat,,Casting,Both,7:30,9:00,5,0,0,0,,Weather,No,No,,fdc59df9-6e03-4e08-97b3-b8a1a0484cba,Nicole.Hamre_UWA,4/20/2022 1:15:46 AM,Nicole.Hamre_UWA,4/20/2022 1:15:46 AM,121.9040917,-33.85135902
5ec5b953-f11e-4a38-b87c-781e73fb1e07,Boat,,Casting,Lure,9:00,12:30,12,24,6,0,"24Herring, 1sweep, 3skippy, 1squid",EndOfDay,No,No,,b8c4afcb-a200-499c-ba2f-22d99a44fee0,Nicole.Hamre_UWA,4/20/2022 4:48:20 AM,Nicole.Hamre_UWA,4/20/2022 4:48:20 AM,121.9018077,-33.85699899
ed1c1aa8-ffff-45e0-bd5d-da3d313b93ff,Boat,,Demersal,Bait,5:30,11:00,39,8,7,0,"Swallow tail, breaksea, harlequin, southern blue rock cod",ActivityChange,No,No,,f54f1570-1a7a-4581-ba37-e3799292e14d,Nicole.Hamre_UWA,4/20/2022 5:50:57 AM,Nicole.Hamre_UWA,4/20/2022 5:50:57 AM,122.0026937,-33.97663185
ed1c1aa8-ffff-45e0-bd5d-da3d313b93ff,Boat,,Other,NA,11:30,12:30,2,17,0,0,Abalone,EndOfDay,No,No,,5deb7145-f8b2-4397-a289-912dd9258625,Nicole.Hamre_UWA,4/20/2022 5:52:04 AM,Nicole.Hamre_UWA,4/20/2022 5:52:04 AM,122.0006374,-34.03563933
128459a5-22c9-4f8f-ab70-07c848e61ad6,Boat,,Demersal,Bait,8:00,10:00,40,0,3,0,,Weather,BadConditions,,,ee966d54-46e5-44c9-a745-0414bb0eefd7,Nicole.Hamre_UWA,4/23/2022 3:14:20 AM,Nicole.Hamre_UWA,4/23/2022 3:14:20 AM,121.9232144,-34.08383364
128459a5-22c9-4f8f-ab70-07c848e61ad6,Boat,,Demersal,Bait,10:00,11:15,15,0,0,0,,Weather,No,,,78f3c38c-17ee-4c6b-af5e-cdeb188312fb,Nicole.Hamre_UWA,4/23/2022 3:15:11 AM,Nicole.Hamre_UWA,4/23/2022 3:15:11 AM,122.0287846,-33.94244696
c2516254-3ad8-42c3-a767-d8ad52b1f4c2,Boat,,Demersal,Bait,8:00,11:00,55,16,12,0,"Pink snapp, blackass, harly, nanny ",BagLimit,No,,,305aa0d3-562b-4f68-bbf5-b714e9dc7755,Nicole.Hamre_UWA,4/23/2022 3:27:39 AM,Nicole.Hamre_UWA,4/23/2022 3:27:39 AM,121.9321527,-34.15293521
f4883840-d4df-48bf-aaf8-af8e99101ac2,Boat,,Squidding,Lure,9:00,11:45,14,1,10,0,Squid,EndOfDay,No,,,fc0d8125-0623-4dd7-8bd4-6b68f6f533d4,Nicole.Hamre_UWA,4/23/2022 4:01:37 AM,Nicole.Hamre_UWA,4/23/2022 4:01:37 AM,121.9478381,-33.86351029
6a9677c1-831a-48f8-9ffd-8f1ea1011869,Boat,4/23/2022 5:33:14 AM,Squidding,Lure,6:00,13:00,15,4,0,0,"Squid, cutter fish ",Weather,No,,,4bb9d21c-e251-44ab-bdfa-b17cabdaae80,Nicole.Hamre_UWA,4/23/2022 5:33:58 AM,Nicole.Hamre_UWA,4/23/2022 5:33:58 AM,121.9144104,-33.86432042
e9b5764b-0150-4106-a54e-1af88e101169,Boat,,Casting,Lure,7:00,9:00,6,2,2,0,Squid,ActivityChange,No,No,,227ce2cf-f96a-4e59-9258-e283fa024564,Nicole.Hamre_UWA,4/24/2022 2:26:54 AM,Nicole.Hamre_UWA,4/24/2022 2:26:54 AM,121.9010891,-33.86416876
e9b5764b-0150-4106-a54e-1af88e101169,Boat,,Casting,Lure,9:00,10:15,12,2,0,0,Squid,EndOfDay,No,No,,ccd92547-97cd-4ad9-9f92-0b770ea93c74,Nicole.Hamre_UWA,4/24/2022 2:27:59 AM,Nicole.Hamre_UWA,4/24/2022 2:27:59 AM,121.9204329,-33.87434987
1345a27e-274a-4108-a1a1-c044f702c843,Boat,,Casting,Bait,9:00,9:30,0,7,6,0,"6 herring, 1 skippy",Weather,No,No,,67189167-2522-45ce-90cb-616d5fbcaa76,Nicole.Hamre_UWA,4/24/2022 2:32:52 AM,Nicole.Hamre_UWA,4/24/2022 2:32:52 AM,121.9067428,-33.8805494
9271e86d-8379-4603-bc80-fec576ca47d6,Boat,,Squidding,Lure,8:30,10:30,10,4,2,0,Squid,Weather,No,No,,81f5ae3f-5c21-48bf-9ba6-888f53201d11,Nicole.Hamre_UWA,4/24/2022 2:40:06 AM,Nicole.Hamre_UWA,4/24/2022 2:40:06 AM,121.9003712,-33.86623073
760483b0-4b5c-468c-aa95-0e0054e13304,Boat,,Squidding,Lure,9:45,10:45,5,2,1,0,Squid,EndOfDay,No,No,,9441ea34-b74b-4216-803c-39fde4417313,Nicole.Hamre_UWA,4/24/2022 2:46:02 AM,Nicole.Hamre_UWA,4/24/2022 2:46:02 AM,121.9008392,-33.86825476
8e2a6fcc-ea41-4c4c-a8c1-c4a6a441e9f4,Boat,,Demersal,Bait,8:00,10:00,30,0,4,0,,LowCatch,BadConditions,No,,9b165c09-9f7e-40ea-b17b-6ae8b5d81729,Nicole.Hamre_UWA,4/24/2022 2:49:36 AM,Nicole.Hamre_UWA,4/24/2022 2:49:36 AM,121.9037864,-33.92958305
3c5b8fb3-dd96-4185-bfbe-26bf858c8d7e,Boat,,Demersal,Bait,7:00,9:00,30,5,10,0,"Black arse, skippy, harlequin",Weather,No,No,,255c5154-3ea5-4a94-bd86-be5e7f8973a1,Nicole.Hamre_UWA,4/24/2022 2:59:17 AM,Nicole.Hamre_UWA,4/24/2022 2:59:17 AM,121.9055638,-33.92726954
d096f056-14f8-4ff7-9c91-573ab4fec41e,Boat,,Trolling,Lure,7:00,9:00,0,0,3,0,,Weather,No,No,,55fcaad3-e424-4690-9577-c85e5045c263,Nicole.Hamre_UWA,4/24/2022 3:07:30 AM,Nicole.Hamre_UWA,4/24/2022 3:07:30 AM,121.8888565,-33.93974687
d096f056-14f8-4ff7-9c91-573ab4fec41e,Boat,,Squidding,Lure,9:00,11:00,5,4,0,0,Squid,EndOfDay,No,No,,31dd93bc-23b7-46de-b1a1-1a1e153aa736,Nicole.Hamre_UWA,4/24/2022 3:08:20 AM,Nicole.Hamre_UWA,4/24/2022 3:08:20 AM,121.9009138,-33.865209
10fd9da0-9bb9-4d72-83de-a8baf86b584a,Boat,,Squidding,Lure,11:00,11:45,6,0,0,0,,EndOfDay,No,No,,0df4f224-e38b-405f-8808-c1082de9ce5a,Nicole.Hamre_UWA,4/24/2022 3:48:03 AM,Nicole.Hamre_UWA,4/24/2022 3:48:03 AM,121.9030057,-33.86555197
c8e4bedc-bbe8-45a9-b6a6-d7d26f561b24,Boat,4/24/2022 4:40:12 AM,Squidding,Lure,6:00,7:00,5,4,3,0,Squid,EndOfDay,BeachLitter,No,Arrived on 23 stayed on mooring,757a17e4-6e20-44cd-a7b7-078e1140c413,Nicole.Hamre_UWA,4/25/2022 4:41:53 AM,Nicole.Hamre_UWA,4/25/2022 5:05:30 AM,122.1095145,-33.98915348
c8e4bedc-bbe8-45a9-b6a6-d7d26f561b24,Boat,4/24/2022 5:02:49 AM,Squidding,Lure,10:30,11:30,8,6,2,0,Squid,ActivityChange,No,No,,7fcc183b-428b-403f-b34f-caaf65bc427e,Nicole.Hamre_UWA,4/25/2022 5:03:32 AM,Nicole.Hamre_UWA,4/25/2022 5:03:32 AM,122.1080637,-34.00191437
c8e4bedc-bbe8-45a9-b6a6-d7d26f561b24,Boat,4/24/2022 5:05:47 AM,Squidding,Lure,12:00,13:00,6,3,0,0,Squid,EndOfDay,No,No,,0b6753c4-6574-41fd-abab-4bf0a7c392dc,Nicole.Hamre_UWA,4/25/2022 5:06:21 AM,Nicole.Hamre_UWA,4/25/2022 5:06:21 AM,122.2444986,-33.99876097
0a75c3ab-08d8-493e-9777-2a75718f2d3a,Boat,,Trolling,Lure,9:00,9:30,0,0,0,0,,LowCatch,No,No,,159f141d-df4d-4aa6-83ab-a44a93bd839a,Nicole.Hamre_UWA,4/25/2022 5:53:51 AM,Nicole.Hamre_UWA,4/25/2022 5:53:51 AM,121.9984079,-33.91305855
0a75c3ab-08d8-493e-9777-2a75718f2d3a,Boat,,Squidding,Lure,10:00,12:30,16,2,12,0,"Harlequin, herring",EndOfDay,No,No,,2f15b46d-18a3-4f46-b64a-fad3aabccbb9,Nicole.Hamre_UWA,4/25/2022 5:55:39 AM,Nicole.Hamre_UWA,4/25/2022 5:55:39 AM,122.0005156,-34.03561752
85703500-8453-46c4-99a4-1ae3decc4a3f,Boat,,Spearing,NA,8:45,12:30,14,10,0,0,"Queenie, hardline, snook, sweep, boar fish ",EndOfDay,No,No,,1b37b087-2de7-4ea4-8bef-37bb501f2851,Nicole.Hamre_UWA,4/25/2022 6:30:00 AM,Nicole.Hamre_UWA,4/25/2022 6:30:00 AM,122.0874713,-34.01587573
ca5f587e-76e4-498e-ab83-0a6c1cdc6ee5,Boat,,Demersal,Bait,8:30,13:00,70,12,6,0,"Nanny, black arse, swallowtail, queenie, king fish",EndOfDay,No,No,,de0003bb-6bf2-49fc-9af2-ccbff213b9eb,Nicole.Hamre_UWA,4/25/2022 6:46:35 AM,Nicole.Hamre_UWA,4/25/2022 6:46:35 AM,121.7743828,-34.13094606
264dca1b-824f-4bfb-93ed-471b58aca0be,Boat,,Demersal,Bait,8:30,13:00,46,1,15,0,Queen snapper,EndOfDay,No,No,Mako shark tried to catch queen snapper they kept,fcaed76d-7c15-4129-bc29-af43972277a5,Nicole.Hamre_UWA,4/25/2022 6:54:49 AM,Nicole.Hamre_UWA,4/25/2022 6:56:49 AM,121.9945736,-34.02140814
dca1e2b4-0f7f-4e3d-b856-72e69f063c23,Boat,,Demersal,Bait,6:30,9:45,46,1,5,0,Breaksea1,EndOfDay,No,No,,bc43acfb-7bfc-45d7-80c5-ad4c5cdae363,Nicole.Hamre_UWA,4/21/2022 1:33:14 AM,Nicole.Hamre_UWA,4/21/2022 1:34:09 AM,121.8886845,-33.92903543
855f0abc-69d4-4cdc-95b9-62c61f3d9944,Boat,,Trolling,Bait,8:00,10:30,0,1,0,0,Yellow fin tuna,ActivityChange,No,No,,b846e57e-274c-4724-89e6-a96c34ef4c77,Nicole.Hamre_UWA,4/23/2022 3:06:20 AM,Nicole.Hamre_UWA,4/23/2022 3:06:20 AM,121.9052828,-33.92482248
855f0abc-69d4-4cdc-95b9-62c61f3d9944,Boat,,Casting,Lure,10:30,11:00,0,1,1,0,Squid,EndOfDay,No,No,,c1433c2a-4761-4442-8101-27c4187388e8,Nicole.Hamre_UWA,4/23/2022 3:07:13 AM,Nicole.Hamre_UWA,4/23/2022 3:07:13 AM,121.9017037,-33.86608591
ed839688-edf8-4880-98a4-7b4c8d355496,Boat,,Demersal,Bait,8:00,10:00,55,5,3,0,"2harelquin, 1 black arse, 1 queenie, western blue devil",EndOfDay,No,No,,1c6ed508-4353-4deb-8b88-799aa1c3fe07,Nicole.Hamre_UWA,4/23/2022 3:12:08 AM,Nicole.Hamre_UWA,4/23/2022 3:12:08 AM,121.9538543,-34.04092822
ef798543-ba4c-4748-aed6-838b31d9034b,Boat,,Demersal,Lure,9:30,10:00,18,0,20,0,,ActivityChange,No,No,,f59bdeb2-15be-45a4-a4d0-9317be7acb0a,Nicole.Hamre_UWA,4/23/2022 3:23:45 AM,Nicole.Hamre_UWA,4/23/2022 3:23:45 AM,121.8893258,-33.90899669
6cda72e2-3fe1-43ae-b55f-1b3f2e875187,Boat,,Trolling,Lure,7:30,10:30,3,12,24,0,"Herring, ",ActivityChange,No,,,ea8daff7-c0eb-4408-9a58-29f8a0102ba8,Nicole.Hamre_UWA,4/24/2022 2:41:32 AM,Nicole.Hamre_UWA,4/24/2022 2:41:32 AM,122.0220035,-33.87920863
40378532-8984-4589-be89-8707e6ee6f10,Boat,,Demersal,Bait,7:00,9:00,30,2,1,0,"Sandbo, black ass",Explore,No,,,46e01f20-54fd-420c-9b71-f5ba6510454f,Nicole.Hamre_UWA,4/24/2022 4:10:20 AM,Nicole.Hamre_UWA,4/24/2022 4:10:20 AM,122.1758303,-34.02790819
40378532-8984-4589-be89-8707e6ee6f10,Boat,,Trolling,Lure,9:00,10:45,3,0,0,0,,EndOfDay,No,,,74628c9d-c06d-4895-954c-3ef6e69ff60c,Nicole.Hamre_UWA,4/24/2022 4:11:11 AM,Nicole.Hamre_UWA,4/24/2022 4:11:11 AM,122.0348773,-33.94080003
3f124f53-c96d-46bc-b609-fbc432239587,Boat,,Casting,Bait,9:00,12:00,18,4,0,0,"Green cod, red wrass ",ActivityChange,No,,,fe241e2a-7fbe-4096-acef-e1e5f8b6b2c3,Nicole.Hamre_UWA,4/24/2022 4:29:35 AM,Nicole.Hamre_UWA,4/24/2022 4:29:35 AM,121.9613311,-33.85452331
893c4caa-555a-48af-a8f2-748ceb77b8f8,Boat,,Demersal,Bait,7:00,11:15,55,5,0,0,"Black ass, bronzie shark",Weather,No,,,87b723bf-d0e8-42ae-b138-5bda06abdb54,Nicole.Hamre_UWA,4/24/2022 4:47:35 AM,Nicole.Hamre_UWA,4/24/2022 4:47:35 AM,121.6722746,-33.87603385
1c7ae422-e9ed-4be2-8497-738fc10d348a,Boat,,Demersal,Bait,7:00,10:00,80,11,10,0,"Nanny, black ass ",EndOfDay,No,,,709ffb7b-1fdf-4665-a26d-bb42ea6df130,Nicole.Hamre_UWA,4/24/2022 4:57:59 AM,Nicole.Hamre_UWA,4/24/2022 4:57:59 AM,121.7770769,-34.13129894
d1add4ed-41f0-4cb1-bda5-08e60773486d,Boat,,Demersal,Bait,9:00,12:00,61,21,15,0,"Nanny, black ass, pink snapper ",Weather,No,,,5c3fead6-0b76-44fc-b227-b22293220dde,Nicole.Hamre_UWA,4/24/2022 5:12:00 AM,Nicole.Hamre_UWA,4/24/2022 5:12:00 AM,121.8269428,-33.91741052